subject_id,condition,movie_id,target_type,accuracy,rt,log_rt,confidence,condition_enc,target_type_enc,rt_zscore,rt_norm,confidence_norm
sub41,AB,21.0,BB,0,14.088629300007597,2.645368039418837,2,0,0,2.470367035056317,0.4666420783136348,0.25
sub41,AB,6.0,BB,1,20.329052700006287,3.012051030391624,2,0,0,4.290587345798109,0.6774600260803546,0.25
sub41,AB,13.0,BB,0,12.19232839999313,2.500806934276506,3,0,0,1.9172498517759333,0.40258003661157377,0.5
sub41,AB,14.0,BB,1,20.126628799989703,3.0020437541906135,4,0,0,4.231543901055268,0.6706216132924593,0.75
sub41,AB,27.0,BB,1,9.658514099995955,2.267839816516741,3,0,0,1.1781813692585736,0.3169811122264937,0.5
sub41,AB,29.0,BB,1,5.7987981000042055,1.7576506719412794,5,0,0,0.05237098644359974,0.18658973428236192,1.0
sub41,AB,12.0,EM,1,6.057274000006146,1.8012598638926314,5,0,1,0.1277638008191267,0.19532173134294217,1.0
sub41,AB,9.0,EM,0,16.2946840999939,2.7908389257864132,2,0,1,3.113833911605965,0.5411684230475725,0.25
sub41,AB,15.0,BB,1,11.82102259999374,2.469879522617672,3,0,0,1.80894656603169,0.39003634818976446,0.5
sub41,AB,8.0,BB,1,7.007443299997249,1.9469729126929616,5,0,0,0.40491125502671765,0.22742095426667952,1.0
sub41,AB,4.0,EM,0,19.571301699994365,2.9740642942697604,5,0,1,4.0695648810873175,0.6518612004076083,1.0
sub41,AB,11.0,EM,1,5.293184099995415,1.6664199740573782,4,0,1,-0.09510760807157283,0.16950876092340716,0.75
sub41,AB,23.0,EM,1,16.482245199993486,2.802283753065473,1,0,1,3.1685421424167766,0.5475047312831306,0.0
sub41,AB,17.0,BB,1,8.295120900002075,2.115667498581651,3,0,0,0.7805038664537759,0.27092209699655423,0.5
sub41,AB,5.0,EM,1,13.13029529999767,2.5749221785414376,2,0,1,2.1908380833360126,0.43426703030692315,0.25
sub41,AB,30.0,EM,1,5.699335500001325,1.740349589097515,5,0,1,0.023359518297950018,0.18322962554163869,1.0
sub41,AB,28.0,EM,1,7.41207679999934,2.0031106699451664,5,0,1,0.5229356370118408,0.24109054022267795,1.0
sub41,AB,39.0,BB,0,8.101286999997683,2.0920229379454933,5,0,0,0.7239659716535028,0.2643738770461973,1.0
sub41,AB,34.0,BB,1,8.28882970000268,2.1149087890976537,5,0,0,0.7786688355137533,0.2707095636814489,1.0
sub41,AB,33.0,BB,1,9.203186099999584,2.219549739319067,5,0,0,1.045370304925502,0.30159893246606595,1.0
sub41,AB,40.0,EM,1,13.148974299998372,2.5763437555814916,3,0,1,2.1962864148042955,0.434898056151497,0.5
sub41,AB,37.0,BB,1,6.7182288999902084,1.9048245632488512,4,0,0,0.3205525679139288,0.21765052967111764,0.75
sub41,AB,36.0,BB,1,12.659966899998835,2.538444802178555,4,0,0,2.053651669606978,0.41837809750403354,0.75
sub41,AB,35.0,EM,1,10.86003910000727,2.385089914868302,2,0,1,1.528644802378366,0.3575717930916489,0.25
sub41,AB,10.0,BB,1,10.686907799987239,2.369019422200149,3,0,0,1.4781454871040758,0.3517229615260832,0.5
sub41,AB,7.0,EM,1,7.818825800000923,2.056534389830494,3,0,1,0.6415770726517604,0.2548315933436116,0.5
sub41,AB,22.0,EM,1,9.162229199995636,2.215089511523141,5,0,1,1.033423906985224,0.3002153004506932,1.0
sub41,AB,1.0,EM,1,7.020538100012345,1.948839867523484,5,0,1,0.40873077486131504,0.22786333111976276,1.0
sub41,AB,16.0,EM,1,3.619524299996556,1.286342608362051,5,0,1,-0.5832843496097523,0.11296812230335901,1.0
sub41,AB,18.0,EM,1,17.377556699997513,2.855179528826917,2,0,1,3.4296885538523165,0.5777507131571862,0.25
sub41,AB,19.0,BB,0,13.487014800004545,2.601727355887462,2,0,0,2.2948868052785505,0.4463179550758796,0.25
sub41,AB,2.0,BB,1,12.06980029999977,2.490706489819276,1,0,0,1.8815105882758698,0.3984407144969299,0.0
sub41,AB,3.0,BB,1,5.7932051999960095,1.7566857135475602,5,0,0,0.05073963716834568,0.1864007913811811,1.0
sub41,AB,24.0,BB,1,7.9116722000035224,2.06833916272446,5,0,0,0.6686587131481447,0.25796818941273086,1.0
sub41,AB,32.0,EM,1,3.563731500005815,1.2708081700719063,5,0,1,-0.5995581152225666,0.11108329448955882,1.0
sub41,AB,20.0,EM,1,6.276528599992162,1.8368170569441737,3,0,1,0.1917164608450789,0.20272872952955157,0.5
sub41,AB,38.0,EM,1,11.427490900008706,2.4360219348995518,2,0,1,1.6941603812940242,0.37674181029478593,0.25
sub41,AB,25.0,BB,1,6.697910700007924,1.9017956419463082,3,0,0,0.31462611101911686,0.21696412733140136,0.5
sub41,AB,31.0,EM,1,3.140473199993721,1.144373489200905,5,0,1,-0.7230150195044488,0.096784513707505,1.0
sub41,AB,26.0,EM,1,3.0748081000056118,1.1232424928088744,5,0,1,-0.7421683591168335,0.09456617358343705,1.0
sub43,NB,25.0,BB,1,10.495514399983222,2.350947965885963,4,1,0,1.422319442667842,0.34525718809716005,0.75
sub43,NB,16.0,EM,1,8.569984300003853,2.1482659006364644,5,1,1,0.8606766225784461,0.280207706992916,1.0
sub43,NB,27.0,BB,1,10.5007899000193,2.351450482907217,4,1,0,1.4238582120268233,0.34543540839084225,0.75
sub43,NB,17.0,BB,1,3.3757026999955997,1.216603510058443,5,1,0,-0.6544027657927624,0.1047311861151173,1.0
sub43,NB,26.0,EM,1,5.574819600005867,1.7182599580792848,5,1,1,-0.012959551043094143,0.17902315030449784,1.0
sub43,NB,37.0,BB,1,6.356433500011917,1.8494674496231054,4,1,0,0.2150232963946959,0.2054281276246669,0.75
sub43,NB,23.0,EM,1,3.4455237000074703,1.237075910330859,5,1,1,-0.6340372241953867,0.10708992349398261,1.0
sub43,NB,21.0,BB,1,4.089582900021924,1.408442984419615,5,1,0,-0.4461766317255449,0.1288479405521442,1.0
sub43,NB,35.0,EM,1,4.800582800002303,1.5687373272105847,5,1,1,-0.23879062985907856,0.15286739086319812,1.0
sub43,NB,24.0,BB,1,2.785083999973722,1.024278034494853,5,1,0,-0.8266757166447768,0.08477852997782918,1.0
sub43,NB,20.0,EM,1,2.138208099990152,0.7599681418185745,5,1,1,-1.0153578903062173,0.06292535737189435,1.0
sub43,NB,32.0,EM,1,3.174828000017442,1.15525345765438,5,1,1,-0.7129943364888282,0.09794510938710879,1.0
sub43,NB,2.0,BB,1,2.9257180000131484,1.073539920650932,5,1,0,-0.7856552847214109,0.08952951711029569,1.0
sub43,NB,1.0,EM,1,12.073028800019529,2.490973939837302,2,1,1,1.882452284204578,0.3985497817356257,0.25
sub43,NB,3.0,BB,1,4.106088700005785,1.412470920897698,5,1,0,-0.44136218397899113,0.12940554997314058,1.0
sub43,NB,8.0,BB,1,8.52474059999804,2.142972594553912,3,1,0,0.8474798414620068,0.2786792555765264,0.5
sub43,NB,31.0,EM,1,2.2901136000000406,0.8286014233226797,5,1,1,-0.9710497626827863,0.06805712547701505,1.0
sub43,NB,7.0,EM,0,6.731521000008797,1.9068011210948872,3,1,1,0.324429636643953,0.21809957183826117,0.5
sub43,NB,38.0,EM,1,3.6850228999974206,1.304276740003923,5,1,1,-0.5641795750768654,0.11518083761908238,1.0
sub43,NB,6.0,BB,1,5.570892999996431,1.7175553642479522,4,1,0,-0.014104870299690648,0.17889049940845608,0.75
sub43,NB,36.0,BB,1,3.589240500004962,1.2779406202310406,5,1,0,-0.5921175944551506,0.11194505573309922,1.0
sub43,NB,5.0,EM,0,6.980738499987638,1.943154713468106,3,1,1,0.3971219407036219,0.22651879574750788,0.5
sub43,NB,13.0,BB,1,6.840731700009201,1.9228946995987382,3,1,0,0.356284451862277,0.22178899708595462,0.5
sub43,NB,28.0,EM,1,2.3025180000113323,0.8340033067112659,5,1,1,-0.9674316202274005,0.06847617879856668,1.0
sub43,NB,33.0,BB,1,6.28611399998772,1.838343073748269,4,1,0,0.19451235122625118,0.20305254960169394,0.75
sub43,NB,19.0,BB,1,6.588350300007733,1.8853029833376935,2,1,0,0.28266929454198725,0.2132628882961548,0.25
sub43,NB,39.0,BB,1,3.8195377999800257,1.3401294205283993,5,1,0,-0.5249439756068375,0.11972510542603669,1.0
sub43,NB,29.0,BB,1,5.661192600004142,1.7336345767340624,3,1,0,0.012233914018362142,0.18194105786219578,0.5
sub43,NB,9.0,EM,1,6.719844599982025,1.9050650292649964,3,1,1,0.32102383881217755,0.21770511227467648,0.5
sub43,NB,10.0,BB,1,3.9109724999871105,1.3637860642956035,5,1,0,-0.49827410284475643,0.122814010549071,1.0
sub43,NB,30.0,EM,1,6.063834800006589,1.8023424052260035,4,1,1,0.12967746927558493,0.19554337245655662,0.75
sub43,NB,4.0,EM,0,8.914504700020188,2.1876796917257297,2,1,1,0.9611670844235115,0.29184651401604655,0.25
sub43,NB,12.0,EM,1,2.710164399992209,0.9970092972553782,5,1,1,-0.8485284290038498,0.08224754845570852,1.0
sub43,NB,14.0,BB,1,2.0441596999880858,0.7149868003990129,5,1,0,-1.0427901327845985,0.05974815457517653,1.0
sub43,NB,22.0,EM,1,2.4462166000157595,0.8945425860900266,5,1,1,-0.9255172991008446,0.07333069619395535,1.0
sub43,NB,40.0,EM,1,7.84703730000183,2.060136046543218,5,1,1,0.6498058645151705,0.2557846521590781,1.0
sub43,NB,11.0,EM,1,2.3672163000155706,0.861714707858954,5,1,1,-0.9485602789433771,0.0706618578713828,1.0
sub43,NB,15.0,BB,1,7.6763268999930006,2.038141164522773,5,1,0,0.6000126826373203,0.2500176049756602,1.0
sub43,NB,18.0,EM,1,2.5713352999882773,0.9444253359562172,4,1,1,-0.8890224037474886,0.07755753560287297,0.75
sub43,NB,34.0,BB,1,5.856780900008744,1.7676001181799639,4,1,0,0.06928353603790478,0.18854854606790955,0.75
sub100,AB,18.0,EM,1,9.144429299980402,2.213144874207203,5,0,1,1.0282319933184512,0.2996139729203104,1.0
sub100,AB,16.0,EM,1,12.07062000001315,2.4907744008169725,4,0,1,1.881749680163941,0.39846840612352774,0.75
sub100,AB,13.0,BB,1,10.966405600018334,2.394836563350409,4,0,0,1.5596700151392013,0.36116513376841547,0.75
sub100,AB,11.0,EM,1,6.59967789996881,1.8870208448064443,5,0,1,0.28597335360969667,0.21364556447433164,1.0
sub100,AB,19.0,BB,1,11.811698400008027,2.469090430200465,2,0,0,1.8062268630391949,0.3897213521422919,0.25
sub100,AB,2.0,BB,1,10.491992899973411,2.3506123852958023,5,0,0,1.4212922838628583,0.3451382225466609,1.0
sub100,AB,12.0,EM,1,13.836442600004375,2.627305879577767,4,0,1,2.396808668256252,0.4581225470028664,0.75
sub100,AB,24.0,BB,1,6.693925500032492,1.9012004733624723,5,0,0,0.3134636991966033,0.21682949677408042,1.0
sub100,AB,17.0,BB,1,9.698172200005502,2.2719374347644874,5,0,0,1.1897489303831636,0.3183208673553431,1.0
sub100,AB,22.0,EM,1,8.020371999999043,2.081984804842498,5,0,1,0.7003645079385202,0.26164035511189054,1.0
sub100,AB,38.0,EM,1,13.894749199971557,2.6315110133713726,2,0,1,2.413815664530028,0.4600922976044584,0.25
sub100,AB,21.0,BB,1,6.680528299999423,1.8991970712476172,5,0,0,0.3095559746650807,0.2163769040514789,1.0
sub100,AB,20.0,EM,1,4.371796999999788,1.475174137397277,5,0,1,-0.3638598073963607,0.1383818765649118,1.0
sub100,AB,36.0,BB,1,22.21400460001314,3.1007229278221167,1,0,0,4.840394227998527,0.7411386686542715,0.0
sub100,AB,5.0,EM,1,3.63854050001828,1.29158263970864,5,0,1,-0.5777376629037384,0.11361053965326225,1.0
sub100,AB,39.0,BB,1,19.443362599995453,2.96750575732494,3,0,0,4.032247325301585,0.6475390804532319,0.5
sub100,AB,4.0,EM,1,14.92869549995521,2.7032852333168007,4,0,1,2.715399376854254,0.495021728364492,0.75
sub100,AB,9.0,EM,1,4.8869590000249445,1.5865702286528545,5,0,1,-0.21359623140753425,0.15578540652615214,1.0
sub100,AB,25.0,BB,1,11.626729000010528,2.453306671597735,5,0,0,1.7522745849387633,0.38347259836268105,1.0
sub100,AB,29.0,BB,1,8.928392800036818,2.1892364010910357,4,0,0,0.965217995733133,0.2923156906337558,0.75
sub100,AB,40.0,EM,1,8.40760150004644,2.1291362371192055,5,0,1,0.8133124532501812,0.2747219880848619,1.0
sub100,AB,1.0,EM,1,7.668540799990296,2.0371263495601233,5,0,1,0.5977416160032212,0.24975456999895063,1.0
sub100,AB,14.0,BB,1,4.9693965000333264,1.6032984041707692,5,0,0,-0.18955068156838956,0.15857036252301443,1.0
sub100,AB,6.0,BB,1,7.180742800002918,1.9714028317485364,2,0,0,0.4554596312397454,0.23327546807101557,0.25
sub100,AB,10.0,BB,1,16.577735300001223,2.8080605480977923,1,0,0,3.1963949030978682,0.5507306385053351,0.0
sub100,AB,15.0,BB,1,14.669664199987892,2.685781701639864,3,0,0,2.639844562205225,0.4862709684294421,0.5
sub100,AB,34.0,BB,1,5.095118800003547,1.6282829833809767,4,0,0,-0.15287972685095547,0.16281759313051447,0.75
sub100,AB,26.0,EM,1,6.032769899989944,1.7972062585008588,4,0,1,0.12061639147091673,0.19449391826902684,0.75
sub100,AB,3.0,BB,1,3.6707731999922544,1.3004023210731117,5,0,0,-0.5683359586599708,0.11469944520084017,1.0
sub100,AB,8.0,BB,1,4.15947720000986,1.4253893933010966,5,0,0,-0.4257897098312471,0.13120915419736762,1.0
sub100,AB,37.0,BB,1,3.8542382000014186,1.3491733739985672,5,0,0,-0.5148224872299723,0.12089737638431745,1.0
sub100,AB,31.0,EM,1,6.392575500009116,1.8551372388305671,4,0,1,0.2255652737973421,0.20664909962916195,0.75
sub100,AB,30.0,EM,1,13.859270200016908,2.6289543372539925,4,0,1,2.403467072426122,0.45889372348859697,0.75
sub100,AB,7.0,EM,0,12.344463500019629,2.513207662964129,4,0,1,1.9616249496330795,0.40771956121031777,0.75
sub100,AB,27.0,BB,1,13.002132900001016,2.5651134132344997,4,0,0,2.1534553949198108,0.42993736669016314,0.75
sub100,AB,32.0,EM,1,3.938175199960824,1.3707174688059773,5,0,1,-0.4903395599739667,0.12373298944113999,1.0
sub100,AB,23.0,EM,1,19.421321999980137,2.966371534695577,2,0,1,4.025818475007737,0.6467944909013792,0.25
sub100,AB,35.0,EM,1,8.551258599967696,2.1460784767897083,5,0,1,0.8552146695419458,0.2795751034980764,1.0
sub100,AB,28.0,EM,1,5.6611826999578625,1.7336328279762236,5,0,1,0.012231026351266426,0.18194072341254303,1.0
sub100,AB,33.0,BB,1,3.911275599966757,1.3638635611931513,5,0,0,-0.4981856939814831,0.12282425006513929,1.0
sub101,AB,23.0,EM,1,11.561114899988752,2.4476473032294517,3,0,1,1.7331361211078147,0.3812559811518754,0.5
sub101,AB,2.0,BB,0,8.696675899962429,2.1629408721851107,5,0,0,0.8976303048310034,0.28448768310840755,1.0
sub101,AB,31.0,EM,1,7.486053800035734,2.0130417962097833,4,0,1,0.5445134097626476,0.2435896782346299,0.75
sub101,AB,11.0,EM,1,5.233562699984759,1.6550922507482984,5,0,1,-0.1124981080902541,0.1674945929114694,1.0
sub101,AB,36.0,BB,1,6.104383300000336,1.809007086899292,5,0,0,0.14150474420996637,0.19691320764333298,1.0
sub101,AB,34.0,BB,0,8.12346960004652,2.094757353557058,3,0,0,0.7304362408268993,0.2651232637333933,0.5
sub101,AB,6.0,BB,1,5.8367261000094,1.7641700403321303,5,0,0,0.063433908224722,0.187871042073752,1.0
sub101,AB,8.0,BB,1,3.0640851000207476,1.1197490256508575,5,0,0,-0.7452960671445513,0.09420392238575195,1.0
sub101,AB,22.0,EM,1,3.922192800033372,1.3666508851669739,5,0,1,-0.4950013412502745,0.12319306185335914,1.0
sub101,AB,24.0,BB,1,2.9339483000221662,1.0763490585778652,5,0,0,-0.7832546528604516,0.08980755833381363,1.0
sub101,AB,35.0,EM,1,5.068874999997206,1.6231188994894132,5,0,1,-0.1605345756874299,0.1619310084063212,1.0
sub101,AB,30.0,EM,1,4.966300899977796,1.6026752772716566,5,0,1,-0.19045361294561172,0.15846578499533998,1.0
sub101,AB,13.0,BB,0,14.772497199999634,2.692767154696272,3,0,0,2.6698391159779584,0.4897449381644404,0.5
sub101,AB,29.0,BB,1,4.443211600009818,1.4913774483002045,5,0,0,-0.3430294410750972,0.14079444995131035,1.0
sub101,AB,9.0,EM,1,10.955648200004362,2.393855140626466,2,0,1,1.55653227323595,0.3608017204470931,0.25
sub101,AB,16.0,EM,1,6.184801700001117,1.8220949438916876,5,0,1,0.16496135855424462,0.19962995312102783,1.0
sub101,AB,4.0,EM,1,8.630303899990395,2.1552797188426944,5,0,1,0.8782707750892113,0.2822454620399974,1.0
sub101,AB,33.0,BB,1,3.889015599968843,1.358156066471516,5,0,0,-0.5046785393408739,0.12207224860369224,1.0
sub101,AB,32.0,EM,1,2.9168965000426397,1.0705202086114747,5,0,1,-0.7882283590768354,0.08923150359409626,1.0
sub101,AB,18.0,EM,1,4.0431121999863535,1.3970147419397405,5,0,1,-0.459731306887354,0.12727803784125064,1.0
sub101,AB,15.0,BB,1,4.1239318999578245,1.4168070529140604,5,0,0,-0.43615764049219236,0.13000834028949654,1.0
sub101,AB,28.0,EM,1,3.5684015000006184,1.2721177364140386,5,0,1,-0.5981959594365175,0.11124105939617962,1.0
sub101,AB,5.0,EM,1,5.573224599997047,1.717973809228224,3,0,1,-0.013424784125145502,0.1789692670009151,0.5
sub101,AB,27.0,BB,1,9.091807399992831,2.2073737223071506,4,0,0,1.0128831227358526,0.29783626646485295,0.75
sub101,AB,26.0,EM,1,1.7564470000215806,0.5632930186400349,5,0,1,-1.1267108007536184,0.050028461364396426,1.0
sub101,AB,17.0,BB,1,6.514535500027705,1.8740359110324016,2,0,0,0.26113883265745913,0.21076922982955082,0.25
sub101,AB,7.0,EM,1,5.251256700023077,1.658467419391729,5,0,1,-0.10733708355976793,0.16809234286155506,1.0
sub101,AB,14.0,BB,1,4.914896800008137,1.5922707564322285,5,0,0,-0.20544727296236548,0.15672921903374176,1.0
sub101,AB,25.0,BB,0,4.3421449000015855,1.4683684426177441,4,0,0,-0.37250879660963837,0.1373801504851404,0.75
sub101,AB,39.0,BB,0,7.6772788999951445,2.0382651744805336,4,0,0,0.6002903640747255,0.2500497660445271,0.75
sub101,AB,1.0,EM,1,5.650516599998809,1.731746974606658,5,0,1,0.009119915047204155,0.18158039444767776,1.0
sub101,AB,38.0,EM,1,4.548818200011738,1.514867462964398,2,0,1,-0.31222587760664416,0.14436211920321246,0.25
sub101,AB,3.0,BB,1,5.306245499989018,1.668884523018554,5,0,0,-0.0912978304281065,0.16995000943574562,1.0
sub101,AB,10.0,BB,0,9.887970700045116,2.291318937527805,1,0,0,1.24510977091852,0.3247327608604475,0.0
sub101,AB,37.0,BB,1,2.9528677000198513,1.082776799868497,5,0,0,-0.7777362009966178,0.09044670552380886,1.0
sub101,AB,20.0,EM,1,2.509665799967479,0.9201495968554723,5,0,1,-0.907010298045041,0.07547417737525862,1.0
sub101,AB,12.0,EM,1,7.315223499957938,1.9899575876564537,5,0,1,0.4946852551711203,0.2378185805109111,1.0
sub101,AB,40.0,EM,1,4.357731900003273,1.4719517155853714,4,0,1,-0.3679623464462392,0.1379067204214361,0.75
sub101,AB,21.0,BB,0,11.458000599988736,2.4386882283505615,3,0,0,1.7030595171408482,0.3777725083619667,0.5
sub101,AB,19.0,BB,1,4.440146799955983,1.4906874389507119,3,0,0,-0.3439233886406348,0.1406909129288601,0.5
sub102,AB,6.0,BB,1,8.737783499993384,2.1676565533847314,5,0,0,0.9096206592839096,0.28587640616783055,1.0
sub102,AB,19.0,BB,1,5.130022299999837,1.6351100061517558,3,0,0,-0.14269899783035156,0.1639967253411742,0.5
sub102,AB,11.0,EM,1,3.5003585000522435,1.2528653918362738,5,0,1,-0.6180428900966808,0.10894238754500195,1.0
sub102,AB,28.0,EM,1,3.04651430004742,1.1139980846220063,5,0,1,-0.7504211564113211,0.09361033445852938,1.0
sub102,AB,26.0,EM,1,6.718730400025379,1.9048992081181562,4,0,1,0.3206988465382053,0.21766747166390282,0.75
sub102,AB,10.0,BB,1,4.290130300039891,1.456317105448348,5,0,0,-0.3876805285958695,0.13562296022496773,1.0
sub102,AB,40.0,EM,1,4.964777400018647,1.6023684626589674,3,0,1,-0.19089799073719826,0.15841431715185833,0.5
sub102,AB,21.0,BB,1,3.204550099966582,1.164571706093818,3,0,0,-0.7043249295371565,0.09894920024969295,0.5
sub102,AB,34.0,BB,1,4.909451299987268,1.5911621840316736,5,0,0,-0.2070356282877642,0.15654525569257433,1.0
sub102,AB,15.0,BB,0,5.496868300018832,1.7041785300721086,2,0,0,-0.03569655627340544,0.17638974996678713,0.25
sub102,AB,8.0,BB,1,2.8489565000054426,1.0469527868858481,4,0,0,-0.808045246498213,0.08693631135135264,0.75
sub102,AB,24.0,BB,1,2.469453900004737,0.9039970330797088,5,0,0,-0.9187393927480888,0.07411571342456776,1.0
sub102,AB,4.0,EM,1,3.9823646000004373,1.3818757634796988,5,0,1,-0.4774502993716148,0.12522582382628694,1.0
sub102,AB,25.0,BB,1,9.341669999994338,2.234485037113708,4,0,0,1.0857635909774128,0.3062772835528899,0.75
sub102,AB,32.0,EM,1,3.890315999975428,1.3584903882579034,5,0,1,-0.5042992358301417,0.12211617954284361,1.0
sub102,AB,2.0,BB,1,4.393473099975381,1.48012005324818,5,0,0,-0.3575372752692533,0.13911415234485996,1.0
sub102,AB,7.0,EM,0,2.166812400042545,0.7732571475296223,5,0,1,-1.0070145256668999,0.06389168600824141,1.0
sub102,AB,35.0,EM,1,5.0120661000255495,1.611848225299919,2,0,1,-0.17710471955929116,0.16001185405744928,0.25
sub102,AB,13.0,BB,0,5.346802000014577,1.6764986251733471,3,0,0,-0.0794682220269941,0.17132011488467896,0.5
sub102,AB,12.0,EM,1,3.0409119999967515,1.11215747042606,4,0,1,-0.7520552475114696,0.09342107399914203,0.75
sub102,AB,5.0,EM,1,4.933278299984522,1.5960037366311948,3,0,1,-0.2000857169501687,0.15735019454349586,0.5
sub102,AB,39.0,BB,0,4.054004400037229,1.3997051333862072,4,0,0,-0.4565542462152735,0.1276460050630565,0.75
sub102,AB,38.0,EM,1,6.872414199984632,1.9275154564372625,4,0,1,0.36552567257021307,0.22285931542764614,0.75
sub102,AB,17.0,BB,0,6.126756499987096,1.8126654908266517,2,0,0,0.14803060798904846,0.19766903329871782,0.25
sub102,AB,27.0,BB,1,5.3372441999963485,1.6747094523470685,5,0,0,-0.08225606198656986,0.17099722721250465,1.0
sub102,AB,23.0,EM,1,3.7183233000105247,1.3132728408740253,3,0,1,-0.554466441756506,0.11630581288767951,0.5
sub102,AB,20.0,EM,1,7.205921099986881,1.9749030630551454,4,0,1,0.4628036927053135,0.23412605739655318,0.75
sub102,AB,14.0,BB,1,7.371339100005571,1.997599385762399,4,0,0,0.5110531758087146,0.23971431336130433,0.75
sub102,AB,18.0,EM,1,5.4188289000303484,1.6898797219999449,4,0,1,-0.05845925870432871,0.17375337337885854,0.75
sub102,AB,36.0,BB,1,4.485662399965804,1.5008861769053932,5,0,0,-0.3306472991378787,0.14222854984391997,1.0
sub102,AB,30.0,EM,1,2.8105999999679625,1.0333979836731089,2,0,1,-0.8192331541035214,0.08564052769965085,0.25
sub102,AB,3.0,BB,1,3.083921800018288,1.1262020987058903,5,0,0,-0.7395100552156776,0.09487405838709226,1.0
sub102,AB,1.0,EM,1,8.193866300047375,2.1033858621801573,5,0,1,0.7509697038529468,0.267501449775022,1.0
sub102,AB,37.0,BB,1,3.839753100008238,1.3454080676596483,5,0,0,-0.5190475327951047,0.1204080315341333,1.0
sub102,AB,33.0,BB,1,2.5464657000266016,0.9347063977943575,5,0,0,-0.8962764229171295,0.0767173749776018,1.0
sub102,AB,29.0,BB,1,6.636703600001056,1.8926153944353616,2,0,0,0.2967730905663494,0.21489639019481493,0.25
sub102,AB,22.0,EM,1,2.4097543000243604,0.8795247921079282,5,0,1,-0.9361527023045308,0.07209890361157338,1.0
sub102,AB,9.0,EM,0,5.305100400000811,1.668668697428955,5,0,1,-0.0916318356906926,0.1699113249404754,1.0
sub102,AB,16.0,EM,1,3.677411000011489,1.302208971980068,5,0,1,-0.5663998306700566,0.11492368757800664,1.0
sub102,AB,31.0,EM,1,2.614822500036098,0.9611962175978378,5,0,1,-0.876337962370586,0.07902664782179777,1.0
sub103,AB,3.0,BB,1,4.014514899987262,1.3899165181781878,5,0,0,-0.46807262973585395,0.12631194568515125,1.0
sub103,AB,39.0,BB,1,10.970983300008811,2.395253905640121,3,0,0,1.561005248658637,0.361319780537653,0.5
sub103,AB,6.0,BB,1,5.729765800002497,1.7456746572914275,5,0,0,0.03223549458573039,0.18425764126829175,1.0
sub103,AB,25.0,BB,1,4.896523100032937,1.5885253818297789,3,0,0,-0.21080655385320088,0.15610850702858298,0.5
sub103,AB,9.0,EM,0,5.717902800010052,1.7436020948067121,2,0,1,0.028775268868901173,0.18385687786612193,0.25
sub103,AB,20.0,EM,1,2.845131499983836,1.0456092879455599,4,0,1,-0.80916093084872,0.08680709277064497,0.75
sub103,AB,24.0,BB,1,5.5171286999830045,1.7078575619107175,3,0,0,-0.029786958613966723,0.17707419966957183,0.5
sub103,AB,16.0,EM,1,6.007749399985187,1.793050202537507,3,0,1,0.11331835744752279,0.19364865984263524,0.5
sub103,AB,32.0,EM,1,4.166906400001608,1.4271738899853994,3,0,1,-0.42362274457091803,0.13146013215117264,0.5
sub103,AB,33.0,BB,1,2.7269238000153564,1.0031741606843962,4,0,0,-0.8436400106446107,0.08281372515434121,0.75
sub103,AB,12.0,EM,1,4.053058799996506,1.3994718553120935,5,0,1,-0.45683006089796985,0.1276140602017522,1.0
sub103,AB,18.0,EM,1,3.0254891999647953,1.107072797404324,5,0,1,-0.7565538034694967,0.0929000511705381,1.0
sub103,AB,17.0,BB,1,2.608740099996794,0.9588673844799046,5,0,0,-0.8781120900827538,0.07882116831959243,1.0
sub103,AB,35.0,EM,1,2.2668440000270493,0.8183885557597805,5,0,1,-0.9778370903653414,0.06727101706782289,1.0
sub103,AB,8.0,BB,1,4.33783420000691,1.467375191297804,5,0,0,-0.3737661509878405,0.137234523679383,1.0
sub103,AB,29.0,BB,1,8.390167100005783,2.127060436848814,1,0,0,0.8082271494133283,0.2741330081068181,0.0
sub103,AB,38.0,EM,1,8.031044100003783,2.083314544413236,1,0,1,0.7034773693489975,0.26200088677411093,0.0
sub103,AB,19.0,BB,0,3.2156246999511495,1.1680216467306208,2,0,0,-0.701094666054513,0.09932332942193539,0.25
sub103,AB,31.0,EM,1,2.2890263000153936,0.8281265306446562,4,0,1,-0.9713669087142438,0.06802039361818475,0.75
sub103,AB,7.0,EM,1,8.473399100010283,2.1369317386693263,2,0,1,0.8325044407445357,0.27694480440728586,0.25
sub103,AB,22.0,EM,1,2.737671600014437,1.0071077781147812,5,0,1,-0.8405050688946453,0.08317681416186172,1.0
sub103,AB,28.0,EM,1,3.7319552999688312,1.3169323054130533,5,0,1,-0.550490230270576,0.1167663377705211,1.0
sub103,AB,10.0,BB,1,2.2157382000004873,0.7955856211118602,5,0,0,-0.9927437416039538,0.06554452846440882,1.0
sub103,AB,36.0,BB,0,5.354331100010313,1.6779057848017198,1,0,0,-0.0772721177155707,0.17157446772388407,0.0
sub103,AB,14.0,BB,1,2.4748958999989554,0.9061983345295989,4,0,0,-0.9171520583180988,0.07429955852561136,0.75
sub103,AB,21.0,BB,1,4.567424900014885,1.5189495668830453,3,0,0,-0.30679863475936964,0.14499070256333757,0.5
sub103,AB,2.0,BB,1,3.2890474999439903,1.1905980091652644,5,0,0,-0.6796785435813921,0.10180374509593922,1.0
sub103,AB,26.0,EM,1,4.768879099981859,1.5621112877642633,3,0,1,-0.2480380342423915,0.15179635632811783,0.5
sub103,AB,13.0,BB,0,4.025688500027172,1.392695952149505,2,0,0,-0.4648134897011001,0.12668941934015687,0.25
sub103,AB,1.0,EM,1,3.204627800034359,1.1645959525943814,4,0,1,-0.7043022658118853,0.09895182516274455,0.75
sub103,AB,30.0,EM,1,4.089839399966877,1.4085057027719947,4,0,1,-0.4461018152620485,0.12885660579623603,0.75
sub103,AB,5.0,EM,1,3.3794048000127077,1.2176995993176438,4,0,1,-0.6533229291836727,0.10485625280979606,0.75
sub103,AB,27.0,BB,1,3.657052399998065,1.2966574677487748,3,0,0,-0.5723380715340834,0.11423592041877279,0.5
sub103,AB,37.0,BB,1,2.9631148999906145,1.086241046101675,4,0,0,-0.7747472753549667,0.09079288294314741,0.75
sub103,AB,34.0,BB,1,2.4279762000078335,0.8870580708460102,2,0,0,-0.9308376987664327,0.07271448741297491,0.25
sub103,AB,4.0,EM,0,10.882853000017349,2.387188431319323,3,0,1,1.535299210501633,0.3583425067551931,0.5
sub103,AB,15.0,BB,1,4.470506199984811,1.4975016460583541,3,0,0,-0.3350680926114551,0.1417165334676056,0.5
sub103,AB,23.0,EM,1,2.074997399991844,0.7299599006658978,4,0,1,-1.0337953251753242,0.06078993334753345,0.75
sub103,AB,40.0,EM,0,3.0573520999751054,1.117549214547405,2,0,1,-0.7472599632858461,0.09397646390081392,0.25
sub103,AB,11.0,EM,1,2.4608670999878086,0.9005137675077473,4,0,1,-0.9212440093090571,0.07382562869130231,0.75
sub104,AB,2.0,BB,1,3.9827729999669828,1.381978310350177,5,0,0,-0.4773311763784518,0.12523962065340855,1.0
sub104,AB,16.0,EM,0,9.18144429998938,2.2171845234106784,5,0,1,1.0390286092689751,0.3008644371658101,1.0
sub104,AB,17.0,BB,1,4.567192699993029,1.5188987273116317,2,0,0,-0.30686636336828677,0.14498285823468532,0.25
sub104,AB,15.0,BB,0,5.2809333999757655,1.664102862392815,5,0,0,-0.09868091897810123,0.169094899992617,1.0
sub104,AB,22.0,EM,1,7.021421300014481,1.9489656619340985,5,0,1,0.4089883885646312,0.22789316794332154,1.0
sub104,AB,40.0,EM,1,3.970194099994842,1.3788149851902978,5,0,1,-0.48100021736308834,0.1248146722633217,1.0
sub104,AB,36.0,BB,1,2.5318675999878906,0.9289572122306368,5,0,0,-0.9005344285820508,0.07622421268809192,1.0
sub104,AB,27.0,BB,1,2.2937441000249237,0.8301854606212167,5,0,0,-0.9699908105156237,0.06817977333526984,1.0
sub104,AB,8.0,BB,0,8.630269800021779,2.1552757676451026,5,0,0,0.8782608287359766,0.2822443100531943,1.0
sub104,AB,9.0,EM,1,4.077885599981528,1.4055786187871009,5,0,1,-0.4495885257188874,0.1284527749310217,1.0
sub104,AB,10.0,BB,1,3.7171875000349246,1.3129673339586356,5,0,0,-0.5547977343711269,0.11626744257134337,1.0
sub104,AB,39.0,BB,1,4.566089699976146,1.5186571931130946,5,0,0,-0.3071880888193963,0.14494559598739193,1.0
sub104,AB,11.0,EM,1,2.7440567999728955,1.00943740934798,5,0,1,-0.838642619841503,0.08339252304330119,1.0
sub104,AB,31.0,EM,1,3.091938700003084,1.1287983051738912,5,0,1,-0.7371716683393138,0.09514489039542137,1.0
sub104,AB,14.0,BB,1,3.1236722000176087,1.1390092969001187,3,0,0,-0.7279155718287188,0.09621693165283328,0.5
sub104,AB,5.0,EM,0,4.404017299995758,1.4825171470988028,2,0,1,-0.35446172000522785,0.13947036320855521,0.25
sub104,AB,7.0,EM,1,4.438955400022678,1.4904190784985802,5,0,1,-0.34427089877220984,0.1406506642994308,1.0
sub104,AB,12.0,EM,1,4.033886799996253,1.3947303776599187,5,0,1,-0.4624221916815975,0.12696637951799639,1.0
sub104,AB,23.0,EM,0,3.578856599982828,1.2750433639185472,3,0,1,-0.5951463930659956,0.1115942602257813,0.5
sub104,AB,28.0,EM,1,2.163042399974074,0.7715157491708797,5,0,1,-1.0081141675110943,0.06376432547089139,1.0
sub104,AB,19.0,BB,1,2.4069322000141256,0.8783529905662935,3,0,0,-0.9369758585919031,0.07200356563618052,0.5
sub104,AB,20.0,EM,1,3.8984256999683566,1.3605728049654962,2,0,1,-0.5019337808449633,0.12239014658000223,0.25
sub104,AB,29.0,BB,1,3.5743966000154614,1.2737963786880233,4,0,0,-0.5964472955859287,0.11144358967349793,0.75
sub104,AB,24.0,BB,1,4.443739800015464,1.49149631921161,5,0,0,-0.34287537454518635,0.14081229393946043,1.0
sub104,AB,34.0,BB,1,5.164605700003449,1.6418287589030836,2,0,0,-0.13261163627390724,0.1651650437305256,0.25
sub104,AB,18.0,EM,1,3.936372800031677,1.370259690159984,2,0,1,-0.4908652879172204,0.12367209962168994,0.25
sub104,AB,26.0,EM,0,3.778440599970054,1.3293113848231257,5,0,1,-0.5369312965589357,0.11833673370672955,1.0
sub104,AB,3.0,BB,1,4.703176199982408,1.5482380677049448,5,0,0,-0.26720239944454466,0.14957673922005282,1.0
sub104,AB,13.0,BB,1,3.087214099999983,1.127269098476237,5,0,0,-0.7385497499748926,0.09498528095663353,1.0
sub104,AB,6.0,BB,1,2.6364421999896877,0.9694303567401809,5,0,0,-0.8700318811249329,0.07975701826037233,1.0
sub104,AB,1.0,EM,1,3.8530051999841817,1.3488534152367204,5,0,1,-0.515182131364779,0.12085572239442467,1.0
sub104,AB,32.0,EM,1,2.9528879999998026,1.0827836745111277,5,0,1,-0.7777302798541814,0.09044739131062791,1.0
sub104,AB,25.0,BB,0,4.7392054999945685,1.5558695056229466,4,0,0,-0.25669329461938856,0.15079390392205633,0.75
sub104,AB,37.0,BB,1,2.6083941000397317,0.9587347446265663,5,0,0,-0.8782130121050257,0.07880947952923323,1.0
sub104,AB,35.0,EM,1,3.3122560000047088,1.197629528223345,5,0,1,-0.6729090376545377,0.10258778938907893,1.0
sub104,AB,4.0,EM,1,3.836953700054437,1.3446787444874087,3,0,1,-0.5198640678804964,0.12031346042646797,0.5
sub104,AB,30.0,EM,1,4.320118699979503,1.4632828787256444,5,0,1,-0.3789334466820461,0.13663604740300728,1.0
sub104,AB,38.0,EM,1,5.190626399999019,1.6468543835363352,4,0,1,-0.12502186173526533,0.16604409154842215,0.75
sub104,AB,33.0,BB,1,3.826371300034225,1.341916912842081,3,0,0,-0.5229507654038068,0.11995595906611027,0.5
sub104,AB,21.0,BB,1,3.116453399998136,1.136695624483112,5,0,0,-0.7300211671661491,0.09597306156455628,1.0
sub105,AB,5.0,EM,0,8.176191400038078,2.1012264431724272,3,0,1,0.7458142504605922,0.26690434507425076,0.5
sub105,AB,25.0,BB,1,5.8586871000006795,1.7679255341187476,4,0,0,0.06983954060991159,0.1886129425270237,0.75
sub105,AB,2.0,BB,0,2.9714998999843374,1.0890668421662695,5,0,0,-0.772301520264992,0.09107615033982774,1.0
sub105,AB,22.0,EM,1,7.120879299996886,1.963031214989308,5,0,1,0.43799851496627396,0.23125312128323072,1.0
sub105,AB,23.0,EM,1,5.599877499975264,1.722744722497425,2,0,1,-0.0056506081164263275,0.17986967220025468,0.25
sub105,AB,1.0,EM,1,16.99605860002339,2.8329814701180847,4,0,1,3.3184123558170278,0.5648627019825815,0.75
sub105,AB,28.0,EM,1,5.767769000027329,1.7522853506417324,4,0,1,0.043320350872628616,0.18554148951451893,0.75
sub105,AB,19.0,BB,0,5.521053100004792,1.7085686210793827,5,0,0,-0.02864228105456666,0.17720677624423326,1.0
sub105,AB,18.0,EM,1,4.0541486000292934,1.399740702520652,3,0,1,-0.4565121856470171,0.12765087651879703,0.5
sub105,AB,37.0,BB,1,4.896480800001882,1.5885167430032274,5,0,0,-0.21081889201853607,0.15610707802206114,1.0
sub105,AB,11.0,EM,1,6.168662099982612,1.819481974855193,3,0,1,0.16025372481244793,0.19908471489990365,0.5
sub105,AB,13.0,BB,0,7.415192699991167,2.0035309631134663,2,0,0,0.5238444895187657,0.24119580353569664,0.25
sub105,AB,21.0,BB,0,11.08277849998558,2.405392417029025,3,0,0,1.5936139164681316,0.3650965170054506,0.5
sub105,AB,17.0,BB,1,4.621923499973491,1.5308109604329758,4,0,0,-0.2909023642352146,0.14683180888946207,0.75
sub105,AB,27.0,BB,1,5.752195000008214,1.7495815210972776,3,0,0,0.03877769257250572,0.18501535875189323,0.5
sub105,AB,6.0,BB,1,4.4531190999550745,1.4936047719857317,5,0,0,-0.34013959987793846,0.14112915140857984,1.0
sub105,AB,30.0,EM,1,6.119021099992096,1.8114021327490286,2,0,1,0.1457743296437983,0.19740771110187766,0.25
sub105,AB,39.0,BB,1,6.11464560002787,1.8106868116179091,2,0,0,0.14449807426911715,0.19725989518238224,0.25
sub105,AB,8.0,BB,1,4.497475899988785,1.5035163282931825,5,0,0,-0.32720151168012646,0.1426276410066747,1.0
sub105,AB,16.0,EM,1,3.7524843999999575,1.322418127288313,4,0,1,-0.5445022575894413,0.11745986486966963,0.75
sub105,AB,24.0,BB,1,5.490930699976161,1.703097767560777,4,0,0,-0.03742844840667532,0.17618916219005776,0.75
sub105,AB,7.0,EM,1,4.976318400003947,1.6046903405288455,4,0,1,-0.1875316866848934,0.15880420254522398,0.75
sub105,AB,34.0,BB,0,6.17725230002543,1.8208735609541642,4,0,0,0.1627593331003848,0.19937491449500372,0.75
sub105,AB,4.0,EM,0,8.159306699992158,2.0991592021301804,2,0,1,0.7408892843173696,0.2663339354106471,0.25
sub105,AB,26.0,EM,1,6.087102600024082,1.8061722049675784,5,0,1,0.1364642719431936,0.19632942005850867,1.0
sub105,AB,40.0,EM,0,4.589567100047134,1.5237857059094142,4,0,1,-0.30034014955094357,0.1457387244315076,0.75
sub105,AB,38.0,EM,1,6.089030899980571,1.8064889393352836,3,0,1,0.13702672268107224,0.19639456311266518,0.5
sub105,AB,3.0,BB,1,4.9814177000080235,1.605714529239735,2,0,0,-0.18604431173562516,0.1589764703374873,0.25
sub105,AB,20.0,EM,1,3.042542500013951,1.112693514562246,5,0,1,-0.751579659709531,0.09347615658656065,1.0
sub105,AB,14.0,BB,1,2.818339499994181,1.0361478817323813,5,0,0,-0.8169756798522209,0.08590198840635037,1.0
sub105,AB,35.0,EM,1,4.628665099968202,1.5322685111856431,4,0,1,-0.28893595964201446,0.14705955790334296,0.75
sub105,AB,33.0,BB,1,5.182151000015438,1.6452202210467999,5,0,0,-0.12749398489148872,0.1657577702018544,1.0
sub105,AB,36.0,BB,0,6.043537000019569,1.7989894365820072,2,0,0,0.1237569626958942,0.1948576592824403,0.25
sub105,AB,29.0,BB,1,7.762770199973602,2.04933925502399,2,0,0,0.6252266529509803,0.25293788745202184,0.25
sub105,AB,10.0,BB,1,5.424607799970545,1.6909456018768132,3,0,0,-0.05677365656315152,0.17394859984790573,0.5
sub105,AB,9.0,EM,0,3.8357918999972753,1.3443759063310041,3,0,1,-0.5202029442556262,0.12027421175885895,0.5
sub105,AB,31.0,EM,1,2.3526198999607004,0.8555295582182398,4,0,1,-0.9528177887533034,0.07016875301180701,0.75
sub105,AB,32.0,EM,1,3.7305627999594435,1.316559106981397,5,0,1,-0.550896397711041,0.11671929545056499,1.0
sub105,AB,15.0,BB,1,9.659739500028081,2.267966680990015,2,0,0,1.178538796613144,0.3170225094688613,0.25
sub105,AB,12.0,EM,1,5.815072600031272,1.7604532708507776,2,0,1,0.057117968114176736,0.18713952978127568,0.25
sub106,AB,21.0,BB,1,20.38407729996834,3.0147540715709624,4,0,0,4.306637041150734,0.6793189020727571,0.75
sub106,AB,31.0,EM,1,4.401156700041611,1.481867392748741,5,0,1,-0.3552961060402277,0.1393737246035986,1.0
sub106,AB,8.0,BB,1,3.049595099990256,1.1150088277051593,5,0,0,-0.749522541963256,0.09371441199939443,1.0
sub106,AB,35.0,EM,1,7.6467981999740005,2.0342870242767157,4,0,1,0.5913996869991723,0.24902004767238078,0.75
sub106,AB,12.0,EM,1,3.9559066999936476,1.375209829052027,5,0,1,-0.48516759736327736,0.1243320062398633,1.0
sub106,AB,20.0,EM,1,2.8309767000027932,1.0406217757895682,5,0,1,-0.8132896337857654,0.0863289063253066,1.0
sub106,AB,3.0,BB,1,8.415032499993686,2.130019689785482,5,0,0,0.8154799435254567,0.27497302684590713,1.0
sub106,AB,34.0,BB,1,3.1101176000083797,1.1346605389837476,5,0,0,-0.7318692071286544,0.09575902154424273,1.0
sub106,AB,26.0,EM,1,4.052037899964489,1.3992199397396559,5,0,1,-0.45712783924639333,0.12757957150830473,1.0
sub106,AB,11.0,EM,1,3.3662908999831416,1.2138115150834194,5,0,1,-0.6571480201521571,0.10441323070789002,1.0
sub106,AB,6.0,BB,0,9.244519100000616,2.2240308461795557,4,0,0,1.0574264045333883,0.30299527013047206,0.75
sub106,AB,5.0,EM,1,3.8400456000235863,1.3454842415352704,5,0,1,-0.5189622157525416,0.12041791295547365,1.0
sub106,AB,36.0,BB,0,5.77780460001668,1.7540237835450116,3,0,0,0.04624755657009786,0.1858805185288584,0.5
sub106,AB,16.0,EM,1,4.498650200024713,1.5037773962305463,5,0,1,-0.32685898928392165,0.14266731195650745,1.0
sub106,AB,9.0,EM,0,5.1787370999809355,1.6445612234541027,3,0,1,-0.12848975870094598,0.1656424396620781,0.5
sub106,AB,29.0,BB,1,3.243738499993924,1.1767265226445207,5,0,0,-0.6928943715280226,0.1002730876753486,1.0
sub106,AB,30.0,EM,1,3.8788510000449605,1.355538975769817,4,0,1,-0.5076433720206596,0.12172886163161224,0.75
sub106,AB,27.0,BB,1,2.7506375000230037,1.0118327030029783,5,0,0,-0.8367231468951467,0.08361483643303567,1.0
sub106,AB,32.0,EM,1,2.652658299950417,0.9755622692541527,5,0,1,-0.8653019337131042,0.08030484085114425,1.0
sub106,AB,40.0,EM,0,7.807783000054769,2.0551210567234044,2,0,1,0.6383560846736929,0.254458538460469,0.25
sub106,AB,13.0,BB,0,6.205457900010515,1.8254292112618735,4,0,0,0.1709864040343092,0.2003277739923875,0.75
sub106,AB,17.0,BB,0,3.224488400039263,1.1707743020170307,4,0,0,-0.6985092826767262,0.099622768569317,0.75
sub106,AB,18.0,EM,0,4.2817949000163935,1.454372290845744,4,0,1,-0.390111816258327,0.13534136844599182,0.75
sub106,AB,15.0,BB,1,1.9966068000067025,0.6914491397075878,5,0,0,-1.0566604663874124,0.058141692298204525,1.0
sub106,AB,24.0,BB,1,4.184982899983879,1.4315026179077335,5,0,0,-0.4183501516223593,0.13207080395736265,1.0
sub106,AB,4.0,EM,1,4.446380300039891,1.492090349454701,5,0,1,-0.3421051877378334,0.14090149698876436,1.0
sub106,AB,33.0,BB,0,4.891319999995176,1.587462205709219,4,0,0,-0.21232420542273314,0.15593273259763873,0.75
sub106,AB,38.0,EM,1,7.763750399986748,2.0494655164111615,3,0,1,0.6255125598291126,0.25297100119157556,0.5
sub106,AB,23.0,EM,1,2.903219200030435,1.0658201902974573,5,0,1,-0.7922177837813081,0.08876944835605531,1.0
sub106,AB,28.0,EM,1,2.6600187000003643,0.9783331528442217,5,0,1,-0.863155036169886,0.0805534945616076,1.0
sub106,AB,10.0,BB,1,5.392143199976999,1.684942931116588,4,0,0,-0.06624300191051559,0.1728518601065433,0.75
sub106,AB,19.0,BB,0,3.1862377999932505,1.1588408477462089,5,0,0,-0.7096663011415033,0.09833056249840397,1.0
sub106,AB,25.0,BB,1,6.956224600027781,1.9396368846464127,5,0,0,0.38997167288646817,0.22569065160567026,1.0
sub106,AB,2.0,BB,1,2.6044877999811433,0.9572360339844759,5,0,0,-0.8793524102276749,0.07867751441902728,1.0
sub106,AB,37.0,BB,1,2.519747600017581,0.92415873778393,5,0,0,-0.9040696166130667,0.07581476714940077,1.0
sub106,AB,1.0,EM,0,1.9872247999883257,0.6867390925444504,5,0,1,-1.0593970286195251,0.05782474361330889,1.0
sub106,AB,22.0,EM,0,3.6922706000041217,1.3062416075636774,5,0,1,-0.5620655501281153,0.11542568402508775,1.0
sub106,AB,14.0,BB,1,3.5731030000024475,1.2734344059424396,4,0,0,-0.5968246156597019,0.11139988845604935,0.75
sub106,AB,39.0,BB,1,6.101011499995366,1.808454577104075,4,0,0,0.1405212502289638,0.1967992993535,0.75
sub106,AB,7.0,EM,1,3.06165129999863,1.1189544109331329,4,0,1,-0.7460059632443165,0.09412170220724009,0.75
sub107,AB,20.0,EM,1,6.8340061999624595,1.9219110609157584,4,0,1,0.35432274333702274,0.2215617919707441,0.75
sub107,AB,39.0,BB,0,17.855701299966313,2.8823228577864852,2,0,0,3.569154813839564,0.5939036977930016,0.25
sub107,AB,16.0,EM,1,3.5705631999881007,1.2727233424491977,5,0,1,-0.5975654300684387,0.11131408731845946,1.0
sub107,AB,24.0,BB,1,8.726452799979597,2.16635896425355,4,0,0,0.9063156959860633,0.2854936252617037,0.75
sub107,AB,31.0,EM,1,2.437028099957388,0.8907793051294808,5,0,1,-0.9281974208425046,0.07302028444763686,1.0
sub107,AB,23.0,EM,1,2.852161699964199,1.0480771979869785,5,0,1,-0.8071103467821266,0.08704459145258539,1.0
sub107,AB,17.0,BB,1,5.1675424999557436,1.6423972370113238,5,0,0,-0.13175502405721798,0.16526425657222865,1.0
sub107,AB,2.0,BB,1,7.331212699995376,1.9921409455970382,5,0,0,0.4993490199183432,0.23835873782432754,1.0
sub107,AB,21.0,BB,1,16.369644399965182,2.7954286684815672,3,0,0,3.1356984954268405,0.5437007795226038,0.5
sub107,AB,29.0,BB,1,4.3602675999864005,1.4725334316211744,4,0,0,-0.3672227279435528,0.13799238304916667,0.75
sub107,AB,9.0,EM,1,3.3461055000079796,1.207797132255247,4,0,1,-0.6630357416511895,0.10373131470238069,0.75
sub107,AB,1.0,EM,1,12.317109399999026,2.5109893039527855,4,0,1,1.9536462460663353,0.40679546762568214,0.75
sub107,AB,8.0,BB,1,2.8999570999876596,1.0646959437753056,4,0,0,-0.7931692802380281,0.08865924602003629,0.75
sub107,AB,4.0,EM,1,22.3597146999673,3.107260888812263,3,0,1,4.88289526781849,0.7460611398188444,0.5
sub107,AB,30.0,EM,1,3.633576799998991,1.2902175074960083,4,0,1,-0.5791854857536336,0.11344285278583009,0.75
sub107,AB,19.0,BB,1,8.165360399987549,2.09990086506711,3,0,0,0.7426550407381198,0.2665384453497362,0.5
sub107,AB,34.0,BB,1,4.970548000012059,1.6035300956020198,3,0,0,-0.18921480954260558,0.1586092632268304,0.5
sub107,AB,15.0,BB,1,4.876115299994126,1.5843488577697493,3,0,0,-0.21675914548796213,0.15541907776283526,0.5
sub107,AB,27.0,BB,1,4.9562937000300735,1.600658223518281,3,0,0,-0.1933725348569843,0.15812771540924903,0.5
sub107,AB,35.0,EM,1,3.2448073000414297,1.1770559647383612,4,0,1,-0.692582621598588,0.1003091945575496,0.75
sub107,AB,22.0,EM,1,2.591322299966123,0.9521682859574326,5,0,1,-0.8831925519924815,0.07823274913363176,1.0
sub107,AB,33.0,BB,1,2.671391899988521,0.9825996474339834,4,0,0,-0.8598376763868021,0.08093771122886836,0.75
sub107,AB,13.0,BB,1,2.9941628000233322,1.0966646599444414,4,0,0,-0.7656911561426957,0.09184176282642027,0.75
sub107,AB,26.0,EM,1,10.608042699983343,2.361612458697787,2,0,1,1.4551419426913996,0.3490586906156764,0.25
sub107,AB,5.0,EM,1,4.319691100041382,1.4631838950793912,3,0,1,-0.37905816996480274,0.13662160195024842,0.5
sub107,AB,18.0,EM,1,3.117443999974057,1.1370134352909265,3,0,1,-0.7297322268041869,0.09600652664225942,0.5
sub107,AB,40.0,EM,1,2.3949335999786854,0.8733555060437624,4,0,1,-0.9404756364250835,0.07159822130721308,0.75
sub107,AB,36.0,BB,0,8.894603199965786,2.1854447107878414,1,0,0,0.9553621714726915,0.29117418889801866,0.0
sub107,AB,38.0,EM,1,10.379168000014033,2.3398007203839977,3,0,1,1.3883832709161545,0.3413267000998944,0.5
sub107,AB,6.0,BB,1,3.1033802999882028,1.1324919367667747,4,0,0,-0.733834357495902,0.09553141779483325,0.75
sub107,AB,32.0,EM,1,3.859042300027795,1.3504190438915695,5,0,1,-0.5134212168541757,0.12105967154339704,1.0
sub107,AB,14.0,BB,1,2.116126200009603,0.7495871530539053,5,0,0,-1.0217987870640193,0.06217937259837879,1.0
sub107,AB,7.0,EM,1,12.606068499968387,2.534178324994002,2,0,1,2.037930466707199,0.41655726751318206,0.25
sub107,AB,37.0,BB,1,3.456467200012412,1.2402470269938917,4,0,0,-0.6308452002407938,0.10745962376342703,0.75
sub107,AB,11.0,EM,1,2.2167961000232026,0.7960629552828766,5,0,1,-0.9924351710175284,0.06558026711504769,1.0
sub107,AB,28.0,EM,1,2.051567599992268,0.7186041838523494,5,0,1,-1.0406293803511084,0.05999841295927,1.0
sub107,AB,10.0,BB,1,2.8540097000077367,1.0487249177901923,5,0,0,-0.8065713180980313,0.08710702176406898,1.0
sub107,AB,12.0,EM,1,3.061663899978157,1.1189585263441857,5,0,1,-0.7460022880548012,0.0941221278677531,1.0
sub107,AB,3.0,BB,1,4.8296200999757275,1.574767810321742,5,0,0,-0.23032096685820902,0.15384834737795722,1.0
sub107,AB,25.0,BB,1,15.118633200007025,2.7159279698404157,3,0,0,2.770800819552832,0.5014383244128406,0.5
sub108,AB,35.0,EM,1,5.312533299962524,1.67006880245913,5,0,1,-0.08946379121505237,0.17016242788901637,1.0
sub108,AB,38.0,EM,0,15.048228100000415,2.711260250044426,3,0,1,2.750264906394782,0.4990598545968812,0.5
sub108,AB,16.0,EM,1,3.371126700018067,1.215247020837239,5,0,1,-0.6557375034487138,0.10457659677679704,1.0
sub108,AB,30.0,EM,1,11.007472400029656,2.3985743512659914,1,0,1,1.571648468953376,0.3625524784956554,0.0
sub108,AB,19.0,BB,1,6.291366500023287,1.8391782967233168,2,0,0,0.19604441189490926,0.2032299928947473,0.25
sub108,AB,34.0,BB,1,9.805828500015195,2.2829769537853815,4,0,0,1.2211503548212872,0.3219577808750582,0.75
sub108,AB,3.0,BB,1,1.9213009999948554,0.6530025607336298,5,0,0,-1.0786258264138253,0.05559766392131074,1.0
sub108,AB,36.0,BB,0,17.49500520003494,2.8619154230493837,2,0,0,3.4639461885561293,0.5817184329991082,0.25
sub108,AB,7.0,EM,1,9.348502099979669,2.23521612725596,4,0,1,1.0877563928053018,0.30650808989494754,0.75
sub108,AB,33.0,BB,0,5.619569099973887,1.7262549883635943,1,0,0,9.308072822873012e-05,0.1805349063412512,0.0
sub108,AB,11.0,EM,1,3.026987100020051,1.1075677683919316,5,0,1,-0.7561168927137236,0.09295065418180312,1.0
sub108,AB,37.0,BB,1,3.4836730000097305,1.2480871969532437,5,0,0,-0.6229097531483564,0.10837870738246284,1.0
sub108,AB,27.0,BB,1,8.009666099969763,2.0806490748143744,3,0,0,0.6972417876631509,0.2612786815957684,0.5
sub108,AB,24.0,BB,1,3.817279100010637,1.3395378913442304,5,0,0,-0.5256027981412433,0.11964880058874512,1.0
sub108,AB,25.0,BB,1,3.1387056999956258,1.143810517489817,5,0,0,-0.7235305677596794,0.09672480289969727,1.0
sub108,AB,5.0,EM,0,16.20758600003319,2.7854794042403914,2,0,1,3.088428947805666,0.538226019702296,0.25
sub108,AB,1.0,EM,1,15.497466700035147,2.74067657186023,5,0,1,2.881299801263069,0.5142363183792803,1.0
sub108,AB,31.0,EM,1,3.4340685000061058,1.2337457098611049,1,0,1,-0.6373785019212053,0.10670293665018199,0.0
sub108,AB,13.0,BB,1,2.7655035000061616,1.017222716047948,1,0,0,-0.8323869995900076,0.08411704908866256,0.0
sub108,AB,39.0,BB,0,6.601824199955445,1.8873460047752568,2,0,0,0.2865993910719332,0.2137180721439994,0.25
sub108,AB,14.0,BB,1,4.382187600014731,1.4775480517618478,5,0,0,-0.36082905451699704,0.13873289841564324,1.0
sub108,AB,10.0,BB,1,8.711160300008487,2.164604996688848,3,0,0,0.9018551462340322,0.28497700431253337,0.5
sub108,AB,8.0,BB,0,4.788214000000153,1.5661574817679746,3,0,0,-0.24239838842613695,0.15244954020377155,0.5
sub108,AB,22.0,EM,1,2.204491099982988,0.7904966886033457,5,0,1,-0.9960243202725103,0.06516457178646663,1.0
sub108,AB,40.0,EM,1,3.823064099997282,1.3410522215099618,1,0,1,-0.5239154167252109,0.11984423313343677,0.0
sub108,AB,9.0,EM,1,4.347752500034403,1.469659044923625,3,0,1,-0.37087315959913475,0.13756958999189173,0.5
sub108,AB,26.0,EM,1,4.226148399990052,1.4412910345238483,3,0,1,-0.4063429087783733,0.13346148303053162,0.5
sub108,AB,4.0,EM,1,4.629944999993313,1.532544988976466,5,0,1,-0.28856263561059925,0.14710279629909678,1.0
sub108,AB,32.0,EM,0,4.501311999978498,1.504368909832991,1,0,1,-0.32608258966670794,0.14275723457355655,0.0
sub108,AB,20.0,EM,1,3.9204437999869697,1.3662048616765081,4,0,1,-0.49551149339923767,0.12313397602267233,0.75
sub108,AB,21.0,BB,1,5.175386599963531,1.6439140416680929,5,0,0,-0.12946703985510963,0.1655292509419567,1.0
sub108,AB,29.0,BB,1,7.399006699968595,2.0013457614665335,1,0,0,0.5191233217225617,0.2406489978001577,0.0
sub108,AB,18.0,EM,0,11.403374699992128,2.4339093379084042,1,0,1,1.6871261154639048,0.37592710150508624,0.0
sub108,AB,6.0,BB,1,3.6865786999696866,1.3046988463736904,5,0,0,-0.5637257759469906,0.11523339664212698,1.0
sub108,AB,12.0,EM,1,2.2769447000464424,0.8228345004654037,5,0,1,-0.9748908961490943,0.06761224533273455,1.0
sub108,AB,2.0,BB,1,2.492213300021831,0.913171191171499,5,0,0,-0.9121008813016667,0.07488458593472574,1.0
sub108,AB,17.0,BB,0,1.9834999999729916,0.6848629609586313,1,0,0,-1.060483486413617,0.05769891005286901,0.0
sub108,AB,28.0,EM,1,3.2850663000135683,1.189386834385439,5,0,1,-0.6808397886620512,0.10166924967067997,1.0
sub108,AB,15.0,BB,1,4.875291600008495,1.5841799180472995,1,0,0,-0.21699940409666538,0.15539125100663376,0.0
sub108,AB,23.0,EM,0,2.571013600041624,0.9443002180564687,2,0,1,-0.8891162378897142,0.07754666773090292,0.25
sub109,AB,25.0,BB,1,9.179420100001153,2.2169640327025797,4,0,0,1.0384381862006342,0.3007960543558572,0.75
sub109,AB,16.0,EM,1,9.511962500051595,2.2525502169975717,3,0,1,1.1354348788857433,0.3120302129746568,0.5
sub109,AB,1.0,EM,1,9.997490800044034,2.30233414151276,3,0,1,1.277054832603364,0.32843263845544896,0.5
sub109,AB,31.0,EM,1,5.707896700012498,1.7418506020458715,5,0,1,0.025856667793393226,0.1835188454392463,1.0
sub109,AB,26.0,EM,1,4.560489700001199,1.5174300081115037,4,0,1,-0.30882150902844097,0.14475641323062383,0.75
sub109,AB,4.0,EM,1,5.3470265999785624,1.6765406307024087,4,0,1,-0.07940271021953595,0.17132770246334805,0.75
sub109,AB,8.0,BB,1,3.842534199997317,1.3461320968457395,3,0,0,-0.5182363354833444,0.12050198442076467,0.5
sub109,AB,9.0,EM,1,4.41259900003206,1.484463858275615,4,0,1,-0.35195859101773413,0.13976027565103522,0.75
sub109,AB,40.0,EM,0,5.74137540004449,1.7476987983604604,2,0,1,0.03562180805222191,0.18464984415235342,0.25
sub109,AB,19.0,BB,1,2.816217700019479,1.0353947435532211,3,0,0,-0.8175945710975305,0.08583030841165028,0.5
sub109,AB,32.0,EM,1,4.273937100020703,1.452535439900665,4,0,1,-0.3924037965027934,0.13507591125456903,0.75
sub109,AB,14.0,BB,1,5.8157137999660335,1.760563529936167,3,0,0,0.057304994709920266,0.1871611912048186,0.5
sub109,AB,17.0,BB,1,3.675989600014873,1.3018223753313518,5,0,0,-0.5668144277218414,0.11487566894032217,1.0
sub109,AB,10.0,BB,1,3.49327389994869,1.2508393767065908,4,0,0,-0.6201093417098796,0.10870305108354017,0.75
sub109,AB,37.0,BB,1,6.936164500017185,1.9367489560391555,5,0,0,0.3841204991544412,0.22501296856316544,1.0
sub109,AB,38.0,EM,0,12.905249800009187,2.5576341898223824,4,0,1,2.125196320964542,0.42666440025753943,0.75
sub109,AB,20.0,EM,1,4.047718899964821,1.398153487865682,3,0,1,-0.45838761458815813,0.12743366430650577,0.5
sub109,AB,35.0,EM,1,4.945448399987072,1.5984676384130814,5,0,1,-0.19653591563245615,0.1577613325933041,1.0
sub109,AB,34.0,BB,1,7.074671900016256,1.956521067897962,4,0,0,0.42452063973887644,0.22969211354206454,0.75
sub109,AB,12.0,EM,1,9.373914600000717,2.2379307891539924,3,0,1,1.095168766248592,0.3073665911149225,0.5
sub109,AB,33.0,BB,1,5.16841669997666,1.6425663940302497,4,0,0,-0.13150003548805714,0.16529378935270433,0.75
sub109,AB,13.0,BB,1,3.6569392000092193,1.2966265133821182,5,0,0,-0.5723710899537748,0.11423209622483498,1.0
sub109,AB,6.0,BB,1,4.7865821000305,1.5658166076713558,3,0,0,-0.24287438456926094,0.1523944103222698,0.5
sub109,AB,22.0,EM,1,6.714211599959526,1.9042264142899223,4,0,1,0.3193807930772738,0.21751481468933742,0.75
sub109,AB,24.0,BB,1,5.696572499989998,1.7398646781864282,5,0,0,0.02255360042718511,0.18313628411995442,1.0
sub109,AB,36.0,BB,0,15.863649999955669,2.764030328439801,1,0,0,2.9881089450096177,0.5266069552491609,0.0
sub109,AB,30.0,EM,1,6.283243200043216,1.837886280302314,2,0,1,0.193674990035813,0.2029555664141831,0.25
sub109,AB,2.0,BB,1,3.8314425999997184,1.3432413902381242,5,0,0,-0.5214715575668742,0.12012728094328208,1.0
sub109,AB,29.0,BB,0,20.518390799988993,3.0213215961743094,2,0,0,4.345813895840507,0.6838563660582497,0.25
sub109,AB,11.0,EM,1,6.524341400014237,1.8755400132507725,2,0,1,0.2639990389570175,0.21110049897246935,0.25
sub109,AB,39.0,BB,0,3.249660599976778,1.178550560111997,4,0,0,-0.6911670004860133,0.1004731518192102,0.75
sub109,AB,21.0,BB,0,4.894562799949199,1.5881249563550244,5,0,0,-0.21137833845800336,0.15604228292579841,1.0
sub109,AB,7.0,EM,0,6.365786000038497,1.8509377122154613,2,0,1,0.2177512540048474,0.20574407972209868,0.25
sub109,AB,5.0,EM,1,2.4527250999817625,0.8971996921320473,5,0,1,-0.9236188856325239,0.07355057047458073,1.0
sub109,AB,23.0,EM,1,6.492901699966751,1.8707095340257556,2,0,1,0.25482863866173067,0.21003838305219164,0.25
sub109,AB,3.0,BB,1,2.079983000003267,0.7323597206044745,5,0,0,-1.0323411144879486,0.0609583600544127,1.0
sub109,AB,28.0,EM,1,4.464648099965416,1.4961903982248876,5,0,1,-0.33677679600450733,0.141518631411168,1.0
sub109,AB,18.0,EM,0,4.524658200039994,1.5095420383961458,1,0,1,-0.3192729191032353,0.14354593073560173,0.0
sub109,AB,27.0,BB,1,6.160265400016215,1.8181198610355382,3,0,0,0.15780455704892019,0.1988010522473136,0.5
sub109,AB,15.0,BB,1,7.421881000045687,2.0044325291018508,4,0,0,0.5257953474691375,0.24142175193713722,0.75
sub110,AB,23.0,EM,1,3.964041500003077,1.3772640856367229,3,0,1,-0.48279482115053046,0.12460682122172513,0.5
sub110,AB,33.0,BB,1,3.4027665999601595,1.224588806613609,5,0,0,-0.6465087084114336,0.10564547597709902,1.0
sub110,AB,40.0,EM,0,4.667473400011659,1.5406178974376747,5,0,1,-0.27761627002536515,0.14837060454986994,1.0
sub110,AB,35.0,EM,1,11.77493230003165,2.465972890419427,3,0,1,1.7955028467931535,0.3884792963958169,0.5
sub110,AB,30.0,EM,0,8.43101659999229,2.131917357861894,3,0,1,0.8201422206822269,0.2755130118665717,0.5
sub110,AB,15.0,BB,1,8.364247299963608,2.123966348317666,5,0,0,0.800666805593205,0.2732573689552477,1.0
sub110,AB,17.0,BB,1,4.173462599981576,1.4287460509606247,4,0,0,-0.42171041785846675,0.1316816178639731,0.75
sub110,AB,29.0,BB,1,9.499619400012307,2.251251734647346,4,0,0,1.131834616539917,0.3116132305277025,0.75
sub110,AB,22.0,EM,1,1.9869379000156187,0.6865947099437053,5,0,1,-1.059480712229434,0.0578150513761667,1.0
sub110,AB,38.0,EM,0,6.0615768999559805,1.8019699807454865,5,0,1,0.12901888006323384,0.1954670946426295,1.0
sub110,AB,26.0,EM,1,4.067615700012539,1.4030570047003679,5,0,1,-0.45258407254554095,0.12810583064592207,1.0
sub110,AB,20.0,EM,0,3.4202254000119865,1.2297064553390333,3,0,1,-0.641416287526094,0.1062352802518212,0.5
sub110,AB,10.0,BB,1,4.807922000007238,1.570264974141088,5,0,0,-0.2366499159912371,0.1531153283802727,1.0
sub110,AB,14.0,BB,1,2.3574408999993466,0.8575766662820173,4,0,0,-0.9514115889450607,0.07033161909783747,0.75
sub110,AB,5.0,EM,0,6.961596000008285,1.9404087584047474,4,0,1,0.39153841455044464,0.22587211165219917,0.75
sub110,AB,4.0,EM,1,3.0743158999830484,1.1230824049577868,5,0,1,-0.7423119250931449,0.0945495457695859,1.0
sub110,AB,25.0,BB,1,3.7102820000145584,1.3111078845162656,5,0,0,-0.5568119456813564,0.11603415658267201,1.0
sub110,AB,12.0,EM,1,2.424377600022126,0.8855748316619968,5,0,1,-0.9318873462605789,0.07259291722210927,1.0
sub110,AB,34.0,BB,1,8.590138200030196,2.150614824345232,5,0,0,0.8665551561036904,0.28088855884714276,1.0
sub110,AB,18.0,EM,1,5.714703499979805,1.7430424148825006,5,0,1,0.02784209005683331,0.18374879708002223,1.0
sub110,AB,21.0,BB,1,6.050813500012737,1.800192725815459,4,0,0,0.12587938808752377,0.1951034786278848,0.75
sub110,AB,27.0,BB,1,2.590545800048858,0.9518685871198359,5,0,0,-0.8834190431822773,0.0782065169201254,1.0
sub110,AB,7.0,EM,1,4.042252000013832,1.3968019624150365,5,0,1,-0.4599822118918579,0.1272489780193039,1.0
sub110,AB,3.0,BB,1,3.1047648999956436,1.1329379959312422,5,0,0,-0.7334304943452385,0.0955781932319048,1.0
sub110,AB,31.0,EM,1,2.417505999968853,0.8827364302321405,5,0,1,-0.9338916695544542,0.0723607764636625,1.0
sub110,AB,39.0,BB,1,3.369398300012108,1.214734182432565,5,0,0,-0.6562416469329417,0.10451820686976343,1.0
sub110,AB,32.0,EM,1,2.0027339999796823,0.6945132470559275,5,0,1,-1.0548732713328595,0.05834868526023017,1.0
sub110,AB,16.0,EM,1,6.966116499970667,1.9410578958881821,4,0,1,0.3928569638409042,0.22602482605374907,0.75
sub110,AB,8.0,BB,0,2.6607346000382677,0.9786022500948754,5,0,0,-0.8629462208851005,0.08057767955149096,1.0
sub110,AB,6.0,BB,1,3.131089900038205,1.141381154815551,5,0,0,-0.7257519609050622,0.0964675211073071,1.0
sub110,AB,11.0,EM,1,2.6414972999482416,0.9713459154556091,5,0,1,-0.8685573985413646,0.07992779285861806,1.0
sub110,AB,28.0,EM,1,2.6581383000011556,0.9776259905406003,5,0,1,-0.8637035153437316,0.0804899696942382,1.0
sub110,AB,9.0,EM,1,2.8048186999512836,1.0313389022872812,5,0,1,-0.8209194563042427,0.08544522014969515,1.0
sub110,AB,36.0,BB,0,4.215465300017968,1.4387599768244672,5,0,0,-0.4094589786833218,0.13310057976042627,1.0
sub110,AB,2.0,BB,1,3.291739200009033,1.1914160573220811,5,0,0,-0.6788934226344998,0.10189467781754205,1.0
sub110,AB,1.0,EM,1,2.237746500002686,0.8054693326978349,5,0,1,-0.9863243126483947,0.06628802683669856,1.0
sub110,AB,13.0,BB,1,4.181636799999978,1.4307027488370005,3,0,0,-0.4193261493651519,0.13195776388196834,0.5
sub110,AB,24.0,BB,1,1.7429371000034735,0.5555716786827511,5,0,0,-1.1306513978626311,0.049572061339303336,1.0
sub110,AB,19.0,BB,1,4.247132499993313,1.4462440493359507,3,0,0,-0.40022222071278774,0.134170381227795,0.5
sub110,AB,37.0,BB,1,2.003415099985432,0.6948532743466331,5,0,0,-1.0546746065973684,0.05837169461331927,1.0
sub111,AB,2.0,BB,1,6.29177890002029,1.839243844721697,5,0,0,0.19616470162568225,0.20324392485343895,1.0
sub111,AB,20.0,EM,1,8.151331199973356,2.098181251334711,4,0,1,0.7385629730734006,0.2660645020022701,0.75
sub111,AB,8.0,BB,1,12.399174500023946,2.517629897816225,3,0,0,1.9775831734659166,0.40956784296972176,0.5
sub111,AB,35.0,EM,1,5.677009799983352,1.7364246504480385,3,0,1,0.016847509413384414,0.18247540456037553,0.5
sub111,AB,23.0,EM,1,6.181354100001045,1.8215373575010336,3,0,1,0.16395575506531368,0.19951348410760544,0.5
sub111,AB,11.0,EM,1,3.055328599992208,1.116887148211494,4,0,1,-0.7478501821751055,0.09390810473888583,0.75
sub111,AB,36.0,BB,0,17.822320099978242,2.880451609975155,1,0,0,3.5594181126062416,0.5927759928883187,0.0
sub111,AB,21.0,BB,1,16.43826900003478,2.799612092115758,3,0,0,3.1557150684791178,0.5460190993585603,0.5
sub111,AB,13.0,BB,0,6.806123499991372,1.9178227216665609,2,0,0,0.346189856583585,0.22061984088676784,0.25
sub111,AB,29.0,BB,1,18.35780130000785,2.9100546231196205,3,0,0,3.7156084371785267,0.6108659589726595,0.5
sub111,AB,4.0,EM,0,11.766609999991488,2.465265859394799,4,0,1,1.7930753801624126,0.3881981471688003,0.75
sub111,AB,1.0,EM,1,4.038869399984833,1.3959648013184207,4,0,1,-0.4609688560474293,0.12713470487619805,0.75
sub111,AB,7.0,EM,1,11.413752600026783,2.4348189967461558,3,0,1,1.690153163985313,0.37627769431701535,0.5
sub111,AB,3.0,BB,1,4.269689399981871,1.4515410845437633,4,0,0,-0.39364277491644106,0.13493241275334306,0.75
sub111,AB,38.0,EM,1,17.561362500011455,2.865701176313761,1,0,1,3.483301430571161,0.5839601574629311,0.0
sub111,AB,37.0,BB,1,6.315418699989095,1.8429940560572906,4,0,0,0.20306001005060442,0.20404253959407342,0.75
sub111,AB,26.0,EM,1,2.7795925000100397,1.0223043342280458,4,0,1,-0.8282774893338437,0.0845930126373704,0.75
sub111,AB,9.0,EM,1,6.212904300016817,1.826628467778767,4,0,1,0.1731583862324051,0.20057933300801117,0.75
sub111,AB,31.0,EM,1,2.634640500007663,0.9687467400508841,4,0,1,-0.8705574049060829,0.07969615208698066,0.75
sub111,AB,18.0,EM,1,7.461959500040393,2.0098180472903207,4,0,1,0.5374855317784978,0.24277570928536046,0.75
sub111,AB,28.0,EM,1,3.6692069999990053,1.299975562424084,5,0,1,-0.5687927912906535,0.11464653483767971,1.0
sub111,AB,32.0,EM,1,2.8717093000304885,1.0549074274106873,5,0,1,-0.8014086601518693,0.08770496089638637,1.0
sub111,AB,34.0,BB,0,5.156465700012632,1.6402514029556123,2,0,0,-0.134985929228569,0.1648900530795891,0.25
sub111,AB,27.0,BB,1,3.068798699998297,1.121286182087985,3,0,0,-0.7439211940204218,0.09436316021468842,0.5
sub111,AB,19.0,BB,0,3.809127999993507,1.337400291550775,3,0,0,-0.5279803287757948,0.11937343494966797,0.5
sub111,AB,5.0,EM,1,11.101568999991287,2.407086449679694,2,0,1,1.5990947705011112,0.36573130961402817,0.25
sub111,AB,17.0,BB,1,4.017624699976295,1.390690857345409,4,0,0,-0.4671655564910506,0.12641700292400032,0.75
sub111,AB,14.0,BB,1,5.923272199986968,1.7788890326776559,2,0,0,0.08867786346575447,0.19079479740491878,0.25
sub111,AB,15.0,BB,1,5.890346599975601,1.7733148414288735,4,0,0,0.07907405262752455,0.1896824838680864,0.75
sub111,AB,6.0,BB,1,9.249165299988817,2.224533309613608,4,0,0,1.0587816182815923,0.30315223101014993,0.75
sub111,AB,33.0,BB,1,3.6653479999513365,1.2989232830686817,4,0,0,-0.5699183928429331,0.11451616764649178,0.75
sub111,AB,10.0,BB,1,2.5058062999742106,0.9186105589829952,4,0,0,-0.9081360454225437,0.07534379329459084,0.75
sub111,AB,24.0,BB,1,4.026592400041409,1.3929204599701466,5,0,0,-0.4645498381730974,0.1267199554646749,1.0
sub111,AB,40.0,EM,1,7.479201599955559,2.0121260483156274,4,0,1,0.5425147450952464,0.24335819285839888,0.75
sub111,AB,30.0,EM,1,6.32466319995001,1.8444567841760433,4,0,1,0.20575646596600133,0.20435484316467567,0.75
sub111,AB,25.0,BB,1,3.47512130002724,1.2456293848901974,3,0,0,-0.6254041316547094,0.10808980842085943,0.5
sub111,AB,16.0,EM,1,2.104983400029596,0.7443075811315619,3,0,1,-1.0250489432701104,0.06180293945056374,0.5
sub111,AB,22.0,EM,1,3.2792605999857187,1.1876179701499823,3,0,1,-0.6825332079112592,0.10147311782404587,0.5
sub111,AB,12.0,EM,1,2.4459248000057414,0.8944232927227651,4,0,1,-0.9256024119643258,0.07332083842063979,0.75
sub111,AB,39.0,BB,1,4.618512400018517,1.5300726619053227,4,0,0,-0.2918973213113667,0.14671657294375123,0.75
sub112,AB,11.0,EM,1,3.115168899996206,1.136283372277094,5,0,1,-0.7303958329288376,0.09592966776946327,1.0
sub112,AB,7.0,EM,0,4.135008199955337,1.4194893115342293,4,0,1,-0.4329268811460644,0.13038252689265628,0.75
sub112,AB,34.0,BB,1,8.0040932999691,2.0799530733213523,4,0,0,0.6956163012019418,0.2610904177258114,0.75
sub112,AB,12.0,EM,1,10.05318599997554,2.307889599189411,4,0,1,1.293300130017987,0.33031416908204386,0.75
sub112,AB,36.0,BB,1,7.523379099962767,2.0180153854342935,3,0,0,0.5554005346701867,0.24485062522909123,0.5
sub112,AB,40.0,EM,0,7.855449000024237,2.0612074311209607,2,0,1,0.6522594075277577,0.2560688215530896,0.25
sub112,AB,25.0,BB,0,6.424074999988079,1.8600526515433198,4,0,0,0.2347531166670954,0.20771323574871503,0.75
sub112,AB,10.0,BB,1,3.241258599970024,1.1759617111553078,5,0,0,-0.6936177141768743,0.10018931011728974,1.0
sub112,AB,18.0,EM,1,3.779083899979014,1.3294816257559916,4,0,1,-0.5367436574089688,0.11835846607631319,0.75
sub112,AB,32.0,EM,1,3.744311499991454,1.3202377549384778,5,0,1,-0.5468861468930328,0.11718376276943464,1.0
sub112,AB,17.0,BB,1,7.3088388000032865,1.989084410254805,1,0,0,0.4928229519601794,0.23760288852091793,0.0
sub112,AB,22.0,EM,1,2.030554500001017,0.7083089084641473,5,0,1,-1.0467585271964541,0.05928853506598902,1.0
sub112,AB,35.0,EM,1,3.404667299997527,1.2251472255757883,4,0,1,-0.6459543080781733,0.10570968663325386,0.75
sub112,AB,3.0,BB,1,5.256080299965106,1.6593855588367443,4,0,0,-0.10593012540603511,0.16825529677917328,0.75
sub112,AB,24.0,BB,1,4.053800800000317,1.3996549101674862,5,0,0,-0.4566136327181916,0.12763912691726487,1.0
sub112,AB,8.0,BB,0,16.392214599996805,2.7968065026027817,2,0,0,3.1422818206087624,0.544463260358656,0.25
sub112,AB,37.0,BB,1,2.6663971999660134,0.9807281978930847,5,0,0,-0.8612945413852624,0.08076897709963354,1.0
sub112,AB,9.0,EM,1,8.932739099953324,2.1897230779742958,3,0,1,0.9664857339741956,0.2924625200986886,0.5
sub112,AB,26.0,EM,1,6.067929400014691,1.8030174266154848,4,0,1,0.13087179113828298,0.1956816988352818,0.75
sub112,AB,1.0,EM,1,3.7344429999939166,1.3175986776094453,5,0,1,-0.5497646125003628,0.11685037883317524,1.0
sub112,AB,21.0,BB,1,5.534054499992635,1.710920729525969,5,0,0,-0.02485000434366998,0.17764599779825985,1.0
sub112,AB,39.0,BB,0,8.396905299974605,2.127863221297484,4,0,0,0.8101925622795598,0.2743606422588645,0.75
sub112,AB,19.0,BB,0,7.865547100023832,2.062492095441736,3,0,0,0.6552048433645583,0.2564099619824807,0.5
sub112,AB,31.0,EM,1,2.63775589998113,0.969928517785219,5,0,1,-0.8696486982456036,0.07980139850806148,1.0
sub112,AB,28.0,EM,1,2.571105799986981,0.9443360787349921,5,0,1,-0.8890893448085191,0.0775497824880305,1.0
sub112,AB,23.0,EM,1,5.091917099955026,1.6276544001138942,4,0,1,-0.15381360570558933,0.16270943126547271,0.75
sub112,AB,20.0,EM,1,4.883395600016229,1.5858407975702409,4,0,1,-0.21463561169560302,0.15566502548327138,0.75
sub112,AB,38.0,EM,0,6.275930600007996,1.8367217768121948,1,0,1,0.1915420349051656,0.20270852751418406,0.0
sub112,AB,14.0,BB,1,6.698964600043837,1.9019529771479105,1,0,0,0.3149335148806659,0.21699973085194496,0.0
sub112,AB,27.0,BB,1,4.415380599966738,1.4850940364483718,4,0,0,-0.35114724788075063,0.13985424542714642,0.75
sub112,AB,4.0,EM,0,6.37564330000896,1.852484995758765,5,0,1,0.22062645276384746,0.20607708529192814,1.0
sub112,AB,33.0,BB,1,6.3261541000101715,1.8446924843733845,4,0,0,0.20619133494793507,0.2044052096976594,0.75
sub112,AB,30.0,EM,1,9.852734800020698,2.2877490613200004,3,0,1,1.2348320867325837,0.32354239930086764,0.5
sub112,AB,15.0,BB,1,3.400987899978645,1.2240659482353262,4,0,0,-0.6470275235022606,0.10558538680433621,0.75
sub112,AB,16.0,EM,1,6.51155169995036,1.873577784185295,2,0,1,0.2602685113417648,0.2106684291997647,0.25
sub112,AB,2.0,BB,1,3.5944118999759667,1.2793803894671885,4,0,0,-0.5906091892302432,0.11211975925224958,0.75
sub112,AB,6.0,BB,1,7.2357840000186116,1.97903871634381,4,0,0,0.4715141685322292,0.23513490485697602,0.75
sub112,AB,5.0,EM,1,7.267257499974221,1.9833789851575734,1,0,1,0.48069442765845183,0.23619816262722265,0.0
sub112,AB,13.0,BB,0,7.631102100014687,2.0322322778556106,2,0,0,0.5868214143221321,0.2484897920520066,0.25
sub112,AB,29.0,BB,1,4.003173900011461,1.3870875214878915,4,0,0,-0.4713805973490897,0.12592881681916418,0.75
sub113,AB,21.0,BB,1,5.684372199990321,1.7377206901441862,3,0,0,0.01899499030842952,0.18272412583465752,0.5
sub113,AB,11.0,EM,1,4.2697797999717295,1.45156225681753,4,0,1,-0.3936164068501924,0.13493546670323053,0.75
sub113,AB,13.0,BB,0,3.3176973999943584,1.1992709880898416,4,0,0,-0.6713218782351893,0.10277161422038701,0.75
sub113,AB,14.0,BB,1,3.155724799958989,1.149218200182521,2,0,0,-0.7185663995553448,0.09729975294669467,0.25
sub113,AB,27.0,BB,1,4.524478600011207,1.509502343995944,3,0,0,-0.31932530523142777,0.14353986337333147,0.5
sub113,AB,25.0,BB,1,4.096682799980044,1.4101775730583146,3,0,0,-0.44410571741738936,0.12908779388301284,0.5
sub113,AB,22.0,EM,1,7.540312299970537,2.0202636002563534,4,0,1,0.5603396473880838,0.24542267334921752,0.75
sub113,AB,40.0,EM,1,2.744989099970553,1.0097771040867805,4,0,1,-0.8383706845443818,0.08342401859410134,0.75
sub113,AB,29.0,BB,1,6.223994700005278,1.8284119353341595,3,0,0,0.17639325829465202,0.2009539959460227,0.5
sub113,AB,15.0,BB,1,3.361461600055918,1.2123758794066766,4,0,0,-0.6585566408900061,0.10425008422975082,0.75
sub113,AB,34.0,BB,0,5.208023099985439,1.6502003403775065,2,0,0,-0.11994755433247423,0.16663179791928334,0.25
sub113,AB,26.0,EM,1,3.605579300026875,1.2824824513158277,5,0,1,-0.5873518576218067,0.11249702345528795,1.0
sub113,AB,12.0,EM,1,4.646367900015321,1.536085817613338,4,0,1,-0.2837723683057644,0.14765760514091647,0.75
sub113,AB,39.0,BB,1,5.884350499953143,1.7722963692779763,4,0,0,0.07732509709253332,0.18947991980787554,0.75
sub113,AB,7.0,EM,0,4.002642799983732,1.386954842949671,3,0,1,-0.4715355097637678,0.1259108748606258,0.5
sub113,AB,36.0,BB,1,2.7975837000412866,1.0287560803421654,2,0,0,-0.8230297768610809,0.08520080278642485,0.25
sub113,AB,31.0,EM,1,2.6024544999818318,0.9564550381579319,4,0,1,-0.8799454876071006,0.07860882418671884,0.75
sub113,AB,5.0,EM,1,2.0164730999968015,0.7013499952952716,5,0,1,-1.0508658206681372,0.05881282826529796,1.0
sub113,AB,30.0,EM,1,5.186620099993888,1.6460822518915534,4,0,1,-0.12619042806047093,0.16590874817649331,0.75
sub113,AB,3.0,BB,1,2.3200709000229836,0.8415977455659948,5,0,0,-0.962311752060501,0.06906916201791227,1.0
sub113,AB,4.0,EM,1,8.641461000021081,2.1565716657453025,4,0,1,0.88152510236528,0.2826223782812091,0.75
sub113,AB,18.0,EM,1,3.578837500012014,1.275038027012402,4,0,1,-0.595151964187149,0.11159361497843329,0.75
sub113,AB,38.0,EM,1,4.143667900003493,1.4215813617852566,3,0,1,-0.4304010009449568,0.13067507438108922,0.5
sub113,AB,37.0,BB,1,2.1423183000297286,0.7618885604394067,4,0,0,-1.0141590181923075,0.06306421076079333,0.75
sub113,AB,17.0,BB,0,5.24237200000789,1.6567740676652305,2,0,0,-0.10992859224209471,0.16779219428129605,0.25
sub113,AB,9.0,EM,1,8.582453400013037,2.149719816683124,3,0,1,0.8643136368703599,0.28062894605089955,0.5
sub113,AB,16.0,EM,1,3.3392929999972694,1.2057591079344214,4,0,1,-0.6650228265157239,0.10350117049911733,0.75
sub113,AB,8.0,BB,1,4.754729600041173,1.5591398279326931,4,0,0,-0.2521651912521036,0.15131834893210983,0.75
sub113,AB,32.0,EM,1,2.3496317000244744,0.8542585924798325,4,0,1,-0.9536893934294343,0.07006780374319298,0.75
sub113,AB,35.0,EM,1,3.1233765999786556,1.1389146602008908,4,0,1,-0.7280017930929296,0.09620694550452613,0.75
sub113,AB,28.0,EM,1,2.6402670999523252,0.9708800862648238,4,0,1,-0.8689162259598442,0.07988623346082435,0.75
sub113,AB,19.0,BB,0,4.292005600000266,1.4567541295206916,4,0,0,-0.38713353701247655,0.1356863127995852,0.75
sub113,AB,33.0,BB,1,4.032597900019027,1.394410808470581,4,0,0,-0.46279814083867893,0.12692283708014268,0.75
sub113,AB,20.0,EM,1,2.2481325999833643,0.8100999160495775,4,0,1,-0.9832948723488423,0.06663889666441362,0.75
sub113,AB,10.0,BB,1,6.011003400024492,1.7935916896906186,2,0,0,0.11426749127756063,0.19375858853919126,0.25
sub113,AB,2.0,BB,1,3.792649600014556,1.3330648777419483,4,0,0,-0.5327867844291434,0.11881675117304437,0.75
sub113,AB,6.0,BB,1,3.1140874999691732,1.1359361719152972,4,0,0,-0.7307112580477875,0.09589313522674925,0.75
sub113,AB,1.0,EM,1,3.75521790003404,1.3231463128358028,2,0,1,-0.5437049443363932,0.11755220970438159,0.25
sub113,AB,24.0,BB,1,2.1382983999792486,0.760010372545506,3,0,0,-1.015331551408409,0.06292840794349254,0.5
sub113,AB,23.0,EM,1,3.1635089000337757,1.1516818229511765,1,0,1,-0.7162959162645834,0.09756272036056882,0.0
sub114,AB,38.0,EM,1,7.67725629999768,2.0382622307251976,4,0,1,0.6002837720581633,0.25004900255705526,0.75
sub114,AB,27.0,BB,1,10.599624800030142,2.360818604267989,4,0,0,1.4526865912694733,0.348774311771664,0.75
sub114,AB,34.0,BB,1,4.788295199978165,1.566174439925967,5,0,0,-0.24237470383941317,0.1524522833530142,1.0
sub114,AB,13.0,BB,0,7.196662399976049,1.9736173629880343,1,0,0,0.4601030948883792,0.23381327411084346,0.0
sub114,AB,36.0,BB,1,3.284513600054197,1.1892185740189978,5,0,0,-0.6810010013919108,0.10165057800952867,1.0
sub114,AB,1.0,EM,1,9.939072199980728,2.2964736762698497,5,0,1,1.2600151678972236,0.3264591041954573,1.0
sub114,AB,9.0,EM,1,3.5744485000032,1.2738108985124181,5,0,1,-0.5964321572842858,0.11144534299185517,1.0
sub114,AB,11.0,EM,1,3.394752799998969,1.2222309453991278,5,0,1,-0.6488461910661497,0.10537474869573672,1.0
sub114,AB,22.0,EM,1,4.145410500001162,1.4220018186658046,5,0,1,-0.42989271557616965,0.13073394400126387,1.0
sub114,AB,23.0,EM,1,5.013192999991588,1.6120730374388457,2,0,1,-0.17677602291887437,0.16004992370800836,0.25
sub114,AB,18.0,EM,1,4.513646900013555,1.5071054520334723,2,0,1,-0.32248471911600374,0.14317394000275852,0.25
sub114,AB,16.0,EM,0,6.712411499989685,1.90395827538899,3,0,1,0.31885573599116773,0.21745400256857378,0.5
sub114,AB,25.0,BB,1,5.900789799983613,1.7750862063566362,5,0,0,0.08212014798761293,0.1900352826851998,1.0
sub114,AB,24.0,BB,1,5.048287599987816,1.6190490966722326,5,0,0,-0.16653955343340549,0.16123551178026962,1.0
sub114,AB,40.0,EM,1,4.168038900010288,1.4274456374234175,4,0,1,-0.4232924144978472,0.13149839098592986,0.75
sub114,AB,31.0,EM,1,3.0058838999830186,1.1005716678247646,5,0,1,-0.7622723201369752,0.09223773247153605,1.0
sub114,AB,39.0,BB,0,3.585650800028816,1.27693999175444,3,0,0,-0.5931646459750926,0.11182378620801066,0.5
sub114,AB,20.0,EM,1,3.0315080000436865,1.1090601854981887,4,0,1,-0.754798226732525,0.09310338209847646,0.75
sub114,AB,8.0,BB,1,5.408473999996204,1.6879669828280999,5,0,0,-0.06147959853541368,0.1734035575675582,1.0
sub114,AB,10.0,BB,1,5.383393800002523,1.6833189931360861,1,0,0,-0.06879504598181198,0.17255628231821413,0.0
sub114,AB,35.0,EM,1,5.29257350001717,1.6663046115104554,2,0,1,-0.0952857092052459,0.16948813324703504,0.25
sub114,AB,14.0,BB,1,3.4674881999962963,1.243430470171873,1,0,0,-0.6276305709232773,0.10783194218639496,0.0
sub114,AB,21.0,BB,1,6.609349099977408,1.888485176999387,4,0,0,0.28879427032584426,0.21397228309702226,0.75
sub114,AB,29.0,BB,1,3.3984126999857835,1.2233084696669927,2,0,0,-0.6477786634539551,0.10549838976218294,0.25
sub114,AB,19.0,BB,1,7.324432199995499,1.991215636539684,1,0,0,0.4973712688867764,0.2381296746657594,0.0
sub114,AB,5.0,EM,1,4.643730100011453,1.5355179441474722,3,0,1,-0.28454176756523064,0.14756849330542232,0.5
sub114,AB,4.0,EM,0,6.793189200048801,1.9159205220292783,5,0,1,0.34241715176027115,0.22018288614909848,1.0
sub114,AB,3.0,BB,1,2.9331342999939807,1.076071578239202,5,0,0,-0.7834920821644068,0.08978005926773677,1.0
sub114,AB,28.0,EM,1,2.251933299994562,0.8117890917191748,5,0,1,-0.9821862758783817,0.06676729432673215,1.0
sub114,AB,12.0,EM,0,2.666282600024715,0.9806852176483994,1,0,1,-0.8613279681461391,0.0807651056116126,0.0
sub114,AB,37.0,BB,1,3.0154698999831453,1.103755672092595,5,0,0,-0.7594762547451614,0.09256157281341396,1.0
sub114,AB,2.0,BB,1,4.019499300047755,1.3911573426467303,5,0,0,-0.46661876905278316,0.1264803318545259,1.0
sub114,AB,32.0,EM,1,2.9335306999855675,1.0762067146385674,5,0,1,-0.7833764593501176,0.08979345070408083,1.0
sub114,AB,30.0,EM,1,4.197106399980839,1.434395335467052,3,0,1,-0.4148139426959346,0.13248036773617766,0.5
sub114,AB,33.0,BB,1,2.9911837999825366,1.095669228773662,5,0,0,-0.766560077373258,0.09174112435451824,1.0
sub114,AB,7.0,EM,1,3.8032697000307962,1.3358611441362342,5,0,1,-0.5296890904887493,0.11917552613861827,1.0
sub114,AB,6.0,BB,1,4.411423799989279,1.4841974944920293,5,0,0,-0.35230137592990113,0.13972057429659918,1.0
sub114,AB,15.0,BB,0,3.9300039000227116,1.3686404182528686,1,0,0,-0.4927229825655362,0.12345694139549944,0.0
sub114,AB,17.0,BB,1,3.602098399947863,1.281516564522736,5,0,0,-0.5883671741504066,0.11237942947744367,1.0
sub114,AB,26.0,EM,1,4.140753899991978,1.4208778727061047,5,0,1,-0.43125096282518155,0.1305766317814701,1.0
sub115,AB,16.0,EM,1,5.646195399982389,1.7309819378017564,5,0,1,0.007859497999753863,0.18143441292351525,1.0
sub115,AB,25.0,BB,1,3.8422277999925427,1.346052354622119,5,0,0,-0.5183257069051459,0.12049163342115103,1.0
sub115,AB,9.0,EM,1,4.6384851999464445,1.5343878474079087,5,0,1,-0.2860716114578969,0.14739130675940254,1.0
sub115,AB,32.0,EM,1,6.6028034999617375,1.8874943315634622,5,0,1,0.28688503543410326,0.2137511554789498,1.0
sub115,AB,5.0,EM,1,3.5581256999867037,1.2692339174522829,4,0,1,-0.6011932272011458,0.11089391579201405,0.75
sub115,AB,39.0,BB,1,16.32673839997733,2.7928041564749244,4,0,0,3.1231835797513123,0.5422513017733345,0.75
sub115,AB,22.0,EM,1,4.165889199997764,1.426929746229156,5,0,1,-0.42391944368705226,0.13142576845442755,1.0
sub115,AB,3.0,BB,1,4.330937300052028,1.4657839851136187,5,0,0,-0.3757778538122085,0.13700152822358735,1.0
sub115,AB,2.0,BB,1,5.684326299990062,1.7377126153412068,5,0,0,0.018981602096223436,0.18272257521168905,1.0
sub115,AB,12.0,EM,1,5.815532099979464,1.7605322865099429,5,0,1,0.05725199606146069,0.1871550529004405,1.0
sub115,AB,28.0,EM,1,4.348815099976491,1.469903417185476,5,0,1,-0.3705632181299738,0.13760548741819267,1.0
sub115,AB,35.0,EM,1,8.228568199963775,2.107612026280942,5,0,1,0.7610916297224595,0.26867377140370874,1.0
sub115,AB,36.0,BB,0,6.8924018000252545,1.9304196164476541,3,0,0,0.37135569935283996,0.22353454923010685,0.5
sub115,AB,33.0,BB,1,4.021355400036555,1.3916190099920556,4,0,0,-0.4660773777589839,0.12654303580350612,0.75
sub115,AB,30.0,EM,1,4.242829700000584,1.4452304287190927,4,0,1,-0.4014772708011882,0.1340250213049221,0.75
sub115,AB,21.0,BB,1,5.185849200002849,1.6459336084065428,4,0,0,-0.12641528585156894,0.16588270514325232,0.75
sub115,AB,17.0,BB,1,5.646349100046791,1.7310091593131547,4,0,0,0.007904329569834034,0.18143960531673475,0.75
sub115,AB,27.0,BB,1,3.1148171999957412,1.1361704667279664,5,0,0,-0.7304984175522038,0.09591778641661666,1.0
sub115,AB,11.0,EM,1,3.394088200002443,1.222035153511043,5,0,1,-0.6490400430429555,0.10535229675644149,1.0
sub115,AB,10.0,BB,1,4.152607699972577,1.4237364983453944,4,0,0,-0.4277934205878772,0.1309770843829951,0.75
sub115,AB,31.0,EM,1,3.140660199976992,1.1444330325894683,5,0,1,-0.7229604749413896,0.09679083105973876,1.0
sub115,AB,19.0,BB,0,5.882142499962356,1.771921066285535,4,0,0,0.07668106283848741,0.18940532774947016,0.75
sub115,AB,15.0,BB,1,9.942312699975446,2.2967996595994538,4,0,0,1.2609603640048057,0.3265685768249306,0.75
sub115,AB,1.0,EM,1,7.501140300009865,2.0150550489866705,5,0,1,0.5489138729861728,0.2440993399610329,1.0
sub115,AB,26.0,EM,1,4.626158499973826,1.5317268260787151,5,0,1,-0.28966709019650055,0.1469748783499193,1.0
sub115,AB,29.0,BB,0,4.224393499956932,1.4408757001987542,5,0,0,-0.4068547818483331,0.13340219788274532,1.0
sub115,AB,38.0,EM,0,7.32277550001163,1.99098942277596,4,0,1,0.49688803902140477,0.2380737069744222,0.75
sub115,AB,8.0,BB,1,3.831525399989914,1.3432630006611872,4,0,0,-0.5214474062851066,0.12013007814515274,0.75
sub115,AB,24.0,BB,1,2.854647299973294,1.048948297813974,4,0,0,-0.8063853415491586,0.08712856157116523,0.75
sub115,AB,13.0,BB,1,4.112949799979106,1.414140483965708,5,0,0,-0.4393609233713421,0.12963733601121585,1.0
sub115,AB,14.0,BB,1,6.841460199968424,1.9230011883784945,3,0,0,0.35649694231959955,0.22181360773438458,0.5
sub115,AB,6.0,BB,1,5.802378399996087,1.7582679024619166,3,0,0,0.05341529615562548,0.18671068625121034,0.5
sub115,AB,7.0,EM,1,2.4840944000170566,0.9099081665766064,4,0,1,-0.9144690197663701,0.07461030809692228,0.75
sub115,AB,34.0,BB,1,10.564954399946146,2.357542334915416,4,0,0,1.4425738533397925,0.34760305429032695,0.75
sub115,AB,40.0,EM,1,5.870175199990626,1.769884480071029,4,0,1,0.073190414676171,0.1890010408191396,0.75
sub115,AB,20.0,EM,1,3.203009499993641,1.1640908365900409,4,0,1,-0.7047742950980697,0.09889715472268192,0.75
sub115,AB,18.0,EM,1,3.7566927000298165,1.3235389692698962,3,0,1,-0.5432747714563615,0.11760203233476209,0.5
sub115,AB,37.0,BB,1,3.0680103999911807,1.1210292733268983,5,0,0,-0.7441511270861672,0.09433652936305026,1.0
sub115,AB,23.0,EM,1,3.6884461999870837,1.3052052853573262,3,0,1,-0.5631810594679809,0.11529648571411559,0.5
sub115,AB,4.0,EM,1,5.084612000035122,1.6262187237446961,4,0,1,-0.15594437318623983,0.16246264573913405,0.75
sub116,AB,33.0,BB,1,5.662620000017341,1.7338866826406465,5,0,0,0.012650261168072946,0.18198927919625224,1.0
sub116,AB,26.0,EM,1,8.007431700010784,2.0803700729625563,5,0,1,0.6965900530087914,0.261203197676866,1.0
sub116,AB,10.0,BB,1,7.85322950000409,2.060924848466422,5,0,0,0.651612018920061,0.2559938409933866,1.0
sub116,AB,19.0,BB,1,11.117440100002568,2.4085150554864745,2,0,0,1.6037240875750705,0.3662674771973334,0.25
sub116,AB,32.0,EM,1,3.7924554999917746,1.3330136984846368,5,0,1,-0.532843399947216,0.1188101939627653,1.0
sub116,AB,29.0,BB,1,5.600230399984866,1.7228077397491999,3,0,0,-0.005547673471777179,0.17988159409257232,0.5
sub116,AB,37.0,BB,1,3.1449320999672636,1.1457923000838117,5,0,0,-0.7217144378331138,0.0969351470990982,1.0
sub116,AB,40.0,EM,1,3.613029300002381,1.2845465617374865,5,0,1,-0.58517882537684,0.1127487040873583,1.0
sub116,AB,4.0,EM,1,12.953135899966583,2.561337913268467,4,0,1,2.139163843063232,0.4282821189077791,0.75
sub116,AB,12.0,EM,1,6.803451399959158,1.9174300422351762,4,0,1,0.3454104526170254,0.22052957030592568,0.75
sub116,AB,13.0,BB,1,7.994610800000373,2.0787676646757682,3,0,0,0.6928504249250713,0.2607700738877466,0.5
sub116,AB,7.0,EM,1,6.332508100022096,1.8456963820120376,2,0,1,0.20804468353260985,0.2046198645626841,0.25
sub116,AB,2.0,BB,1,3.564100999967195,1.2709118481428239,5,0,0,-0.5994503386677703,0.11109577717199316,1.0
sub116,AB,6.0,BB,1,4.53619199997047,1.5120878935654627,5,0,0,-0.31590871517862845,0.1439355728921412,1.0
sub116,AB,39.0,BB,0,4.050705100002233,1.3988909647309997,2,0,0,-0.45751659324687594,0.12753454601326758,0.25
sub116,AB,20.0,EM,1,2.9633508999831975,1.0863206888434618,5,0,1,-0.7746784383622981,0.09080085564482489,1.0
sub116,AB,5.0,EM,1,4.434424999984913,1.489397956845459,3,0,1,-0.34559233573825415,0.14049761544724487,0.5
sub116,AB,24.0,BB,1,3.004551999969408,1.1001284720041677,5,0,0,-0.7626608116384737,0.09219273737913576,1.0
sub116,AB,23.0,EM,1,4.058135400002357,1.4007236070378062,2,0,1,-0.4553493071337041,0.1277855611282544,0.25
sub116,AB,18.0,EM,1,4.151158199994825,1.4233873796419203,5,0,1,-0.4282162139034599,0.1309281164538963,1.0
sub116,AB,11.0,EM,1,4.3779300000169314,1.476576009940623,5,0,1,-0.36207092057227325,0.1385890654677141,1.0
sub116,AB,28.0,EM,1,3.951688200002536,1.3741428800126163,5,0,1,-0.4863980586433064,0.1241894941931999,1.0
sub116,AB,22.0,EM,1,3.3353673000237904,1.2045828082428471,5,0,1,-0.666167883247869,0.103368550008662,1.0
sub116,AB,16.0,EM,0,12.79021319997264,2.548680284722551,2,0,1,2.0916421945145247,0.4227781607536989,0.25
sub116,AB,14.0,BB,1,2.987145600025542,1.094318282614305,5,0,0,-0.7677379483460128,0.09160470331814988,1.0
sub116,AB,35.0,EM,1,3.1272729000193067,1.1401613468197125,5,0,1,-0.7268653117973273,0.09633857278777322,1.0
sub116,AB,30.0,EM,1,4.449132099980488,1.4927090434443513,5,0,1,-0.341302536728132,0.14099446004254396,1.0
sub116,AB,9.0,EM,1,2.60577760002343,0.95773113355028,5,0,1,-0.878976198537653,0.07872108726345067,1.0
sub116,AB,38.0,EM,1,6.293652899970766,1.8395416493571053,5,0,1,0.19671131401935193,0.20330723351029617,1.0
sub116,AB,8.0,BB,1,2.6763367999810725,0.9844489938310473,5,0,0,-0.8583953371697177,0.08110476298185385,1.0
sub116,AB,15.0,BB,0,3.3347111000330187,1.2043860489385239,5,0,0,-0.666359285092672,0.10334638184369759,1.0
sub116,AB,25.0,BB,1,6.37894599995343,1.853002879939998,3,0,0,0.2215897914884621,0.20618865919961887,0.5
sub116,AB,36.0,BB,0,12.183298699965235,2.5000660548395253,2,0,0,1.9146160491735835,0.40227498954876867,0.25
sub116,AB,31.0,EM,1,4.07628029998159,1.4051848813919166,5,0,1,-0.45005676312481735,0.12839854366659553,1.0
sub116,AB,27.0,BB,1,2.9870476000360213,1.0942854748405193,5,0,0,-0.7677665331967424,0.09160139262024564,1.0
sub116,AB,3.0,BB,1,2.5760699000093155,0.946264942970741,5,0,0,-0.8876414052848629,0.07771748286861967,1.0
sub116,AB,21.0,BB,1,3.2016200000070967,1.1636569317065986,5,0,0,-0.7051795874853272,0.0988502137514034,1.0
sub116,AB,34.0,BB,1,2.6313994999509305,0.9675158339180142,5,0,0,-0.8715027468728445,0.07958666256409472,1.0
sub116,AB,17.0,BB,1,4.144068899971899,1.4216781312600595,3,0,0,-0.4302840363993942,0.1306886212167725,0.5
sub116,AB,1.0,EM,1,2.3971736999810673,0.8742904184008234,5,0,1,-0.9398222391696297,0.07167389778860286,1.0
sub117,AB,4.0,EM,0,2.5473391000414267,0.9350493241755854,5,0,1,-0.8960216676954906,0.07674688073176342,1.0
sub117,AB,33.0,BB,1,2.9816714000189677,1.0924840157767128,5,0,0,-0.7693346749458508,0.09141977041583257,1.0
sub117,AB,30.0,EM,0,3.7145410000230186,1.3122551173797452,3,0,1,-0.5555696712679167,0.11617803682665066,0.5
sub117,AB,13.0,BB,1,2.969908299972303,1.0885310769077514,3,0,0,-0.7727657616285639,0.09102238189709634,0.5
sub117,AB,18.0,EM,1,2.685585400031414,0.9878987302790591,2,0,1,-0.8556976853312923,0.08141720506428188,0.25
sub117,AB,14.0,BB,1,2.5388827999704517,0.9317241417400273,5,0,0,-0.8984882197475388,0.07646120463057726,1.0
sub117,AB,31.0,EM,1,2.0120791000081226,0.6991685655840583,5,0,1,-1.0521474721703084,0.05866438736622365,1.0
sub117,AB,39.0,BB,0,1.4682080000056885,0.38404260953250413,5,0,0,-1.2107849810691624,0.04029098835099566,1.0
sub117,AB,28.0,EM,1,2.3070690000313334,0.8359778877306255,5,0,1,-0.966104174613599,0.06862992357243942,1.0
sub117,AB,12.0,EM,1,3.8792486999882385,1.3556415008620442,5,0,1,-0.5075273700336252,0.1217422969837502,1.0
sub117,AB,27.0,BB,1,4.173318000044674,1.428711402886392,3,0,0,-0.421752595083506,0.13167673289704196,0.5
sub117,AB,17.0,BB,1,4.037521800026298,1.3956310879215166,1,0,0,-0.4613619269431127,0.12708917939828435,0.0
sub117,AB,40.0,EM,0,3.4959941999986768,1.2516177987526327,5,0,1,-0.6193158786569882,0.10879494998800361,1.0
sub117,AB,16.0,EM,0,3.0220697000040673,1.1059419277818159,3,0,1,-0.7575512106776517,0.09278453145049646,0.5
sub117,AB,37.0,BB,1,2.140386800048873,0.7609865603872543,5,0,0,-1.014722402320274,0.06299895960138072,1.0
sub117,AB,2.0,BB,1,8.135560200025793,2.0962446012411506,1,0,0,0.7339628534043942,0.2655317160629098,0.0
sub117,AB,21.0,BB,1,9.122205200023018,2.210711573105893,5,0,0,1.0217496193611977,0.2988631842568394,1.0
sub117,AB,11.0,EM,1,3.3098250000039116,1.1968953179018464,5,0,1,-0.6736181170379759,0.10250566380266614,1.0
sub117,AB,9.0,EM,1,4.405708900012542,1.4829011772035232,5,0,1,-0.35396831042212135,0.13952750991497592,1.0
sub117,AB,6.0,BB,1,3.5654606000171043,1.2712932460863926,4,0,0,-0.599053767559257,0.1111417080446172,0.75
sub117,AB,38.0,EM,1,2.753356300003361,1.0128206402355666,5,0,1,-0.8359301213858372,0.08370668466119392,1.0
sub117,AB,1.0,EM,1,5.079746400006115,1.6252613390856443,5,0,1,-0.15736358201696524,0.1622982729478954,1.0
sub117,AB,25.0,BB,0,1.7372255999944173,0.5522893579240938,5,0,0,-1.132317340644861,0.049379111817548275,1.0
sub117,AB,23.0,EM,1,2.9391268999897875,1.0781125644528489,1,0,1,-0.7817441475248244,0.08998250508782377,0.0
sub117,AB,19.0,BB,1,1.8710655000177212,0.6265080547057605,5,0,0,-1.0932786266354686,0.05390057634705789,1.0
sub117,AB,8.0,BB,1,3.1609827000065707,1.1508829602689852,5,0,0,-0.7170327637994024,0.09747737866638445,1.0
sub117,AB,29.0,BB,1,3.7470361999585293,1.3209651808159981,5,0,0,-0.5460914004627268,0.11727581031469238,1.0
sub117,AB,34.0,BB,0,2.7808582999859937,1.022759621054006,5,0,0,-0.8279082780355257,0.084635774696306,1.0
sub117,AB,3.0,BB,1,2.9717653000261635,1.0891561533556817,5,0,0,-0.7722241078018242,0.09108511625264624,1.0
sub117,AB,26.0,EM,1,2.207375400001183,0.7918042079623849,5,0,1,-0.9951830213511274,0.06526201104204335,1.0
sub117,AB,35.0,EM,1,4.138788899988867,1.420403208805579,1,0,1,-0.4318241183127195,0.13051024890302348,0.0
sub117,AB,20.0,EM,1,5.617543399974238,1.7258944508996148,2,0,1,-0.0004977798667161041,0.18046647285695955,0.25
sub117,AB,10.0,BB,0,2.697195000015199,0.9922123441079224,1,0,0,-0.852311371881779,0.08180940794637713,0.0
sub117,AB,24.0,BB,1,2.2850511000142433,0.8263883873408598,5,0,0,-0.972526403722444,0.06788610088634785,1.0
sub117,AB,7.0,EM,0,3.4964216999942437,1.2517400740869988,1,0,1,-0.6191911845256938,0.1088093920644396,0.0
sub117,AB,15.0,BB,0,2.9155638000229374,1.0700632144874405,2,0,0,-0.7886170839258558,0.08918648147538195,0.25
sub117,AB,36.0,BB,0,2.061538899957668,0.7234527427212847,4,0,0,-1.037720929824895,0.06033526974935134,0.75
sub117,AB,5.0,EM,1,3.006280500034336,1.1007036003620356,2,0,1,-0.7621566389688273,0.09225113066642503,0.25
sub117,AB,32.0,EM,0,2.3768518999568187,0.8657768809918168,2,0,1,-0.9457497461325352,0.07098737382998192,0.25
sub117,AB,22.0,EM,1,2.772162400011439,1.0196276654742846,2,0,1,-0.8304447171101351,0.08434200427896209,0.25
sub118,AB,4.0,EM,0,10.017142899974715,2.304297915273576,5,0,1,1.2827869999820325,0.32909653818005635,1.0
sub118,AB,17.0,BB,1,6.5547177999978885,1.8801850651825895,4,0,0,0.27285929357010535,0.21212669381448856,0.75
sub118,AB,9.0,EM,1,6.168097000045236,1.8193903624741472,5,0,1,0.16008889522995354,0.1990656243348179,1.0
sub118,AB,36.0,BB,1,2.886407700018026,1.0600127185717811,5,0,0,-0.7971213987790707,0.08820151158248687,1.0
sub118,AB,23.0,EM,1,2.9638103999895975,1.0864757377729797,4,0,1,-0.774544410398036,0.09081637876595607,0.75
sub118,AB,29.0,BB,1,2.7754295999766327,1.0208055460188323,5,0,0,-0.8294917330969186,0.08445237890380017,1.0
sub118,AB,3.0,BB,1,1.396429900021758,0.33391890823789433,5,0,0,-1.2317213738557855,0.03786613497755151,1.0
sub118,AB,7.0,EM,1,3.268737600010354,1.1844038553280243,5,0,1,-0.6856025794999078,0.10111762315373934,1.0
sub118,AB,8.0,BB,1,4.6446301999967545,1.5357117566093161,5,0,0,-0.2842792244379575,0.14759890105494877,1.0
sub118,AB,34.0,BB,1,2.588588900049217,0.9511129010038792,5,0,0,-0.8839898360431331,0.07814040768114186,1.0
sub118,AB,38.0,EM,1,7.376950600009877,1.9983603553919949,4,0,1,0.5126899503714099,0.23990388461937007,0.75
sub118,AB,31.0,EM,1,2.256932099990081,0.8140064131959225,5,0,1,-0.9807282149908493,0.06693616696385991,1.0
sub118,AB,19.0,BB,1,2.9998452000436373,1.0985606873513305,5,0,0,-0.7640337013086661,0.09203372927386845,1.0
sub118,AB,39.0,BB,1,4.111697599990293,1.4138359845902109,4,0,0,-0.43972616779574236,0.1295950333956858,0.75
sub118,AB,24.0,BB,1,2.900345699978061,1.0648299367768383,5,0,0,-0.7930559325451002,0.08867237395178505,1.0
sub118,AB,28.0,EM,1,2.5430808000382967,0.933376259446146,5,0,1,-0.8972637379298486,0.07660302413580952,1.0
sub118,AB,22.0,EM,1,1.273636500001885,0.24187619461840051,5,0,1,-1.267538020646332,0.03371785032886999,1.0
sub118,AB,32.0,EM,1,1.6459558000206016,0.4983212489299332,5,0,1,-1.15893911500551,0.0462957774521969,1.0
sub118,AB,18.0,EM,1,3.167469899985008,1.1529331304008414,5,0,1,-0.7151405631579206,0.09769653337729826,1.0
sub118,AB,11.0,EM,1,2.3744062000187114,0.8647473851813794,5,0,1,-0.9464631132257558,0.07090475164094824,1.0
sub118,AB,1.0,EM,1,2.1888324999599718,0.783368296636285,5,0,1,-1.0005916548863254,0.06463558301276373,1.0
sub118,AB,12.0,EM,1,4.296216899994761,1.4577348447576417,5,0,1,-0.38590517584316747,0.13582858161138883,1.0
sub118,AB,37.0,BB,1,1.8167284000082873,0.5970373010856176,5,0,0,-1.1091277905021384,0.05206492591481538,1.0
sub118,AB,33.0,BB,1,3.055526899988763,1.116952049106835,5,0,0,-0.7477923415995206,0.09391480383534712,1.0
sub118,AB,27.0,BB,1,2.036677199997939,0.7113196563504356,5,0,0,-1.0449726447047343,0.05949537600696471,1.0
sub118,AB,21.0,BB,1,2.2438876000232995,0.8082098972897716,5,0,0,-0.984533063197625,0.0664954893789639,1.0
sub118,AB,2.0,BB,1,2.2911153999739327,0.8290387732084269,5,0,0,-0.9707575554809834,0.06809096892016488,1.0
sub118,AB,40.0,EM,1,1.8669607000192627,0.6243118145358194,5,0,1,-1.094475923653605,0.05376190538577856,1.0
sub118,AB,6.0,BB,1,4.8161178000154905,1.5719681678434825,5,0,0,-0.2342593471657626,0.15339220410284732,1.0
sub118,AB,14.0,BB,1,2.535871699976269,0.9305374438031794,5,0,0,-0.8993665039625307,0.07635948173765719,1.0
sub118,AB,16.0,EM,1,3.019850700045936,1.1052073930938437,5,0,1,-0.7581984534261689,0.09270956778420616,1.0
sub118,AB,26.0,EM,1,1.494420100003481,0.4017382386184498,5,0,1,-1.2031393785603348,0.04117650216536149,1.0
sub118,AB,5.0,EM,1,3.744324399973266,1.320241200153864,5,0,1,-0.5468823841981968,0.11718419856481539,1.0
sub118,AB,20.0,EM,1,2.7347000000299886,1.0060217406547147,5,0,1,-0.841371831660629,0.08307642568336439,1.0
sub118,AB,13.0,BB,1,3.1399745999951847,1.1442147107139364,5,0,0,-0.7231604522397136,0.0967676696855997,1.0
sub118,AB,35.0,EM,1,2.532363600039389,0.9291530958834533,5,0,1,-0.9003897542050099,0.07624096887693467,1.0
sub118,AB,15.0,BB,1,3.6080761999473907,1.2831747216967024,5,0,0,-0.5866235564060249,0.1125813753146541,1.0
sub118,AB,25.0,BB,1,2.166344199969899,0.7730410463739581,5,0,0,-1.0071510912854638,0.06387586897594524,1.0
sub118,AB,30.0,EM,1,4.23829350003507,1.4441607118216757,5,0,1,-0.40280039950281077,0.13387177651589238,1.0
sub118,AB,10.0,BB,1,2.291110899997875,0.8290368091081128,5,0,0,-0.9707588680438166,0.06809081689911492,1.0
sub119,AB,6.0,BB,1,2.2825132000000394,0.8252771166028117,5,0,0,-0.9732666639349942,0.06780036393576983,1.0
sub119,AB,40.0,EM,1,2.300306399999954,0.8330423314537396,5,0,1,-0.9680767045433057,0.0684014651219787,1.0
sub119,AB,1.0,EM,1,2.0896883999998863,0.7370149639524199,5,0,1,-1.0295102222446877,0.061286234042825544,1.0
sub119,AB,25.0,BB,1,7.46489489999999,2.010211351856543,5,0,0,0.5383417356422628,0.2428748748316208,1.0
sub119,AB,17.0,BB,1,14.615522499999997,2.682084148864974,3,0,0,2.6240523930431014,0.4844419191248626,0.5
sub119,AB,7.0,EM,0,10.43080359999999,2.34476331302458,4,0,1,1.4034444553626773,0.3430710867421125,0.75
sub119,AB,38.0,EM,1,3.676632400000017,1.3019972245176095,5,0,1,-0.566626934419912,0.1148973844177836,1.0
sub119,AB,14.0,BB,1,5.303092299999889,1.6682901032458182,5,0,0,-0.09221756267961427,0.16984348603052185,1.0
sub119,AB,15.0,BB,1,3.051440100000036,1.1156136431194432,5,0,0,-0.7489843883355516,0.09377674096183174,1.0
sub119,AB,3.0,BB,1,3.223693800000092,1.1705278449478775,5,0,0,-0.6987410533495648,0.0995959248859936,1.0
sub119,AB,8.0,BB,1,5.063728299999866,1.6221030301639154,5,0,0,-0.16203577637013597,0.16175713931737273,1.0
sub119,AB,5.0,EM,1,10.607368399999814,2.3615488917010805,3,0,1,1.4549452614012242,0.3490359109852579,0.5
sub119,AB,11.0,EM,1,5.39835149999999,1.6860936291857027,5,0,1,-0.06443215141645643,0.1730615928419803,1.0
sub119,AB,13.0,BB,1,8.199440699999968,2.1040659446269054,2,0,0,0.7525956569916249,0.26768976769557157,0.25
sub119,AB,10.0,BB,1,3.20071269999994,1.1633735037575232,5,0,0,-0.7054442307306819,0.09881956276616456,1.0
sub119,AB,12.0,EM,1,11.277393800000027,2.4228001732753626,4,0,1,1.6503797317279552,0.37167113470736146,0.75
sub119,AB,22.0,EM,1,3.167148700000098,1.1528317194065991,5,0,1,-0.7152342514702141,0.09768568239535344,1.0
sub119,AB,4.0,EM,0,3.033173799999986,1.1096095300650148,5,0,1,-0.7543123425673431,0.09315965721086339,1.0
sub119,AB,18.0,EM,1,5.342029700000012,1.6756056743877785,5,0,1,-0.08086021690597407,0.17115889401380058,1.0
sub119,AB,19.0,BB,0,9.414183799999819,2.2422174669013613,3,0,0,1.106914574351245,0.3087269908118437,0.5
sub119,AB,31.0,EM,1,3.623637900000176,1.2874784659701806,2,0,1,-0.5820844857869132,0.11310709055200326,0.25
sub119,AB,16.0,EM,1,5.2040700999998535,1.6494410309668845,4,0,1,-0.12110057399170551,0.16649825516247568,0.75
sub119,AB,35.0,EM,1,7.143188999999893,1.9661593152935855,5,0,1,0.4445058569315703,0.23200680174182364,1.0
sub119,AB,37.0,BB,1,7.997041000000081,2.0790715982592163,4,0,0,0.6935592709624466,0.26085217244801434,0.75
sub119,AB,9.0,EM,1,4.896337200000062,1.588487415387452,5,0,1,-0.21086077758032917,0.15610222683557223,1.0
sub119,AB,29.0,BB,1,6.722521599999936,1.9054633222460795,4,0,0,0.3218046720172545,0.21779554838994836,0.75
sub119,AB,33.0,BB,1,13.288673199999948,2.586912033279357,3,0,0,2.237034094708709,0.4396174531404267,0.5
sub119,AB,21.0,BB,1,4.737087400000064,1.5554224742675145,5,0,0,-0.2573111066464026,0.15072234892243785,1.0
sub119,AB,28.0,EM,1,3.163597500000151,1.1517098294238923,5,0,1,-0.7162700732331111,0.09756571350091942,1.0
sub119,AB,32.0,EM,1,3.1845917999999074,1.1583241175451784,4,0,1,-0.7101464100102965,0.09827495628094432,0.75
sub119,AB,34.0,BB,0,4.833378300000049,1.5755456641634282,5,0,0,-0.22922476687663365,0.15397530927871939,1.0
sub119,AB,20.0,EM,1,19.293239500000027,2.959754749572636,1,0,1,3.9884590920026626,0.6424675265177376,0.0
sub119,AB,24.0,BB,1,7.270561799999996,1.9838335650384338,5,0,0,0.48165823309827205,0.23630979058987656,1.0
sub119,AB,30.0,EM,1,2.820362100000011,1.0368652809622245,5,0,1,-0.8163857234702357,0.08597031716468144,1.0
sub119,AB,36.0,BB,1,4.511413599999969,1.5066105412106212,5,0,0,-0.3231361329358913,0.14309849324291019,1.0
sub119,AB,26.0,EM,1,4.566058899999916,1.5186504477177711,5,0,1,-0.3071970726236529,0.1449445554830281,1.0
sub119,AB,23.0,EM,1,12.154059400000278,2.4976632209811513,5,0,1,1.9060874663745226,0.4012872089419674,1.0
sub119,AB,27.0,BB,1,3.163618999999926,1.1517166254612257,3,0,0,-0.7162638020662746,0.09756643982757052,0.5
sub119,AB,2.0,BB,1,2.57057420000001,0.9441292980761933,5,0,0,-0.8892444030523996,0.0775318236395514,1.0
sub119,AB,39.0,BB,1,6.149470900000324,1.8163660455971444,4,0,0,0.15465599373617592,0.19843638559015725,0.75
sub120,AB,18.0,EM,1,11.737889699999869,2.4628220452611753,3,0,1,1.7846981804077688,0.3872278997488129,0.5
sub120,AB,7.0,EM,1,5.9910064999994574,1.7902594280618833,5,0,1,0.10843475185519241,0.19308304055874892,1.0
sub120,AB,11.0,EM,1,6.394129199999952,1.8553802568770357,5,0,1,0.22601846040005244,0.2067015877092998,1.0
sub120,AB,27.0,BB,1,4.957407500000045,1.6008829226396655,5,0,0,-0.193047659251998,0.15816534250741865,1.0
sub120,AB,9.0,EM,1,2.8969708000004175,1.063665639344085,5,0,1,-0.7940403307328947,0.08855836093670584,1.0
sub120,AB,25.0,BB,0,10.943989299999885,2.392790383175028,4,0,0,1.5531315798488536,0.3604078520803791,0.75
sub120,AB,35.0,EM,1,6.000847899999826,1.791900775910433,5,0,1,0.11130531287622969,0.1934155089856876,1.0
sub120,AB,30.0,EM,1,4.468721100000039,1.4971022603064104,5,0,1,-0.33558877446919383,0.14165622808586686,1.0
sub120,AB,5.0,EM,1,3.612736799999766,1.2844656014631775,5,0,1,-0.585264142415689,0.11273882266644812,1.0
sub120,AB,21.0,BB,1,5.879014500000267,1.771389145822973,5,0,0,0.07576868098584011,0.18929965566756912,1.0
sub120,AB,12.0,EM,1,4.370529400000123,1.474884145934925,5,0,1,-0.3642295437295214,0.13833905369643168,1.0
sub120,AB,32.0,EM,1,3.2563419999996768,1.1806044794792472,5,0,1,-0.6892181551519173,0.100698867119399,1.0
sub120,AB,37.0,BB,1,3.6371902999999293,1.291211487979429,5,0,0,-0.5781314921905407,0.11356492633847605,1.0
sub120,AB,28.0,EM,1,2.903881199999887,1.066048187034802,5,0,1,-0.792024690186071,0.08879181245958417,1.0
sub120,AB,29.0,BB,1,19.421906700000363,2.966401640329935,4,0,0,4.025989021585155,0.6468142436089156,0.75
sub120,AB,33.0,BB,1,3.438592399999834,1.2350622015992927,5,0,0,-0.6360589609021856,0.10685576591375084,1.0
sub120,AB,26.0,EM,1,5.030806400000074,1.615580289353542,5,0,1,-0.17163850798091804,0.16064495077668195,1.0
sub120,AB,40.0,EM,1,23.418675500000063,3.153533802343167,3,0,1,5.191775264085957,0.781835626310956,0.5
sub120,AB,2.0,BB,1,3.3811445000001186,1.2182142616471703,5,0,0,-0.6528154896962042,0.10491502445998181,1.0
sub120,AB,20.0,EM,1,3.536195900000166,1.2630515448245434,4,0,1,-0.6075897591008897,0.11015306935712352,0.75
sub120,AB,16.0,EM,1,5.924461799999335,1.779089847452256,4,0,1,0.08902484859246391,0.19083498522827552,0.75
sub120,AB,38.0,EM,1,7.33751889999985,1.9930007609600764,3,0,1,0.5011884260925694,0.23857177787913375,0.5
sub120,AB,10.0,BB,1,15.353237299999819,2.731326350819923,2,0,0,2.839230655225564,0.5093638691600367,0.25
sub120,AB,23.0,EM,1,11.299266699999862,2.424737829807279,2,0,1,1.6567596669154507,0.3724100589107533,0.25
sub120,AB,34.0,BB,0,6.880423499999779,1.9286802052833327,1,0,0,0.36786184267085037,0.22312989068897238,0.0
sub120,AB,4.0,EM,1,4.508600500000284,1.5059867949371226,5,0,1,-0.32395666408055285,0.14300345931159136,1.0
sub120,AB,15.0,BB,1,8.195602599999802,2.1035977421342316,2,0,0,0.7514761516107941,0.2675601065630659,0.25
sub120,AB,8.0,BB,0,4.100649499999236,1.4111453757979489,4,0,0,-0.4429487017024696,0.12922179946305923,0.75
sub120,AB,22.0,EM,1,7.299295199999506,1.9877777955480194,5,0,1,0.490039253891795,0.23728048056265277,1.0
sub120,AB,24.0,BB,1,2.7828970999999,1.023492507372182,5,0,0,-0.8273135963998447,0.08470465073360157,1.0
sub120,AB,3.0,BB,1,7.455220900000313,2.0089145788978042,5,0,0,0.535520002218609,0.2425480616178527,1.0
sub120,AB,13.0,BB,0,6.18550469999991,1.822208603162011,2,0,0,0.16516641112748118,0.19965370231359475,0.25
sub120,AB,6.0,BB,1,5.7117604999994,1.742527294886413,4,0,0,0.026983669402419495,0.18364937478503074,0.75
sub120,AB,1.0,EM,1,4.460746400000062,1.4953161062899143,4,0,1,-0.3379148523619268,0.14138682170423406,0.75
sub120,AB,14.0,BB,1,2.2807448000003205,0.8245020562892179,5,0,0,-0.9737824747046616,0.0677406227235355,1.0
sub120,AB,19.0,BB,1,5.684439300000122,1.7377324943701251,1,0,0,0.019014562185666353,0.1827263926498165,0.0
sub120,AB,31.0,EM,1,2.2688541999996232,0.819274946350838,4,0,1,-0.977250750852107,0.0673389269203529,0.75
sub120,AB,36.0,BB,1,11.760520699999688,2.464748218701132,1,0,0,1.7912992398570486,0.3879924345680163,0.0
sub120,AB,17.0,BB,1,15.127554900000177,2.7165179086599722,1,0,0,2.773403120469447,0.5017397229498609,0.0
sub121,AB,23.0,EM,1,4.719187900000179,1.551636729709582,4,0,1,-0.2625320718539749,0.1501176566420988,0.75
sub121,AB,32.0,EM,1,2.6688795999998547,0.9816587588765344,5,0,1,-0.8605704695280572,0.08085283911461646,1.0
sub121,AB,30.0,EM,1,4.116272700000081,1.414948069421462,5,0,1,-0.4383916926443459,0.12974959233072397,1.0
sub121,AB,16.0,EM,0,8.183164500000203,2.102078933995053,4,0,1,0.7478481794693025,0.2671399147671001,0.75
sub121,AB,4.0,EM,1,26.566408100000444,3.2796475643329086,2,0,1,6.109912775605763,0.8881743287218568,0.25
sub121,AB,25.0,BB,1,8.589239500000076,2.1505101988987656,4,0,0,0.8662930213183984,0.2808581983917916,0.75
sub121,AB,17.0,BB,1,20.872085799999695,3.0384126585963736,2,0,0,4.448980425026241,0.695805115246906,0.25
sub121,AB,34.0,BB,1,3.9609753000004275,1.3764902828214043,4,0,0,-0.48368917705619235,0.12450323690531463,0.75
sub121,AB,8.0,BB,1,5.522257300000092,1.7087867078588819,4,0,0,-0.028291037372985623,0.17724745729348862,0.75
sub121,AB,2.0,BB,1,4.0107262999999875,1.388972347112344,5,0,0,-0.4691776968449405,0.1261839567935279,1.0
sub121,AB,15.0,BB,1,3.9018427000000884,1.3614489287281908,5,0,0,-0.5009371028215515,0.12250558184585432,1.0
sub121,AB,13.0,BB,0,7.168072299999949,1.9696367621172897,2,0,0,0.45176387215829233,0.2328474251904949,0.25
sub121,AB,5.0,EM,1,13.910786499999631,2.632664546392958,1,0,1,2.418493459187449,0.46063407986231586,0.0
sub121,AB,11.0,EM,1,3.259871100000055,1.181687654719611,5,0,1,-0.6881887795651057,0.10081808941760771,1.0
sub121,AB,35.0,EM,1,4.7746283999995285,1.5633161489147778,5,0,1,-0.24636106587118903,0.15199058283377775,1.0
sub121,AB,22.0,EM,1,6.0000519000004715,1.7917681191907227,5,0,1,0.11107313385995078,0.19338861800801993,1.0
sub121,AB,12.0,EM,1,5.109858699999677,1.6311717521698303,5,0,1,-0.14858036066511882,0.16331554579626967,1.0
sub121,AB,26.0,EM,1,3.939713599999777,1.371108030312384,5,0,1,-0.4898908360945984,0.12378496064858345,1.0
sub121,AB,33.0,BB,1,2.174296299999696,0.7767050719601906,5,0,0,-1.0048316054013342,0.06414451187102796,1.0
sub121,AB,36.0,BB,1,6.672371999999996,1.8979754188978541,5,0,0,0.3071769272883491,0.21610136274329628,1.0
sub121,AB,19.0,BB,0,5.599010300000373,1.7225898499793475,2,0,0,-0.005903554896891925,0.1798403758997809,0.25
sub121,AB,28.0,EM,1,2.8629120999994484,1.051839323583692,4,0,1,-0.8039746466479396,0.08740776829617952,0.75
sub121,AB,27.0,BB,1,4.012546300000395,1.3894260273304695,4,0,0,-0.46864683527450735,0.12624544118976638,0.75
sub121,AB,38.0,EM,1,12.242582500000026,2.504920243391317,2,0,1,1.9319080772948332,0.4042777525438484,0.25
sub121,AB,21.0,BB,1,4.9403542999998535,1.5974370492757721,5,0,0,-0.19802177382946345,0.15758924047131379,1.0
sub121,AB,10.0,BB,1,2.813879199999974,1.0345640295546832,3,0,0,-0.8182766698846374,0.08575130771836967,0.5
sub121,AB,37.0,BB,1,4.209170300000551,1.437265549887126,5,0,0,-0.4112951180208906,0.13288791807069805,1.0
sub121,AB,31.0,EM,1,2.50819649999994,0.9195639689838023,5,0,1,-0.9074388666648381,0.07542454055032614,1.0
sub121,AB,20.0,EM,1,2.7868760000001203,1.0249212552244313,5,0,1,-0.8261530221678441,0.08483906846115763,1.0
sub121,AB,40.0,EM,1,9.488482699999622,2.250078715750459,3,0,1,1.1285862395856012,0.3112370034528588,0.5
sub121,AB,9.0,EM,1,2.6882503999995606,0.9888905730840091,4,0,1,-0.8549203523269088,0.0815072357862491,0.75
sub121,AB,14.0,BB,1,2.8654476000001523,1.0527245683305555,5,0,0,-0.8032350864765627,0.08749342416797679,1.0
sub121,AB,39.0,BB,1,4.808057799999915,1.5702932187912453,4,0,0,-0.23661030555312662,0.15311991606189745,0.75
sub121,AB,24.0,BB,1,3.033986399999776,1.1098773983849084,5,0,0,-0.7540753216267244,0.09318710898029156,1.0
sub121,AB,18.0,EM,1,5.1944007000001875,1.6475812569726782,4,0,1,-0.12392096567732133,0.1661715973488303,0.75
sub121,AB,29.0,BB,1,3.6034158000002208,1.2818822289376492,5,0,0,-0.587982912029238,0.11242393472294127,1.0
sub121,AB,1.0,EM,1,4.496636399999261,1.5033296506169513,5,0,1,-0.327446378868433,0.14259928048470405,1.0
sub121,AB,3.0,BB,0,2.2577113999996072,0.8143516453354117,5,0,0,-0.9805009070640344,0.0669624937718619,1.0
sub121,AB,6.0,BB,1,4.696007199999258,1.5467126157442235,5,0,0,-0.26929346899874207,0.14933455150824027,1.0
sub121,AB,7.0,EM,1,2.6832070000000385,0.987012720908702,5,0,1,-0.8563914222409033,0.08133685644345225,1.0
sub122,AB,32.0,EM,1,3.142324300000837,1.1449627490204934,5,0,1,-0.7224750866162145,0.09684704874392756,1.0
sub122,AB,15.0,BB,1,3.126386399999319,1.1398778328054702,4,0,0,-0.7271238880570495,0.09630862448091491,0.75
sub122,AB,19.0,BB,1,15.922747900000104,2.767748772305326,4,0,0,3.005346749416141,0.5286034380526664,0.75
sub122,AB,2.0,BB,1,6.3470424999995885,1.8479889563787364,5,0,0,0.21228410902471379,0.205110874896258,1.0
sub122,AB,34.0,BB,0,10.148583000000144,2.317334089830668,2,0,0,1.3211257350929018,0.3335369311414729,0.25
sub122,AB,22.0,EM,0,4.607224499999575,1.5276256149595946,3,0,1,-0.29518980061334893,0.14633523793424053,0.5
sub122,AB,8.0,BB,1,3.7920756000003166,1.332913520902986,4,0,0,-0.5329542100054729,0.11879735993990785,0.75
sub122,AB,17.0,BB,0,6.438648499999545,1.862318657844001,2,0,0,0.23900394694240504,0.2082055669844764,0.25
sub122,AB,27.0,BB,1,4.584507500001564,1.5226826844540349,2,0,0,-0.3018159447297095,0.14556779780846346,0.25
sub122,AB,33.0,BB,1,3.464241800000309,1.2424937919592636,5,0,0,-0.6285774879561007,0.10772227023933058,1.0
sub122,AB,31.0,EM,1,3.136455699999715,1.1430934044312318,5,0,1,-0.7241868526668424,0.09664879197043674,1.0
sub122,AB,14.0,BB,1,3.554085399999167,1.2680977587063296,3,0,0,-0.6023717107153903,0.11075742381107977,0.5
sub122,AB,39.0,BB,1,4.493221700000504,1.502569972293891,3,0,0,-0.3284423860132092,0.1424839229200271,0.5
sub122,AB,40.0,EM,1,2.817327100001421,1.035788598589673,1,0,1,-0.817270978890651,0.08586778686662908,0.0
sub122,AB,30.0,EM,1,10.857932700000674,2.384895937269233,4,0,1,1.5280304030293486,0.3575006333484548,0.75
sub122,AB,20.0,EM,1,9.213750899998558,2.220697031201298,4,0,1,1.0484518688362234,0.3019558392513251,0.75
sub122,AB,38.0,EM,1,5.352155000000494,1.6774992835426779,1,0,1,-0.07790684731357837,0.17150095333090143,0.0
sub122,AB,3.0,BB,1,2.1026677999998356,0.7432069194305564,5,0,0,-1.0257243625382526,0.06172471237928477,1.0
sub122,AB,11.0,EM,1,2.7248936999985744,1.0024294181794946,5,0,1,-0.8442321546461514,0.08274514302587549,1.0
sub122,AB,7.0,EM,1,4.615130000000136,1.52934003657219,5,0,1,-0.2928839071274048,0.14660230655753115,1.0
sub122,AB,35.0,EM,1,3.687000200001421,1.3048131734970347,5,0,1,-0.5636028318982356,0.11524763602397307,1.0
sub122,AB,29.0,BB,1,3.280019599998923,1.1878493979876261,5,0,0,-0.6823118211316558,0.10149875884467575,1.0
sub122,AB,36.0,BB,0,2.758547199999157,1.0147041643322507,3,0,0,-0.8344160283511597,0.08388204694256993,0.5
sub122,AB,9.0,EM,1,2.775181999999404,1.0207163306331282,2,0,1,-0.8295639535984138,0.08444401432407207,0.25
sub122,AB,13.0,BB,0,2.619469499999468,0.9629718163547436,4,0,0,-0.8749825152838797,0.07918363572674504,0.75
sub122,AB,5.0,EM,1,8.109264599999733,2.093007185840682,4,0,1,0.7262928954251668,0.26464338139754245,0.75
sub122,AB,1.0,EM,1,2.3362520999999106,0.8485479786635978,5,0,1,-0.9575919843520818,0.06961580559525982,1.0
sub122,AB,12.0,EM,1,4.8233313000000635,1.573464830413355,5,0,1,-0.23215529775407395,0.15363589514197834,1.0
sub122,AB,28.0,EM,1,2.9628900999996404,1.0861651771170615,5,0,1,-0.7748128455067332,0.09078528860703952,1.0
sub122,AB,26.0,EM,1,2.401982400000634,0.8762943964039008,5,0,1,-0.9384196270577847,0.0718363483475747,1.0
sub122,AB,23.0,EM,1,2.6890282000003936,0.9891798644018357,5,0,1,-0.8546934819259018,0.08153351192000448,1.0
sub122,AB,16.0,EM,0,5.538141099999848,1.7116589029362692,3,0,1,-0.02365801593868324,0.17778405391587265,0.5
sub122,AB,10.0,BB,1,2.6430912999985594,0.9719491791036726,4,0,0,-0.8680924571293904,0.07998164238096747,0.75
sub122,AB,25.0,BB,1,4.697111200001018,1.5469476814508036,4,0,0,-0.2689714518698621,0.14937184753765798,0.75
sub122,AB,24.0,BB,1,4.233734799998274,1.4430845349451769,5,0,0,-0.4041300910743085,0.13371777161516052,1.0
sub122,AB,4.0,EM,0,7.922107499998674,2.069657268913093,5,0,1,0.671702504215248,0.25832072134659106,1.0
sub122,AB,18.0,EM,1,2.8629182999993645,1.0518414892084078,4,0,1,-0.8039728382184388,0.08740797774851548,0.75
sub122,AB,37.0,BB,1,2.9656087000003026,1.0870823064892456,5,0,0,-0.7740198783279375,0.09087713007935666,1.0
sub122,AB,21.0,BB,1,5.220488799999657,1.6525910373572883,5,0,0,-0.1163115317585094,0.16705292211647704,1.0
sub122,AB,6.0,BB,1,5.502016899999944,1.7051147341079789,5,0,0,-0.03419480139928793,0.17656368324219435,1.0
sub123,AB,26.0,EM,1,8.846108300000196,2.179977622192829,5,0,1,0.9412170732595196,0.2895359033791386,1.0
sub123,AB,37.0,BB,1,4.478355999999621,1.4992560147932248,5,0,0,-0.3327784458188638,0.14198172039859203,1.0
sub123,AB,31.0,EM,1,2.7583825000001525,1.0146444572096267,5,0,1,-0.8344640684061608,0.08387648294257158,1.0
sub123,AB,24.0,BB,1,3.5355231999983516,1.2628612940540218,5,0,0,-0.6077859737049084,0.11013034377830377,1.0
sub123,AB,16.0,EM,1,2.5127277999999933,0.9213689359418843,5,0,1,-0.9061171671958304,0.0755776198056098,1.0
sub123,AB,21.0,BB,1,3.686851200000092,1.3047727604229797,5,0,0,-0.5636462925436655,0.11524260241127021,1.0
sub123,AB,8.0,BB,1,3.90188390000003,1.361459487785947,4,0,0,-0.500925085515691,0.12250697369042622,0.75
sub123,AB,36.0,BB,1,6.577337299999272,1.883629997784379,3,0,0,0.2794569986747542,0.21289084013343895,0.5
sub123,AB,3.0,BB,1,4.02566939999997,1.3926912076014575,5,0,0,-0.46481906083870106,0.1266887740909039,1.0
sub123,AB,38.0,EM,1,9.082619099999647,2.2063625981568498,5,0,1,1.010203059349643,0.29752586147726373,1.0
sub123,AB,13.0,BB,0,4.3566719999998895,1.471708463144752,5,0,0,-0.3682715003913889,0.13787091420617975,1.0
sub123,AB,14.0,BB,1,2.8546650000007503,1.0489544982200916,5,0,0,-0.8063801787665378,0.08712915952473738,1.0
sub123,AB,5.0,EM,1,5.243981499999791,1.657081038053848,5,0,1,-0.10945912977334672,0.16784656743251897,1.0
sub123,AB,22.0,EM,1,2.2677102999987255,0.8187706440202346,5,0,1,-0.9775844060997769,0.0673002829638163,1.0
sub123,AB,20.0,EM,1,4.3288995000002615,1.465313352667204,5,0,1,-0.37637224377675116,0.13693268596764802,1.0
sub123,AB,40.0,EM,1,10.284172800000306,2.330606092062974,3,0,1,1.3606748637449357,0.3381175119036917,0.5
sub123,AB,12.0,EM,1,2.3355214999992313,0.8482352066548534,5,0,1,-0.9578050873540777,0.06959112400189524,1.0
sub123,AB,7.0,EM,1,2.8181873000012274,1.0360938768466097,5,0,1,-0.8170200738781886,0.08589684668949753,1.0
sub123,AB,25.0,BB,1,3.3419794000001275,1.2065632661805743,5,0,0,-0.6642392515025316,0.10359192417065237,1.0
sub123,AB,6.0,BB,1,3.523005099999864,1.2593143469878751,5,0,0,-0.6114372804205951,0.10970744937155241,1.0
sub123,AB,23.0,EM,1,5.155195300001651,1.640005002299616,4,0,1,-0.13535648227513858,0.16484713561934788,0.75
sub123,AB,30.0,EM,1,6.49118129999988,1.8704445326426093,4,0,1,0.254326828646356,0.20998026340756087,0.75
sub123,AB,29.0,BB,1,3.4012733999988995,1.2241498909149238,5,0,0,-0.6469442482335368,0.10559503174739526,1.0
sub123,AB,33.0,BB,1,2.4342149999993126,0.8896243226278604,5,0,0,-0.9290179519750293,0.07292525051772368,1.0
sub123,AB,18.0,EM,1,3.2635469999986526,1.1828146407049676,5,0,1,-0.6871165850345703,0.1009422710066166,1.0
sub123,AB,4.0,EM,0,9.09575120000045,2.207807403391695,5,0,1,1.0140334589254407,0.29796949842216036,1.0
sub123,AB,28.0,EM,1,3.920663999999306,1.3662610272128102,5,0,1,-0.49544726497927505,0.12314141495937954,1.0
sub123,AB,19.0,BB,1,2.7445387999996456,1.0096130462733865,5,0,0,-0.8385020290222217,0.08340880627441384,1.0
sub123,AB,15.0,BB,1,2.730459399999745,1.0044698734278337,5,0,0,-0.8426087391282832,0.08293316703913912,1.0
sub123,AB,11.0,EM,1,2.319520000000921,0.8413602677208473,5,0,1,-0.96247243978072,0.06905055116338661,1.0
sub123,AB,39.0,BB,0,4.052895499999067,1.3994315639432016,5,0,0,-0.4568776925974604,0.12760854349749612,1.0
sub123,AB,2.0,BB,1,3.1343777000001865,1.1424306535836044,5,0,0,-0.7247929682398441,0.0965785916543236,1.0
sub123,AB,9.0,EM,0,6.115932500000781,1.8108972513807944,3,0,1,0.14487344006057704,0.19730337005481963,0.5
sub123,AB,34.0,BB,1,4.6649581999990914,1.5400788739159887,5,0,0,-0.27834990905191803,0.14828563446516824,1.0
sub123,AB,27.0,BB,1,4.223305299999993,1.4406180679159926,5,0,0,-0.40717219038567204,0.1333654356204793,1.0
sub123,AB,10.0,BB,1,3.570128900000782,1.2726017015825217,5,0,0,-0.5976921076361614,0.11129941552038215,1.0
sub123,AB,17.0,BB,1,12.293811700001243,2.50909602195311,5,0,0,1.9468507221072489,0.4060084099236008,1.0
sub123,AB,1.0,EM,1,7.159815799999706,1.9684842543846042,5,0,1,0.4493555982267374,0.2325684988622288,1.0
sub123,AB,35.0,EM,1,3.8351501999986795,1.3442085996321065,5,0,1,-0.5203901167110797,0.12025253344184188,1.0
sub123,AB,32.0,EM,1,2.1367042000001675,0.7592645484129138,5,0,1,-1.015796551136041,0.06287455166702263,1.0
sub124,AB,15.0,BB,1,6.743957900000169,1.908646978094092,4,0,0,0.328057258764427,0.21851972309478673,0.75
sub124,AB,10.0,BB,1,6.730664100001377,1.9066738163516805,4,0,0,0.32417969418046866,0.21807062349783196,0.75
sub124,AB,8.0,BB,1,3.814410200000566,1.3387860525225932,4,0,0,-0.5264396051546617,0.1195518815860263,0.75
sub124,AB,9.0,EM,1,4.763499899998351,1.5609826711713832,5,0,1,-0.2496070510282599,0.15161463277693216,1.0
sub124,AB,7.0,EM,1,4.593486899999334,1.5246394088692892,5,0,1,-0.2991968137498758,0.14587114560369585,1.0
sub124,AB,5.0,EM,1,6.698815300000206,1.9019306898667712,3,0,1,0.31488996671824276,0.21699468710302244,0.5
sub124,AB,36.0,BB,1,5.218711599998642,1.6522505515058652,3,0,0,-0.11682990933175216,0.16699288361700837,0.5
sub124,AB,35.0,EM,1,4.021252800001093,1.39159349587203,5,0,1,-0.4661073043611484,0.12653956970392755,1.0
sub124,AB,13.0,BB,1,7.720201199999792,2.0438404258732112,2,0,0,0.6128100341747108,0.25149979445131904,0.25
sub124,AB,1.0,EM,1,7.609103000000687,2.02934529370425,5,0,1,0.5804046688392005,0.24774660447956282,1.0
sub124,AB,30.0,EM,1,5.929141799999343,1.7798794807825256,4,0,1,0.09038992120184602,0.19099308796142506,0.75
sub124,AB,31.0,EM,1,9.491120099999534,2.2503566351615953,4,0,1,1.1293555221710412,0.3113261017751652,0.75
sub124,AB,21.0,BB,1,5.09724339999957,1.6286998837981919,5,0,0,-0.15226001888931884,0.1628893677173136,1.0
sub124,AB,22.0,EM,1,3.726179900000716,1.3153835533543454,5,0,1,-0.5521748115322614,0.1165712295397542,1.0
sub124,AB,6.0,BB,1,4.749779800000397,1.5580982590773362,5,0,0,-0.2536089597259437,0.15115113164258226,1.0
sub124,AB,40.0,EM,1,8.138809800000672,2.0966439531076824,2,0,1,0.7349107038140413,0.26564149611369403,0.25
sub124,AB,17.0,BB,0,9.250901500001419,2.224721006235082,1,0,0,1.0592880368887734,0.3032108844219632,0.0
sub124,AB,28.0,EM,1,2.484547800000655,0.9100906711589873,5,0,1,-0.9143367710700658,0.0746256251432079,1.0
sub124,AB,14.0,BB,1,5.004384400001072,1.6103144081996494,1,0,0,-0.1793453345799935,0.15975234598712823,0.0
sub124,AB,20.0,EM,1,3.98610379999991,1.3828142625955198,5,0,1,-0.47635964135873593,0.12535214385613913,1.0
sub124,AB,38.0,EM,1,8.425201900001412,2.131227440343143,3,0,1,0.8184461763041692,0.27531657597746895,0.5
sub124,AB,34.0,BB,1,4.065022200000385,1.4024192042395687,5,0,0,-0.45334055028678394,0.12801821538089125,1.0
sub124,AB,27.0,BB,1,2.982503100000031,1.0927629143858837,5,0,0,-0.7690920828810279,0.09144786743296211,1.0
sub124,AB,29.0,BB,1,2.9331426999997348,1.0760744420677442,5,0,0,-0.783489632032404,0.08978034304206758,1.0
sub124,AB,23.0,EM,1,3.1517016000016156,1.1479424974638919,1,0,1,-0.7197398952954878,0.09716383864984283,0.0
sub124,AB,24.0,BB,1,2.380753800000093,0.8674171602264552,5,0,0,-0.9446116314159514,0.07111919029607527,1.0
sub124,AB,11.0,EM,1,3.9164534000010462,1.3651864993759826,3,0,1,-0.4966754219721552,0.12299916979529342,0.5
sub124,AB,18.0,EM,1,2.7366901999994298,1.0067492340282291,5,0,1,-0.8407913257919383,0.08314365988308281,1.0
sub124,AB,3.0,BB,1,1.8919630000000325,0.6376149144131121,5,0,0,-1.087183198252911,0.05460654896739754,1.0
sub124,AB,12.0,EM,1,16.00222919999942,2.7727280375349186,5,0,1,3.0285300283877166,0.5312885258227831,1.0
sub124,AB,19.0,BB,0,4.374810200000866,1.4758631360115695,2,0,0,-0.3629809106467763,0.13848367040159892,0.25
sub124,AB,39.0,BB,0,3.556452900000295,1.2687636717465884,3,0,0,-0.6016811531503803,0.11083740420016293,0.5
sub124,AB,4.0,EM,0,2.351869699999952,0.8552106288418783,5,0,1,-0.9530366087144092,0.07014340928013975,1.0
sub124,AB,16.0,EM,1,2.705955299999914,0.9954550107651202,4,0,1,-0.849756148471718,0.08210535396577684,0.75
sub124,AB,26.0,EM,1,2.5602686000001995,0.9401121748626341,5,0,1,-0.8922503629419224,0.07718367331333072,1.0
sub124,AB,25.0,BB,1,7.829830099999526,2.0579408111720863,5,0,0,0.6447868308811392,0.2552033475970674,1.0
sub124,AB,37.0,BB,1,2.5259760999997525,0.9266275622840736,5,0,0,-0.9022528741508477,0.07602518229269163,1.0
sub124,AB,32.0,EM,1,2.6550760000009177,0.9764732795199584,1,0,1,-0.8645967336881822,0.08038651713018681,0.0
sub124,AB,2.0,BB,1,2.396618500000841,0.874058785505801,5,0,0,-0.9399841811110262,0.0716551416701588,1.0
sub124,AB,33.0,BB,1,11.965770600001633,2.482050123799755,5,0,0,1.8511669784405143,0.39492631708274173,1.0
sub125,AB,36.0,BB,1,8.051470900001732,2.0858547952362247,5,0,0,0.7094355029332886,0.2626909579085487,1.0
sub125,AB,5.0,EM,1,10.856662800000777,2.384778974464069,1,0,1,1.5276599958271024,0.35745773277990567,0.0
sub125,AB,13.0,BB,0,4.86440279999988,1.5819439537350755,5,0,0,-0.22017547303700222,0.15502339864721548,1.0
sub125,AB,16.0,EM,1,3.7873026999986905,1.3316540770690442,5,0,1,-0.5343463798899877,0.11863611879988538,1.0
sub125,AB,34.0,BB,1,4.21505789999901,1.4386633280140413,5,0,0,-0.40957781000959104,0.1330868167141694,1.0
sub125,AB,27.0,BB,0,9.663247200000114,2.2683297408073213,5,0,0,1.179561930193004,0.3171410088177173,1.0
sub125,AB,32.0,EM,1,3.327314000000115,1.2021653719036356,5,0,1,-0.6685168873669797,0.10309648831109494,1.0
sub125,AB,12.0,EM,1,3.312716200000068,1.197768457107031,5,0,1,-0.672774805515969,0.10260333615768183,1.0
sub125,AB,24.0,BB,1,3.6190872000006493,1.286221839345386,5,0,0,-0.5834118438900882,0.11295335591361277,1.0
sub125,AB,8.0,BB,1,6.336321400000088,1.846298379235719,5,0,0,0.20915695518887173,0.2047486878850855,1.0
sub125,AB,35.0,EM,1,2.978068300000814,1.0912748688546985,4,0,1,-0.7703856350192777,0.09129804820201202,0.75
sub125,AB,20.0,EM,1,4.526099799999429,1.5098605973437211,5,0,1,-0.3188524300822294,0.14359463178126297,1.0
sub125,AB,23.0,EM,1,2.813486799999737,1.0344245682149116,5,0,1,-0.8183911259727239,0.08573805141227453,1.0
sub125,AB,10.0,BB,1,4.476481400000921,1.4988373360518144,5,0,0,-0.33332523323590857,0.14191839147052449,1.0
sub125,AB,22.0,EM,1,3.631132099999377,1.289544472932463,5,0,1,-0.5798985611826132,0.11336026437735382,1.0
sub125,AB,17.0,BB,0,4.294948400000067,1.4574395413943337,5,0,0,-0.38627517468884176,0.1357857283387049,1.0
sub125,AB,37.0,BB,1,2.544675400000415,0.9340030976638731,5,0,0,-0.8967986215342918,0.0766568939247605,1.0
sub125,AB,30.0,EM,1,3.7159510999990744,1.3126346615536713,5,0,1,-0.5551583702307797,0.1162256737198618,1.0
sub125,AB,28.0,EM,1,2.187885000001188,0.7829353237639924,5,0,1,-1.0008680237412666,0.06460357396722045,1.0
sub125,AB,2.0,BB,1,5.739054300000134,1.7472944406601607,5,0,0,0.03494478452782451,0.18457143127608733,1.0
sub125,AB,40.0,EM,1,3.5673879999994824,1.2718336753419033,5,0,1,-0.5984915793277904,0.11120682069527656,1.0
sub125,AB,9.0,EM,1,6.273458300000129,1.836327765588294,5,0,1,0.1908209090455698,0.20262500670469508,1.0
sub125,AB,38.0,EM,0,12.237912000000506,2.504538674297099,1,0,1,1.9305457756663176,0.4041199707457506,0.0
sub125,AB,7.0,EM,1,3.923913500000708,1.3670894976275045,5,0,1,-0.4944994437301096,0.12325119163279626,1.0
sub125,AB,26.0,EM,1,10.201263099999778,2.322511545956823,5,0,1,1.3364915815819818,0.33531660374671163,1.0
sub125,AB,39.0,BB,1,8.76090429999931,2.170299130213918,3,0,0,0.9163645846674654,0.2866574877220045,0.5
sub125,AB,4.0,EM,1,4.651479199999812,1.5371852765406344,5,0,1,-0.28228149317603074,0.14783027832414164,1.0
sub125,AB,3.0,BB,1,8.29627419999997,2.1158065224543035,5,0,0,0.7808402635130761,0.2709610585097611,1.0
sub125,AB,15.0,BB,0,7.493598299999576,2.0140490960524473,5,0,0,0.5467140059703631,0.24384455132534094,1.0
sub125,AB,14.0,BB,1,4.64590169999974,1.5359854761389644,5,0,0,-0.28390835054332025,0.14764185567581872,1.0
sub125,AB,25.0,BB,1,2.0106673999998748,0.6984667067589019,5,0,0,-1.0525592399083255,0.058616696419708514,1.0
sub125,AB,33.0,BB,1,4.956735800000388,1.6007474192521596,5,0,0,-0.19324358217320572,0.15814265071130712,1.0
sub125,AB,6.0,BB,1,2.9584844000000885,1.08467711017837,5,0,0,-0.7760979096935994,0.090636452450765,1.0
sub125,AB,21.0,BB,1,3.5765398999992613,1.2743958246621208,5,0,0,-0.5958221331710635,0.11151599599516406,1.0
sub125,AB,29.0,BB,1,3.2684396999993623,1.184312715070532,3,0,0,-0.6856894716249802,0.10110755930631564,0.5
sub125,AB,19.0,BB,0,3.392460500001107,1.2215554693285524,5,0,0,-0.6495148141301588,0.1052973087609376,1.0
sub125,AB,31.0,EM,1,2.5909642999995413,0.9520301230209585,4,0,1,-0.8832969742037079,0.0782206549513275,0.75
sub125,AB,1.0,EM,1,1.8205988999998226,0.5991655128923526,5,0,1,-1.1079988346211447,0.052195681604412784,1.0
sub125,AB,11.0,EM,1,4.701992500000415,1.5479863550507644,5,0,1,-0.26754766363752386,0.1495367507152704,1.0
sub125,AB,18.0,EM,1,9.224886699999843,2.221904908008333,1,0,1,1.0516999832732503,0.3023320359214119,0.0
sub126,AB,29.0,BB,0,3.64047600000049,1.2921144423300026,5,0,0,-0.5771731120466508,0.11367592594326176,1.0
sub126,AB,38.0,EM,0,4.026806499998202,1.3929736300563424,5,0,1,-0.4644873890306429,0.12672718832543045,1.0
sub126,AB,36.0,BB,1,9.299895500000275,2.2300031635369693,4,0,0,1.073578713688431,0.30486603085523944,0.75
sub126,AB,8.0,BB,1,3.686560800000734,1.3046939909199307,5,0,0,-0.5637309970489832,0.11523279193400418,1.0
sub126,AB,39.0,BB,1,4.263889099998778,1.4501816780822547,5,0,0,-0.3953346190688144,0.1347364633344515,1.0
sub126,AB,21.0,BB,1,4.1646303000015905,1.4266275081740727,5,0,0,-0.4242866423842157,0.13138323949499237,1.0
sub126,AB,12.0,EM,0,4.825093399998877,1.5738300921163157,3,0,1,-0.23164132458241385,0.15369542352357973,0.5
sub126,AB,14.0,BB,1,4.308195300000079,1.4605190925284324,2,0,0,-0.38241128999883917,0.1362332435301059,0.25
sub126,AB,11.0,EM,1,2.85100009999951,1.0476698450057746,2,0,1,-0.8074491647938475,0.0870053495446274,0.25
sub126,AB,20.0,EM,1,5.114742599998863,1.6321270755564987,3,0,1,-0.1471558140591703,0.1634805368087267,0.5
sub126,AB,32.0,EM,1,2.7273893999990833,1.0033448879484106,5,0,1,-0.8435042034256548,0.0828294543487817,1.0
sub126,AB,7.0,EM,0,4.06560570000147,1.402562735590225,5,0,1,-0.4531703537335673,0.12803792754861865,1.0
sub126,AB,3.0,BB,1,2.526716000000306,0.9269204358616431,5,0,0,-0.9020370585046008,0.07605017806456014,1.0
sub126,AB,35.0,EM,1,2.6043790000003355,0.95719425907066,5,0,1,-0.8793841452434231,0.07867383886895628,1.0
sub126,AB,34.0,BB,1,15.005021600001783,2.708384918411573,2,0,0,2.737662340220571,0.4976002251653434,0.25
sub126,AB,37.0,BB,1,2.1933682999988378,0.7854383987907501,5,0,0,-0.9992686428361801,0.06478881429121738,1.0
sub126,AB,24.0,BB,1,3.10772260000158,1.1338901749833217,5,0,0,-0.7325677859553098,0.09567811213249754,1.0
sub126,AB,28.0,EM,1,2.115512200001831,0.7492969581203877,5,0,1,-1.021977879925722,0.06215863006004921,1.0
sub126,AB,22.0,EM,1,3.103211300000112,1.1324374785394498,5,0,1,-0.7338836517811004,0.09552570852987184,1.0
sub126,AB,1.0,EM,1,9.156350699999166,2.214447704108991,5,0,1,1.0317092532823562,0.3000167092292702,1.0
sub126,AB,27.0,BB,1,7.6388694000015676,2.033249607934685,1,0,0,0.5890869973266039,0.2487521919146382,0.0
sub126,AB,40.0,EM,1,3.5619381000033172,1.2703048068398073,3,0,1,-0.600081218047582,0.11102270871134841,0.5
sub126,AB,2.0,BB,0,4.234940499998629,1.4433692784182208,3,0,0,-0.4037784098679807,0.13375850333853967,0.5
sub126,AB,16.0,EM,1,6.833799500000168,1.9218808146616275,4,0,1,0.35426245264110745,0.22155480910130393,0.75
sub126,AB,30.0,EM,1,5.201453399997263,1.648938086534007,5,0,1,-0.12186381875676981,0.16640985614062925,1.0
sub126,AB,26.0,EM,1,2.485161700002209,0.910337727855028,5,0,1,-0.9141577073783951,0.07464636430306389,1.0
sub126,AB,13.0,BB,0,4.988888200001384,1.6072130793276245,2,0,0,-0.18386530000073018,0.1592288435141842,0.25
sub126,AB,6.0,BB,1,4.055409299999155,1.4000516195880335,5,0,0,-0.4561444619296016,0.12769346628608685,1.0
sub126,AB,19.0,BB,1,3.8823271000001114,1.3564347418874805,1,0,0,-0.5066294556026589,0.12184629344862279,0.0
sub126,AB,10.0,BB,1,4.028373600001942,1.3933627213005,5,0,0,-0.46403029388293676,0.1267801290933171,1.0
sub126,AB,4.0,EM,0,9.883847400000377,2.2909018489137334,3,0,1,1.2439070777665266,0.3245934649188519,0.5
sub126,AB,25.0,BB,1,4.819339600002422,1.5726369062278158,5,0,0,-0.2333196055172453,0.1535010449967777,1.0
sub126,AB,17.0,BB,0,5.199822200000199,1.6486244326951573,4,0,0,-0.12233961073036224,0.16635474990604615,0.75
sub126,AB,23.0,EM,1,2.4984398999986297,0.9156664970796021,5,0,1,-0.9102846930371595,0.07509493689082807,1.0
sub126,AB,15.0,BB,1,7.030327799999213,1.950233333469373,1,0,0,0.4115862559096313,0.22819405298400097,0.0
sub126,AB,9.0,EM,1,3.232080900001165,1.1731261712865346,2,0,1,-0.696294685724865,0.09987926322645635,0.25
sub126,AB,33.0,BB,0,4.408224200000404,1.4834719326262393,4,0,0,-0.35323464223455614,0.13961248337710658,0.75
sub126,AB,18.0,EM,1,3.6959467999986373,1.3072367597360814,3,0,1,-0.5609932680941163,0.11554987574874932,0.5
sub126,AB,31.0,EM,1,2.8965201000028173,1.063510050941069,5,0,1,-0.7941717918913929,0.08854313510306247,1.0
sub126,AB,5.0,EM,1,6.353483099999721,1.8490031822076625,3,0,1,0.2141627172828662,0.2053284553371003,0.5
sub127,AB,19.0,BB,1,5.781267700000171,1.7546229838955627,5,0,0,0.047257681128005664,0.18599751117256763,1.0
sub127,AB,29.0,BB,1,8.774241099999927,2.1718202812814513,5,0,0,0.9202546915857599,0.28710803997233825,1.0
sub127,AB,9.0,EM,1,4.511006299999281,1.506520255011247,5,0,1,-0.3232549350886135,0.14308473357553403,1.0
sub127,AB,18.0,EM,1,4.9884753999976965,1.6071303320167172,5,0,1,-0.1839857064063253,0.15921489804221267,1.0
sub127,AB,13.0,BB,0,2.705841300001339,0.9954128805791512,5,0,0,-0.8497894002399924,0.08210150274540211,1.0
sub127,AB,12.0,EM,1,2.731432799999311,1.0048263066836463,5,0,1,-0.8423248156929459,0.08296605105631409,1.0
sub127,AB,32.0,EM,1,2.6847273000021232,0.9875791585578115,5,0,1,-0.8559479778197737,0.08138821618395146,1.0
sub127,AB,5.0,EM,0,9.867613399997936,2.2892580207612325,5,0,1,1.2391719092314828,0.32404503761749914,1.0
sub127,AB,27.0,BB,1,4.906536999998934,1.590568397652779,5,0,0,-0.20788567766588173,0.15644680295894775,1.0
sub127,AB,34.0,BB,1,4.979456699998991,1.6053207886993732,5,0,0,-0.18661630049616446,0.1589102225893818,1.0
sub127,AB,40.0,EM,1,4.142554199999722,1.4213125541194624,5,0,1,-0.43072584739158365,0.13063745066004123,1.0
sub127,AB,24.0,BB,1,3.8306269999993674,1.3430284973655688,5,0,0,-0.5217094535542011,0.12009972782592908,1.0
sub127,AB,35.0,EM,1,4.901191799999651,1.5894784000320248,5,0,1,-0.2094447772621806,0.15626622801682893,1.0
sub127,AB,15.0,BB,1,13.231521599998814,2.5826019828513465,4,0,0,2.2203639913446525,0.4376867214814457,0.75
sub127,AB,28.0,EM,1,3.0586581000025035,1.1179762903712005,5,0,1,-0.7468790263488267,0.09402058402342602,1.0
sub127,AB,23.0,EM,1,8.366426900000079,2.1242268996884897,5,0,1,0.8013025560866215,0.27333100158835416,1.0
sub127,AB,1.0,EM,1,3.912582699998893,1.364197693022789,5,0,1,-0.49780443619268216,0.12286840734881029,1.0
sub127,AB,14.0,BB,1,6.160791700000118,1.818205292014382,4,0,0,0.15795806937634402,0.19881883204772205,0.75
sub127,AB,16.0,EM,1,4.884552399998938,1.5860776538655683,4,0,1,-0.2142981937530971,0.15570410523518874,0.75
sub127,AB,33.0,BB,1,3.7768034000000625,1.3288779904825527,5,0,0,-0.5374088386177205,0.1182814247772493,1.0
sub127,AB,7.0,EM,1,7.257157300002291,1.9819881956849386,4,0,1,0.4777483792971396,0.2358569512552321,0.75
sub127,AB,25.0,BB,0,10.00521309999749,2.3031062671589426,4,0,0,1.2793072898999194,0.32869351809836345,0.75
sub127,AB,11.0,EM,1,2.9826426999970863,1.092809719611359,5,0,1,-0.7690513640493506,0.09145258348874888,1.0
sub127,AB,2.0,BB,1,4.150482800003374,1.4232246648261528,5,0,0,-0.4284132160463455,0.1309052996623114,1.0
sub127,AB,6.0,BB,1,3.202081299998099,1.1638010046326108,5,0,0,-0.7050450344976297,0.09886579768075793,1.0
sub127,AB,8.0,BB,1,6.47066790000099,1.8672793334787452,5,0,0,0.24834343538487333,0.20928726669687536,1.0
sub127,AB,31.0,EM,1,3.250993899997411,1.178960764973472,5,0,1,-0.6907781006274125,0.10051819420753712,1.0
sub127,AB,17.0,BB,1,5.255092600000353,1.6591976254867633,5,0,0,-0.1062182198864133,0.16822192967148974,1.0
sub127,AB,38.0,EM,1,3.4739730000001146,1.2452988957680184,5,0,1,-0.625739070311628,0.1080510158198415,1.0
sub127,AB,4.0,EM,1,9.471813999996812,2.248320441124184,5,0,1,1.1237242768061553,0.3106738908399338,1.0
sub127,AB,22.0,EM,1,4.835510600001726,1.5759867282936084,5,0,1,-0.2286028129605505,0.15404734399200126,1.0
sub127,AB,10.0,BB,1,3.960326399999758,1.376326446112061,5,0,0,-0.48387844962395743,0.12448131535325342,1.0
sub127,AB,21.0,BB,1,6.275385299999471,1.8366348855231518,5,0,0,0.19138298060911163,0.20269010584287334,1.0
sub127,AB,37.0,BB,1,3.43701190000138,1.2346024601838967,5,0,0,-0.6365199645895818,0.10680237245872992,1.0
sub127,AB,39.0,BB,1,7.57010420000006,2.024206832215925,5,0,0,0.5690294137794696,0.24642912224246033,1.0
sub127,AB,3.0,BB,1,4.018944200000988,1.3910192313201666,5,0,0,-0.46678068184537036,0.12646157911209738,1.0
sub127,AB,26.0,EM,1,6.3958297000026505,1.8556461686013834,5,0,1,0.22651446595046568,0.2067590350806987,1.0
sub127,AB,30.0,EM,1,3.6580753000016557,1.296937134776394,5,0,1,-0.5720397098295886,0.1142704766765305,1.0
sub127,AB,20.0,EM,1,3.4424398000010115,1.2361804641768495,5,0,1,-0.634936742876772,0.10698574122479883,1.0
sub127,AB,36.0,BB,1,6.060173999998369,1.8017385125400345,3,0,0,0.12860967914318355,0.19541970098501554,0.5
sub128,AB,6.0,BB,1,10.893484300002456,2.3881648398570188,5,0,0,1.5384001712733788,0.35870166008523047,1.0
sub128,AB,33.0,BB,1,6.827274700000999,1.9209255749198924,5,0,0,0.3523592847435543,0.22133438416260287,1.0
sub128,AB,25.0,BB,0,4.696637100001681,1.5468467419781673,5,0,0,-0.26910973839191393,0.14935583119029017,1.0
sub128,AB,30.0,EM,1,6.974937499999214,1.9423233670936937,5,0,1,0.39542989237216675,0.22632282268059156,1.0
sub128,AB,9.0,EM,0,6.2417389000002,1.8312588134319265,3,0,1,0.1815689252579912,0.20155344178293377,0.5
sub128,AB,13.0,BB,1,2.5999048999983643,0.9554748674347783,3,0,0,-0.8806891604922089,0.07852269198034631,0.5
sub128,AB,32.0,EM,1,3.2391021000003093,1.175296161767192,5,0,1,-0.6942467267924269,0.10011645786531363,1.0
sub128,AB,7.0,EM,0,7.817059099998005,2.056308409654542,3,0,1,0.6410617577408684,0.25477190956174917,0.5
sub128,AB,14.0,BB,1,3.8085451000006287,1.337247252693275,4,0,0,-0.5281503503173088,0.11935374305179904,0.75
sub128,AB,34.0,BB,1,10.408615699998336,2.3426338958785125,3,0,0,1.3969726402874811,0.34232152100854335,0.5
sub128,AB,29.0,BB,1,2.938952900000004,1.0780533614492305,3,0,0,-0.781794900221424,0.08997662690962874,0.5
sub128,AB,26.0,EM,0,3.348455200000899,1.2084991051537537,1,0,1,-0.6623503760314043,0.10381069376027839,0.0
sub128,AB,18.0,EM,1,6.066845399996964,1.8028387665186185,2,0,1,0.13055560764837568,0.19564507845803042,0.25
sub128,AB,19.0,BB,0,1.2312357000009797,0.20801829922431384,2,0,0,-1.279905578487578,0.03228543956650731,0.25
sub128,AB,27.0,BB,1,1.8635138999998162,0.6224638989916305,2,0,0,-1.0954812938024419,0.0536454633978099,0.25
sub128,AB,3.0,BB,1,5.405709399998159,1.6874556913221184,5,0,0,-0.062285983093794656,0.1733101620941062,1.0
sub128,AB,15.0,BB,0,2.195273500001349,0.7863066401323863,3,0,0,-0.9987129299432702,0.0648531769680535,0.5
sub128,AB,2.0,BB,0,2.1281884999989416,0.7552711483829185,4,0,0,-1.018280429089325,0.06258686887965666,0.75
sub128,AB,24.0,BB,1,3.265960900000209,1.1835540226456887,5,0,0,-0.6864124934162141,0.10102381890999161,1.0
sub128,AB,36.0,BB,0,2.5701544000003196,0.9439659749236644,4,0,0,-0.8893668512320994,0.07751764168926784,0.75
sub128,AB,35.0,EM,1,4.0334440000006,1.394620601574848,4,0,1,-0.462551348550294,0.12695142056723757,0.75
sub128,AB,23.0,EM,1,1.805809399997088,0.5910089123251893,3,0,1,-1.1123126682451099,0.05169605331972411,0.5
sub128,AB,31.0,EM,1,3.1130284999999276,1.135596046573338,5,0,1,-0.7310201494690164,0.09585735941701791,1.0
sub128,AB,8.0,BB,1,2.361776600002486,0.8594141324394963,3,0,0,-0.9501469425098527,0.070478090469763,0.5
sub128,AB,22.0,EM,1,1.4428097999989404,0.36659246237165644,5,0,1,-1.2181931834530866,0.03943297022318843,1.0
sub128,AB,1.0,EM,1,5.765679000000091,1.7519229264906704,5,0,1,0.04271073510536677,0.1854708838058462,1.0
sub128,AB,37.0,BB,1,2.731670599998324,1.0049133634284126,5,0,0,-0.8422554536704752,0.08297408456695231,1.0
sub128,AB,12.0,EM,1,2.9751562000019476,1.090296541821631,5,0,1,-0.7712350426996682,0.09119966978982727,1.0
sub128,AB,38.0,EM,1,2.603170999998838,0.95673031728492,4,0,1,-0.8797364973191015,0.07863302944547741,0.75
sub128,AB,20.0,EM,1,1.9552294999994047,0.6705075778515525,5,0,1,-1.0687294875177664,0.056743858062843475,1.0
sub128,AB,21.0,BB,1,2.8613388999983727,1.0512896621377892,5,0,0,-0.8044335210561756,0.08735462145430763,1.0
sub128,AB,39.0,BB,1,9.67117750000034,2.269150070407813,3,0,0,1.1818750573969514,0.3174089152503517,0.5
sub128,AB,11.0,EM,1,5.454434500003117,1.6964289475507404,4,0,1,-0.0480737396309603,0.17495622437695962,0.75
sub128,AB,5.0,EM,0,3.595433699996647,1.2796646236731535,3,0,1,-0.5903111483711632,0.1121542783496858,0.5
sub128,AB,4.0,EM,1,8.250074499999755,2.110222230608817,5,0,1,0.7673646342327636,0.269400310894225,1.0
sub128,AB,40.0,EM,0,3.0840366000011272,1.126239323335308,3,0,1,-0.7394765701062479,0.09487793663304361,0.5
sub128,AB,10.0,BB,0,3.2753545999985363,1.1864261380346346,2,0,0,-0.683672518508426,0.10134116285104279,0.25
sub128,AB,16.0,EM,1,4.855700900003285,1.5801534579564431,3,0,1,-0.2227136622111293,0.15472942553331526,0.5
sub128,AB,17.0,BB,1,2.5087597999990976,0.919788527448274,2,0,0,-0.9072745620922497,0.07544357030875558,0.25
sub128,AB,28.0,EM,0,7.0326777000009315,1.9505675294594962,3,0,1,0.4122716798684192,0.22827343879872303,0.5
sub129,AB,37.0,BB,1,4.346304800001235,1.4693260128313377,5,0,0,-0.3712954279029544,0.13752068286966435,1.0
sub129,AB,2.0,BB,1,7.8007980000002135,2.054226036154806,4,0,0,0.6363186846200622,0.25422256675113725,0.75
sub129,AB,21.0,BB,1,8.348044700000173,2.1220273437765855,3,0,0,0.7959407958900373,0.2727100024299608,0.5
sub129,AB,29.0,BB,0,5.746616300002643,1.7486112120283286,2,0,0,0.037150485184994336,0.18482689556422216,0.25
sub129,AB,18.0,EM,1,5.02110040000116,1.6136491128696115,5,0,1,-0.17446957523415715,0.1603170565186104,1.0
sub129,AB,9.0,EM,1,5.885949300001812,1.77256803611496,5,0,1,0.0777914385784976,0.18953393148681863,1.0
sub129,AB,14.0,BB,1,3.2007585000028485,1.1633878129691024,5,0,0,-0.7054308716859212,0.09882111001095902,1.0
sub129,AB,40.0,EM,1,4.66433120000147,1.5399444585341344,5,0,1,-0.2785327937790193,0.14826445275292283,1.0
sub129,AB,1.0,EM,1,3.6132271999995282,1.284601334218147,5,0,1,-0.585121101473955,0.11275538967078548,1.0
sub129,AB,38.0,EM,0,10.122759000001679,2.3147862551615983,1,0,1,1.3135933344385147,0.3326645283678397,0.0
sub129,AB,26.0,EM,0,11.783547300001374,2.4667042619255684,3,0,1,1.7980156887778709,0.3887703337978028,0.5
sub129,AB,6.0,BB,1,6.459090399999695,1.8654885029269548,5,0,0,0.2449664849282787,0.20889614823678138,1.0
sub129,AB,31.0,EM,1,3.2108286999973643,1.1665290658167997,5,0,1,-0.7024935737834658,0.09916130790465397,1.0
sub129,AB,7.0,EM,1,4.936036800001602,1.5965627420051174,4,0,1,-0.19928111164754259,0.15744338394351565,0.75
sub129,AB,5.0,EM,0,6.7997662000016135,1.9168882292382705,1,0,1,0.34433554545417666,0.22040507453979552,0.0
sub129,AB,34.0,BB,1,5.33127389999936,1.6735902152488558,5,0,0,-0.08399749211384978,0.17079553474514464,1.0
sub129,AB,11.0,EM,1,2.707130099999631,0.9958890700608269,5,0,1,-0.8494134802449844,0.08214504180570396,1.0
sub129,AB,33.0,BB,1,3.530307199998788,1.261384892654114,5,0,0,-0.6093073879634404,0.10995413355265475,1.0
sub129,AB,10.0,BB,1,5.653705699998682,1.7323112062715784,4,0,0,0.010050118692161221,0.18168813064987138,0.75
sub129,AB,22.0,EM,1,6.00272639999821,1.792213766019341,4,0,1,0.11185323785368988,0.19347896966602207,0.75
sub129,AB,16.0,EM,1,11.5550058000008,2.4471187456734964,1,0,1,1.7313542054963795,0.3810495996550427,0.0
sub129,AB,32.0,EM,1,2.7090840000018943,0.9966105703748649,5,0,1,-0.8488435624299081,0.08221104969687024,1.0
sub129,AB,8.0,BB,0,2.5717115000006743,0.9445716305662794,3,0,0,-0.8889126729071957,0.07757024463068722,0.5
sub129,AB,36.0,BB,0,4.465907199999492,1.4964723739811823,3,0,0,-0.33640953895985204,0.14156116712841066,0.5
sub129,AB,4.0,EM,0,7.82946869999796,2.0578946532941065,5,0,1,0.6446814169402915,0.2551911385526213,1.0
sub129,AB,3.0,BB,1,3.2199743000019225,1.169373378158603,5,0,0,-0.6998259652230883,0.09947027037410062,1.0
sub129,AB,20.0,EM,1,3.129260499998054,1.1407967146563507,5,0,1,-0.726285564299594,0.09640571915295428,1.0
sub129,AB,24.0,BB,1,4.391558700001042,1.4796842210171235,5,0,0,-0.35809567163001566,0.13904947886873098,1.0
sub129,AB,28.0,EM,1,2.5518555999988166,0.936820780809097,5,0,1,-0.8947042851352132,0.07689946000260355,1.0
sub129,AB,13.0,BB,1,4.158343899998727,1.4251168940481023,4,0,0,-0.42612027325077884,0.13117086833641922,0.75
sub129,AB,15.0,BB,1,7.027381100000639,1.9498141044096888,3,0,0,0.41072675602584635,0.2280945056926451,0.5
sub129,AB,19.0,BB,1,5.155927600000723,1.6401470430855527,1,0,0,-0.1351428834139031,0.16487187464313813,0.0
sub129,AB,27.0,BB,1,7.479429099999834,2.0121564655441633,5,0,0,0.5425811028044499,0.2433658784094227,1.0
sub129,AB,25.0,BB,1,4.390143099997658,1.479361823366216,5,0,0,-0.35850857692712185,0.13900165617010252,1.0
sub129,AB,12.0,EM,1,3.6288559999993595,1.2889174470907565,5,0,1,-0.580562458995911,0.11328337172117353,1.0
sub129,AB,35.0,EM,1,3.248702000000776,1.1782555319512236,5,0,1,-0.6914466070181913,0.10044076778583354,1.0
sub129,AB,39.0,BB,1,2.497944999999163,0.9154683938465683,5,0,0,-0.9104290465486241,0.0750782178646419,1.0
sub129,AB,17.0,BB,1,3.4013884000014514,1.2241837012103476,5,0,0,-0.646910704781921,0.10559891675053963,1.0
sub129,AB,30.0,EM,1,4.660232700000051,1.5390653825131415,5,0,1,-0.2797282532002758,0.14812599462214582,1.0
sub129,AB,23.0,EM,1,3.90634670000145,1.3626025893965408,3,0,1,-0.49962336627571696,0.12265773883523882,0.5
sub130,AB,13.0,BB,0,4.336894399999437,1.4671585159285827,4,0,0,-0.37404027390418576,0.13720277475848658,0.75
sub130,AB,24.0,BB,1,2.4432554000013624,0.8933313304058023,5,0,0,-0.9263810283808763,0.07323065905385327,1.0
sub130,AB,5.0,EM,1,4.96477589999995,1.6023681605268063,3,0,1,-0.1908984282659243,0.15841426647727375,0.5
sub130,AB,32.0,EM,1,2.4787111000005098,0.907738707335084,5,0,1,-0.9160392324588194,0.07442844603581579,1.0
sub130,AB,18.0,EM,1,2.453450700002577,0.8974954826033579,5,0,1,-0.9234072410355625,0.07357508315544908,1.0
sub130,AB,34.0,BB,1,3.758545000000595,1.3240319144253845,4,0,0,-0.5427344885601084,0.11766460790911941,0.75
sub130,AB,36.0,BB,1,3.1948417000021436,1.161537540436833,5,0,0,-0.7071566968175753,0.0986212249144614,1.0
sub130,AB,3.0,BB,1,2.92811200000142,1.0743578467341053,5,0,0,-0.7849569975823414,0.08961039273877966,1.0
sub130,AB,19.0,BB,1,2.6889374000020325,0.9891460969867486,4,0,0,-0.854719966667503,0.08153044445677567,0.75
sub130,AB,38.0,EM,1,4.867776399998547,1.5826372414488474,3,0,1,-0.2191914540299114,0.15513736774557907,0.5
sub130,AB,28.0,EM,1,2.132605299997522,0.7573443778269895,5,0,1,-1.0169921272305278,0.06273608002315005,1.0
sub130,AB,8.0,BB,1,3.9241403999985778,1.3671473208791856,5,0,0,-0.49443326104375057,0.1232588569126712,1.0
sub130,AB,11.0,EM,1,2.7202214999997523,1.0007133108157904,5,0,1,-0.8455949521341721,0.0825873037973213,1.0
sub130,AB,37.0,BB,1,3.457501599998068,1.2405462473182216,5,0,0,-0.630543484196443,0.10749456852088468,1.0
sub130,AB,21.0,BB,1,3.084292600000481,1.12632232798412,5,0,0,-0.7394018994679746,0.09488658498765558,1.0
sub130,AB,4.0,EM,0,7.862620799998695,2.062119985978319,3,0,1,0.6543512937895277,0.2563111038559873,0.5
sub130,AB,25.0,BB,1,3.777185200000531,1.3289790761529212,5,0,0,-0.5372974743606904,0.1182943229874182,1.0
sub130,AB,33.0,BB,1,2.810910899999726,1.0335085945169238,5,0,0,-0.8191424701040307,0.08565103072203503,1.0
sub130,AB,26.0,EM,0,3.4915188000013586,1.2503368277950726,3,0,1,-0.6206212730912528,0.10864375918212496,0.5
sub130,AB,30.0,EM,1,5.583226700000523,1.719766870913218,4,0,1,-0.010507349776636234,0.17930716429744958,0.75
sub130,AB,16.0,EM,1,5.581285399999615,1.7194191082876622,3,0,1,-0.01107359239583042,0.1792415820675337,0.5
sub130,AB,17.0,BB,0,6.17566799999986,1.8206170548008371,2,0,0,0.16229722101278962,0.19932139266505267,0.25
sub130,AB,40.0,EM,1,4.880166599999939,1.5851793586265714,5,0,1,-0.21557745346439044,0.15555594135337514,1.0
sub130,AB,12.0,EM,1,2.6950743999987026,0.9914258106584569,5,0,1,-0.8529299131206615,0.08173776848942746,1.0
sub130,AB,39.0,BB,0,17.42589880000014,2.8579575363780316,3,0,0,3.44378908303896,0.5793838366906454,0.5
sub130,AB,20.0,EM,1,2.231611100000009,0.8027237909865491,5,0,1,-0.988113899505498,0.06608075685606031,1.0
sub130,AB,22.0,EM,1,2.3309545000010985,0.8462778403440635,5,0,1,-0.9591371998764043,0.06943683870659667,1.0
sub130,AB,9.0,EM,1,3.0368974000011804,1.1108364021545094,5,0,1,-0.7532262347959933,0.09328545023166325,1.0
sub130,AB,1.0,EM,1,2.855154400000174,1.049125922206154,5,0,1,-0.806237429507084,0.087145692746428,1.0
sub130,AB,35.0,EM,1,3.1864450000030047,1.1589058753072317,5,0,1,-0.7096058645906532,0.09833756226076523,1.0
sub130,AB,23.0,EM,1,1.9924568999995245,0.6893685003313508,5,0,1,-1.0578709182744774,0.058001497739779126,1.0
sub130,AB,14.0,BB,1,10.8205655999991,2.3814485456195045,2,0,0,1.5171310857848808,0.35623827423732024,0.25
sub130,AB,10.0,BB,1,3.3181644000032975,1.199411738462223,4,0,0,-0.6711856626538254,0.10278739071136864,0.75
sub130,AB,6.0,BB,1,3.5063255999994,1.2545686515535788,5,0,0,-0.6163023933669168,0.10914397190624556,1.0
sub130,AB,15.0,BB,1,2.6455143999992288,0.9728655265523869,5,0,0,-0.8673856820352233,0.08006350108455716,1.0
sub130,AB,7.0,EM,1,6.956126299999596,1.9396227533139165,5,0,1,0.38994300051980657,0.22568733077166925,1.0
sub130,AB,27.0,BB,1,4.0137190999994345,1.3897182678555304,5,0,0,-0.4683047504123342,0.12628506146440005,1.0
sub130,AB,31.0,EM,1,1.9576343999979144,0.6717368055286657,5,0,1,-1.0680280210399322,0.05682510192239795,1.0
sub130,AB,2.0,BB,1,3.412058000001707,1.2273156283131217,5,0,0,-0.6437985725782055,0.10595936395602029,1.0
sub130,AB,29.0,BB,1,2.688543899999786,0.9889997459420881,5,0,0,-0.8548347436065753,0.08151715098971382,1.0
sub131,AB,34.0,BB,1,7.855127500006347,2.061166503276214,4,0,0,0.65216563170119,0.25605796043524004,0.75
sub131,AB,38.0,EM,1,6.870200399993337,1.9271932761135198,4,0,1,0.36487994655936623,0.22278452742993898,0.75
sub131,AB,11.0,EM,1,3.686034700003802,1.3045512732032665,4,0,1,-0.563884451043771,0.11521501888968265,0.75
sub131,AB,39.0,BB,1,5.393751099996734,1.6852410797887198,4,0,0,-0.06577400612513915,0.17290617920649004,0.75
sub131,AB,19.0,BB,1,3.383350400006748,1.2188664611439337,4,0,0,-0.6521720679701186,0.10498954557538823,0.75
sub131,AB,40.0,EM,1,2.9410405999951763,1.0787634643032218,4,0,1,-0.7811859553325323,0.09004715491715704,0.75
sub131,AB,22.0,EM,1,2.387348499993095,0.8701833358590886,4,0,1,-0.942688074935711,0.0713419766407746,0.75
sub131,AB,24.0,BB,1,4.689775200007716,1.5453846495413466,4,0,0,-0.2711112323513295,0.14912401812540932,0.75
sub131,AB,12.0,EM,1,2.784386399987852,1.024027525940387,4,0,1,-0.8268791941304636,0.08475496321192943,0.75
sub131,AB,14.0,BB,1,2.811687300010817,1.0337847657774006,4,0,0,-0.8189160080550858,0.08567725956044756,0.75
sub131,AB,23.0,EM,1,1.816343099999358,0.5968251940514604,4,0,1,-1.1092401756492716,0.052051909465137144,0.75
sub131,AB,27.0,BB,1,2.9366746000014246,1.0772778527524105,4,0,0,-0.7824594397351015,0.0898996599316994,0.75
sub131,AB,21.0,BB,1,3.8978873000014573,1.3604346884050766,4,0,0,-0.5020908225218234,0.12237195801028124,0.75
sub131,AB,33.0,BB,1,3.015585600005579,1.103794040176738,5,0,0,-0.7594425071102193,0.09256548146507469,1.0
sub131,AB,8.0,BB,1,9.092749899995397,2.207477381691084,4,0,0,1.0131580331926566,0.2978681065986989,0.75
sub131,AB,10.0,BB,1,2.4935659999900963,0.9137138144687047,4,0,0,-0.9117063228240196,0.07493028370440814,0.75
sub131,AB,7.0,EM,1,3.2358314000011887,1.1742858964795864,4,0,1,-0.6952007317031745,0.10000596500010592,0.75
sub131,AB,35.0,EM,1,2.863322100005462,1.0519825241557936,4,0,1,-0.8038550569517741,0.08742161917685087,0.75
sub131,AB,37.0,BB,1,2.2985867999959737,0.8322944993083344,4,0,0,-0.9685782812237593,0.06834337250220247,0.75
sub131,AB,26.0,EM,1,4.066441699993447,1.4027683418671693,4,0,1,-0.45292650743218044,0.12806616983144864,0.75
sub131,AB,1.0,EM,1,2.863245000000461,1.0519555970269714,4,0,1,-0.8038775456494257,0.0874190145355012,0.75
sub131,AB,29.0,BB,1,2.585855299999821,0.950056323640971,4,0,0,-0.884787178468866,0.07804805946764903,0.75
sub131,AB,13.0,BB,1,3.724520100004156,1.314938011318291,4,0,0,-0.5526589456160974,0.11651515712181891,0.75
sub131,AB,6.0,BB,1,3.769375999996555,1.326909470518136,4,0,0,-0.539575278853553,0.1180305076317905,0.75
sub131,AB,18.0,EM,1,2.6785365999967325,0.9852706006086845,4,0,1,-0.8577536947023051,0.08117907802349009,0.75
sub131,AB,16.0,EM,1,3.314243600005284,1.1982294226412602,4,0,1,-0.6723292901504376,0.10265493575499739,0.75
sub131,AB,36.0,BB,0,4.3507174999977,1.4703407740272763,4,0,0,-0.37000832194171834,0.13766975550428157,0.75
sub131,AB,5.0,EM,1,5.584721599996556,1.7200345834714792,4,0,1,-0.01007131408468195,0.17935766595880803,0.75
sub131,AB,3.0,BB,1,2.9883386000001337,1.0947175807968479,4,0,0,-0.7673899715109047,0.09164500600119045,0.75
sub131,AB,2.0,BB,1,4.791408000004594,1.566824313950454,4,0,0,-0.24146675553715782,0.15255744194103243,0.75
sub131,AB,30.0,EM,1,2.4637373000005027,0.9016794247279264,4,0,1,-0.9204068231080378,0.07392259161153562,0.75
sub131,AB,15.0,BB,1,2.3501593000110006,0.8544831130973403,4,0,0,-0.9535355019144095,0.07008562746111589,0.75
sub131,AB,31.0,EM,1,3.852998699992895,1.3488517282426906,4,0,1,-0.5151840272964171,0.12085550280758968,0.75
sub131,AB,17.0,BB,0,3.4843364999978803,1.24827763871144,4,0,0,-0.6227162220243933,0.1084011221605763,0.75
sub131,AB,4.0,EM,1,3.4989292999962345,1.2524570074072574,4,0,1,-0.6184597622868051,0.10889410540075578,0.75
sub131,AB,28.0,EM,1,2.403927699997439,0.8771039413444297,4,0,1,-0.9378522177110613,0.0719020657078931,0.75
sub131,AB,32.0,EM,1,2.3344867000123486,0.8477920382664912,4,0,1,-0.9581069200716589,0.06955616573134205,0.75
sub131,AB,20.0,EM,1,2.2964788999961456,0.8313770368452015,4,0,1,-0.969193118094075,0.06827216208528408,0.75
sub131,AB,9.0,EM,1,2.5950668000004953,0.9536122580979034,4,0,1,-0.8821003480538611,0.07835924821262998,0.75
sub131,AB,25.0,BB,1,1.7913640000042506,0.5829773408451125,4,0,0,-1.116526134027537,0.05120804964017249,0.75
sub132,AB,31.0,EM,1,6.655102999997325,1.8953839288118028,5,0,1,0.3021398676953947,0.21551797041441245,1.0
sub132,AB,29.0,BB,0,11.343477699992945,2.428642926768678,2,0,0,1.669655227839351,0.3739036229992506,0.25
sub132,AB,25.0,BB,0,9.007689199992456,2.198078568136968,4,0,0,0.9883473426566105,0.29499453199313214,0.75
sub132,AB,8.0,BB,0,3.5825073000014527,1.2760629184017014,5,0,0,-0.5940815489205923,0.11171759049305749,1.0
sub132,AB,37.0,BB,1,2.294415399999707,0.8304780833949323,5,0,0,-0.9697950042745438,0.06820245161748699,1.0
sub132,AB,22.0,EM,1,4.660127000010107,1.5390427009872452,5,0,1,-0.2797590840039265,0.14812242379793555,1.0
sub132,AB,40.0,EM,1,3.3440009000041755,1.2071679643624236,5,0,1,-0.663649615971466,0.10366021576802442,1.0
sub132,AB,32.0,EM,1,3.3151241000014124,1.198495058834982,5,0,1,-0.6720724639907636,0.10268468136523794,1.0
sub132,AB,12.0,EM,1,4.336891300001298,1.4671578011315505,5,0,1,-0.3740411781184056,0.13720267003238007,1.0
sub132,AB,7.0,EM,0,4.263386000005994,1.4500636802488396,3,0,1,-0.395481364372218,0.13471946729088174,0.5
sub132,AB,23.0,EM,1,5.7458313000097405,1.7484746005733203,4,0,1,0.036921514674593876,0.18480037619576062,0.75
sub132,AB,9.0,EM,1,2.583546000008937,0.9491628738929326,5,0,1,-0.8854607601279252,0.07797004522828573,1.0
sub132,AB,15.0,BB,0,7.3613771999953315,1.9962470348006858,1,0,0,0.5081474670819285,0.23937777412647993,0.0
sub132,AB,39.0,BB,0,5.1568470999918645,1.640325365606955,3,0,0,-0.1348746816506056,0.16490293777598647,0.5
sub132,AB,3.0,BB,1,2.6011277999932645,0.9559451202049399,5,0,0,-0.8803324623539506,0.07856400476486808,1.0
sub132,AB,34.0,BB,0,2.923643699992681,1.0728306808351016,5,0,0,-0.7862603210764485,0.08945944178922573,1.0
sub132,AB,16.0,EM,1,3.8313628000032622,1.3432205623579174,4,0,1,-0.5214948338039236,0.1201245850891058,0.75
sub132,AB,35.0,EM,1,4.910896100001992,1.5914564302464562,5,0,1,-0.20661420586765064,0.15659406484453625,1.0
sub132,AB,28.0,EM,1,19.38576849999663,2.9645392143915954,4,0,1,4.015448152572892,0.6455933999782139,0.75
sub132,AB,33.0,BB,1,3.358883099994273,1.211608507998434,5,0,0,-0.6593087434129625,0.1041629757025774,1.0
sub132,AB,21.0,BB,0,4.083599300007336,1.4069787808971281,5,0,0,-0.44792194123097206,0.12864579877514032,1.0
sub132,AB,2.0,BB,0,3.136807399991085,1.1432055310824285,3,0,0,-0.7240842680461291,0.09666067332297609,0.5
sub132,AB,6.0,BB,0,6.163229899990256,1.8186009745441745,3,0,0,0.15866924886837983,0.1989012008687488,0.5
sub132,AB,20.0,EM,0,7.136303499995847,1.9651949252023126,3,0,1,0.442497479269731,0.23177419140640942,0.5
sub132,AB,18.0,EM,0,4.931500000006054,1.5956432014131388,5,0,1,-0.20060441536723458,0.15729011888389005,1.0
sub132,AB,4.0,EM,1,3.1586881000112044,1.1501567831724835,5,0,1,-0.717702057731701,0.09739986103160847,1.0
sub132,AB,11.0,EM,0,16.914528999986942,2.828172956736325,4,0,1,3.2946316242222733,0.5621084172393493,0.75
sub132,AB,24.0,BB,1,3.2208527000038885,1.1696461381651708,5,0,0,-0.6995697515942927,0.09949994504100428,1.0
sub132,AB,27.0,BB,1,2.494388199993409,0.9140434887110073,5,0,0,-0.9114665017334311,0.0749580597872541,1.0
sub132,AB,10.0,BB,1,11.752401400008239,2.4640575941773375,3,0,0,1.7889309847233594,0.3877181432176089,0.5
sub132,AB,1.0,EM,1,2.008740100005525,0.6975077096221077,5,0,1,-1.0531213989750658,0.058551587146908265,1.0
sub132,AB,38.0,EM,1,4.7252341999992495,1.552917125854753,4,0,1,-0.26076847388029445,0.1503219165898111,0.75
sub132,AB,36.0,BB,0,4.033394400001271,1.3946083043161523,4,0,0,-0.4625658159863003,0.12694974494854994,0.75
sub132,AB,30.0,EM,1,5.47136579999642,1.6995282744799656,5,0,1,-0.04313518111342792,0.17552820830959015,1.0
sub132,AB,5.0,EM,0,12.923806499995408,2.559071075704966,4,0,1,2.1306089796978047,0.4272912944853283,0.75
sub132,AB,19.0,BB,1,3.7129329000017606,1.31182210339194,4,0,0,-0.5560387253901736,0.1161237109701254,0.75
sub132,AB,13.0,BB,1,5.157499499997357,1.6404518690165577,5,0,0,-0.13468438819379855,0.16492497756743407,1.0
sub132,AB,26.0,EM,1,2.8549927999993088,1.0490693212131328,5,0,1,-0.8062845653478654,0.08714023347253619,1.0
sub132,AB,17.0,BB,0,13.013278899990837,2.5659702899779853,4,0,0,2.1567064845117456,0.43031390794274266,0.75
sub132,AB,14.0,BB,1,3.94060129999707,1.3713333258779326,5,0,0,-0.48963190982287813,0.12381494949383741,1.0
sub133,AB,19.0,BB,1,12.293005300001823,2.5090304258249323,3,0,0,1.9466155095962636,0.405981167606524,0.5
sub133,AB,14.0,BB,1,3.6909509999968577,1.3058841484238042,5,0,0,-0.5624504539369303,0.11538110445931592,1.0
sub133,AB,3.0,BB,1,5.790874700003769,1.7562833509872533,5,0,0,0.05005987184664329,0.1863220609499039,1.0
sub133,AB,20.0,EM,1,8.722582299989881,2.1659153294014195,4,0,1,0.9051867401056003,0.2853628695721677,0.75
sub133,AB,6.0,BB,1,3.3107885000063106,1.1971863785442474,5,0,0,-0.6733370812554091,0.10253821337184746,1.0
sub133,AB,1.0,EM,1,8.655071700006374,2.1581454728233647,5,0,1,0.8854951010286156,0.2830821835948307,1.0
sub133,AB,2.0,BB,1,5.443697900002007,1.69445859096475,4,0,0,-0.0512054145410849,0.1745935137348858,0.75
sub133,AB,12.0,EM,1,3.481946899992181,1.2475915913710671,5,0,1,-0.6234132257669476,0.10832039517509885,1.0
sub133,AB,8.0,BB,1,3.96592149999924,1.3777382366589621,5,0,0,-0.4822464586504458,0.1246703325759375,1.0
sub133,AB,23.0,EM,1,3.9521638000005623,1.3742632263952663,5,0,1,-0.4862593345983648,0.12420556121447633,1.0
sub133,AB,24.0,BB,1,4.43725469999481,1.490035874399192,5,0,0,-0.344766962666401,0.14059321017065451,1.0
sub133,AB,25.0,BB,0,7.907046400010586,2.0677543112909453,3,0,0,0.6673094497150619,0.2578119176986529,0.5
sub133,AB,4.0,EM,1,7.072992500005057,1.956283657683583,3,0,1,0.4240307886800133,0.22963537898398306,0.5
sub133,AB,39.0,BB,1,4.50987680000253,1.5062698360688593,5,0,0,-0.32358439011166024,0.14304657608908566,1.0
sub133,AB,35.0,EM,1,4.591586599999573,1.5242256288321727,5,0,1,-0.29975109739929423,0.1458069484618656,1.0
sub133,AB,32.0,EM,1,3.7059790000057546,1.309947461361888,5,0,1,-0.558067054110882,0.11588878990272904,1.0
sub133,AB,38.0,EM,1,7.555938300007256,2.0223337839107485,1,0,1,0.5648974731667791,0.24595056080947292,0.0
sub133,AB,17.0,BB,1,5.544500400006655,1.7128065175558969,3,0,0,-0.02180312143993938,0.1779988878286915,0.5
sub133,AB,10.0,BB,1,4.708340900004259,1.5493355954436543,3,0,0,-0.2656959484754224,0.14975121639726452,0.5
sub133,AB,16.0,EM,0,6.168879400007427,1.8195172006779126,1,0,1,0.1603171073577241,0.19909205586739015,0.0
sub133,AB,5.0,EM,0,3.4239674000127707,1.2307999372098628,2,0,1,-0.6403248128027244,0.10636169487309652,0.25
sub133,AB,40.0,EM,1,5.697211000006064,1.7399767568505058,5,0,1,0.02273983950475363,0.18315785433312876,1.0
sub133,AB,27.0,BB,1,6.42081650000182,1.8595452903007337,4,0,0,0.23380267028271348,0.2076031550320923,0.75
sub133,AB,26.0,EM,1,7.53520739999658,2.0195863565830776,4,0,1,0.5588506390273843,0.2452502163752141,0.75
sub133,AB,31.0,EM,1,2.7612212999956682,1.0156730818532367,5,0,1,-0.833636041030651,0.08397238508747651,1.0
sub133,AB,18.0,EM,1,4.871771600010106,1.5834576491793997,4,0,1,-0.21802612537504526,0.15527233613047337,0.75
sub133,AB,37.0,BB,1,3.47750090000045,1.2463139036221709,5,0,0,-0.6247100447434465,0.10817019757888642,1.0
sub133,AB,30.0,EM,1,8.971876700001303,2.194094873808436,5,0,1,0.9779014745345294,0.29378469136716884,1.0
sub133,AB,7.0,EM,1,5.238618499992299,1.65605781853285,5,0,1,-0.11102342131487049,0.1676653911592147,1.0
sub133,AB,33.0,BB,1,5.0670633999980055,1.6227614387498153,3,0,0,-0.16106298712718659,0.1618698077842599,0.5
sub133,AB,13.0,BB,1,5.88804479999817,1.7729239900929705,2,0,0,0.07840265858875053,0.1896047229989422,0.25
sub133,AB,15.0,BB,1,7.099638800005778,1.9600439095145599,3,0,0,0.4318030395928986,0.23053556121869,0.5
sub133,AB,29.0,BB,1,4.246914899995318,1.4461928134556228,4,0,0,-0.40028569075489556,0.134163030126424,0.75
sub133,AB,9.0,EM,1,5.322039000006043,1.6718565006019361,4,0,1,-0.08669114788975554,0.17048355548674654,0.75
sub133,AB,22.0,EM,1,3.9823561999946833,1.3818736541764438,5,0,1,-0.4774527495036177,0.12522554005195613,1.0
sub133,AB,21.0,BB,1,3.086724199994933,1.1271103991234823,5,0,0,-0.7386926450770783,0.09496873084343518,1.0
sub133,AB,36.0,BB,1,4.310278100005235,1.4610024263972128,1,0,0,-0.3818037743497251,0.13630360600305852,0.0
sub133,AB,34.0,BB,1,4.301449399994453,1.4589520356704173,3,0,0,-0.3843789488286032,0.1360053492505245,0.5
sub133,AB,11.0,EM,0,4.16100560000632,1.4257567758317466,5,0,1,-0.4253439027860883,0.13126078757702264,1.0
sub133,AB,28.0,EM,1,3.494883800012758,1.2513001276402904,5,0,1,-0.6196397625472091,0.10875743775025518,1.0
sub134,AB,26.0,EM,0,1.230276699992828,0.2072391034285298,5,0,1,-1.2801853017020057,0.03225304201899045,1.0
sub134,AB,6.0,BB,1,7.5766485999920405,2.0250709646785903,5,0,0,0.570938298645683,0.2466502093205702,1.0
sub134,AB,14.0,BB,1,3.3075456000078702,1.196206403762388,5,0,0,-0.6742829774013128,0.10242865966392373,1.0
sub134,AB,36.0,BB,1,3.51693250000244,1.2575891608147585,4,0,0,-0.6132085496351686,0.10950230094058773,0.75
sub134,AB,12.0,EM,1,4.689313199996832,1.5452861325018317,4,0,1,-0.27124598952235335,0.14910841054753843,0.75
sub134,AB,28.0,EM,1,2.2894325999950524,0.8283040139374404,5,0,1,-0.971248398249837,0.0680341195022152,1.0
sub134,AB,40.0,EM,1,3.1655630999885034,1.152330954459509,3,0,1,-0.7156967427405689,0.09763211664844862,0.5
sub134,AB,8.0,BB,1,8.612693200004287,2.153237068599555,3,0,0,0.8731340476996723,0.28165052618519504,0.5
sub134,AB,27.0,BB,1,5.735081100006937,1.7466018917205695,4,0,0,0.033785872886306974,0.18443720610978964,0.75
sub134,AB,16.0,EM,1,3.0951535000058357,1.1298375010313766,4,0,1,-0.7362339684614525,0.09525349481143916,0.75
sub134,AB,17.0,BB,0,3.095367300004,1.1299065743792114,4,0,0,-0.7361716068115851,0.09526071753880178,0.75
sub134,AB,19.0,BB,0,3.2387879000016255,1.1751991548717584,5,0,0,-0.6943383733334677,0.10010584336135052,1.0
sub134,AB,13.0,BB,1,3.33618209999986,1.204827069337614,4,0,0,-0.6659302206133699,0.10339607609908648,0.75
sub134,AB,22.0,EM,1,1.8163206999888644,0.5968128614978704,5,0,1,-1.1092467093331977,0.05205115273375219,1.0
sub134,AB,2.0,BB,1,4.337456400011433,1.4672880933518944,5,0,0,-0.37387634851468854,0.13722176059992391,1.0
sub134,AB,30.0,EM,1,2.4910764999949606,0.9127149463644697,4,0,1,-0.9124324656134237,0.07484618183402225,0.75
sub134,AB,31.0,EM,1,3.9566934000031324,1.3754086764604982,5,0,1,-0.48493813098833155,0.12435858303936505,1.0
sub134,AB,24.0,BB,1,2.4793190999916987,0.9079839660244069,5,0,0,-0.9158618896950426,0.07444898587777342,1.0
sub134,AB,37.0,BB,1,2.1326650000119116,0.7573723713702796,5,0,0,-1.0169747138000955,0.06273809684696288,1.0
sub134,AB,33.0,BB,1,2.2644106000079773,0.8173145043246741,4,0,0,-0.9785468697913455,0.06718881040246803,0.75
sub134,AB,15.0,BB,1,2.4580484999896726,0.8993677424339938,5,0,0,-0.9220661447052652,0.07373040895554168,1.0
sub134,AB,3.0,BB,1,3.6343904999957886,1.2904414215469693,5,0,0,-0.5789481439634881,0.113470341716056,1.0
sub134,AB,9.0,EM,1,2.754234899999574,1.013139690786619,5,0,1,-0.8356738494222835,0.08373636608443029,1.0
sub134,AB,32.0,EM,1,2.9243914000107907,1.0730863906622137,5,0,1,-0.7860422303040651,0.0894847010662426,1.0
sub134,AB,23.0,EM,1,3.9726751999987755,1.3794397216654737,4,0,1,-0.4802765247014426,0.12489849035986837,0.75
sub134,AB,18.0,EM,1,2.3463685999886366,0.8528688563841957,5,0,1,-0.9546411815663123,0.06995756762477302,1.0
sub134,AB,11.0,EM,1,2.5188178999960655,0.9237897041643158,5,0,1,-0.9043407935434751,0.07578335943264639,1.0
sub134,AB,38.0,EM,1,3.3347671999945305,1.2044028718320063,4,0,1,-0.6663429217335166,0.10334827704823703,0.75
sub134,AB,5.0,EM,1,3.3853011000028346,1.2194428536646864,4,0,1,-0.6516030835398247,0.10505544536191291,0.75
sub134,AB,10.0,BB,1,5.766566799997236,1.752076894766112,4,0,0,0.042969690545262,0.18550087602935872,0.75
sub134,AB,39.0,BB,1,3.2035548999992898,1.1642610994557252,4,0,0,-0.7046152116346366,0.09891557977215899,0.75
sub134,AB,29.0,BB,1,2.5300462000013795,0.9282375634428117,5,0,0,-0.9010656985034848,0.07616268099663351,1.0
sub134,AB,7.0,EM,1,3.5323707000061404,1.2619692319359794,5,0,1,-0.6087055017797882,0.11002384402082054,1.0
sub134,AB,25.0,BB,0,5.166585099999793,1.6422119480356594,3,0,0,-0.13203428056492947,0.16523191307869173,0.5
sub134,AB,35.0,EM,1,3.0674424000026193,1.1208441199213712,4,0,1,-0.7443168025619178,0.09431734082659293,0.75
sub134,AB,21.0,BB,1,2.639466300010099,0.9705767376342385,5,0,0,-0.8691498050339309,0.07985918032843724,1.0
sub134,AB,1.0,EM,0,11.307741900003748,2.4254876150221993,4,0,1,1.6592317317411605,0.37269637350148,0.75
sub134,AB,4.0,EM,0,5.335142700001597,1.6743156322875816,5,0,1,-0.08286903208944309,0.17092623300462362,1.0
sub134,AB,20.0,EM,0,4.868761699995957,1.5828396337140764,3,0,1,-0.21890405957724332,0.1551706537760411,0.5
sub134,AB,34.0,BB,1,2.447990900007426,0.8952676473259424,4,0,0,-0.9249997674086551,0.07339063672346584,0.75
sub135,AB,24.0,BB,1,2.85165290000441,1.047898791079734,5,0,0,-0.8072587546643406,0.08702740284910913,1.0
sub135,AB,2.0,BB,1,3.4878624999983003,1.2492890843976632,5,0,0,-0.621687750652332,0.10852023973261703,1.0
sub135,AB,7.0,EM,1,5.773633000004338,1.753301518431675,3,0,1,0.04503077517818841,0.18573959088707281,0.5
sub135,AB,21.0,BB,1,6.445149999999558,1.863327909975952,4,0,0,0.24090031864537537,0.2084252047878037,0.75
sub135,AB,16.0,EM,1,4.836669399999664,1.576226343355256,3,0,1,-0.22826481164923956,0.1540864913097037,0.5
sub135,AB,37.0,BB,1,5.061663599990425,1.62169520396648,3,0,0,-0.1626380125730152,0.16168738830997403,0.5
sub135,AB,8.0,BB,1,2.1221546000015223,0.7524318933350725,5,0,0,-1.0200404102034735,0.062383027836677776,1.0
sub135,AB,6.0,BB,0,9.77749139998923,2.2800829480756013,1,0,0,1.212884927668573,0.32100047895975303,0.0
sub135,AB,32.0,EM,1,2.88381759999902,1.0591149719299107,5,0,1,-0.7978768848028954,0.08811401117818457,1.0
sub135,AB,10.0,BB,1,7.486515900003724,2.0131035224167597,2,0,0,0.5446481960893781,0.24360528918931523,0.25
sub135,AB,36.0,BB,1,4.638124999997672,1.534310189741759,3,0,0,-0.286176675364728,0.14737913825590232,0.5
sub135,AB,3.0,BB,1,7.059450100001413,1.9543671589533913,5,0,0,0.42008071190432095,0.2291778810237317,1.0
sub135,AB,25.0,BB,0,7.072337499994319,1.9561910476121027,1,0,0,0.4238397368480043,0.2296132513575065,0.0
sub135,AB,27.0,BB,1,3.5192377000057604,1.2582444036585982,4,0,0,-0.612536163869426,0.10958017667156648,0.75
sub135,AB,40.0,EM,0,6.211635300001944,1.8264241946128972,3,0,1,0.17278824153975447,0.20053646284332788,0.5
sub135,AB,11.0,EM,1,2.9497209999972256,1.0817105896069839,5,0,1,-0.7786540373237164,0.09034040170458281,1.0
sub135,AB,14.0,BB,1,3.1095419000048423,1.134475416307762,5,0,0,-0.7320371285615709,0.09573957288098776,1.0
sub135,AB,30.0,EM,1,5.578981400001794,1.7190062149273433,2,0,1,-0.011745628141351085,0.17916374687590308,0.25
sub135,AB,20.0,EM,1,4.750869600000442,1.5583276749749115,2,0,1,-0.2532910844845412,0.15118794795852097,0.25
sub135,AB,1.0,EM,1,8.961164300009841,2.19290016274235,5,0,1,0.9747768583360109,0.2934227982651949,1.0
sub135,AB,34.0,BB,0,6.874257500006934,1.9277836377212236,2,0,0,0.3660633303418611,0.22292158696002645,0.25
sub135,AB,9.0,EM,0,6.247440099992673,1.8321717958447,1,0,1,0.18323186370891453,0.20174604334298513,0.0
sub135,AB,29.0,BB,1,3.7170841000042856,1.3129395168337823,3,0,0,-0.5548278943176299,0.11626394944581948,0.5
sub135,AB,15.0,BB,1,4.408604199998081,1.483558131422603,3,0,0,-0.35312380300626717,0.1396253207784376,0.5
sub135,AB,12.0,EM,1,6.54838860000018,1.8792190041132926,1,0,1,0.27101317870767827,0.21191287675929926,0.0
sub135,AB,23.0,EM,0,6.022131200006697,1.795441216605126,1,0,1,0.1175132722515705,0.19413451494755118,0.0
sub135,AB,19.0,BB,0,4.493927000003168,1.5027269297511794,1,0,0,-0.32823666256982614,0.1425077498127859,0.0
sub135,AB,18.0,EM,1,3.4489003000053344,1.2380554266088923,4,0,1,-0.6330523301419857,0.10720399394022492,0.75
sub135,AB,4.0,EM,0,4.579124700001557,1.5215078663247967,5,0,1,-0.3033860115762435,0.14538595263923337,1.0
sub135,AB,26.0,EM,0,11.472186400002101,2.439925531982071,4,0,1,1.7071972622349478,0.37825174207009093,0.75
sub135,AB,28.0,EM,1,2.536006800000905,0.9305907179597541,5,0,1,-0.8993270976926254,0.0763640457725169,1.0
sub135,AB,22.0,EM,1,2.911793499995838,1.0687692143569933,5,0,1,-0.7897168132626374,0.08905911080463899,1.0
sub135,AB,38.0,EM,1,2.724787799990736,1.002390553520027,3,0,1,-0.8442630437914577,0.08274156544453366,0.5
sub135,AB,17.0,BB,1,4.889129900009721,1.5870143530962098,1,0,0,-0.21296301856417507,0.15585874524858517,0.0
sub135,AB,33.0,BB,1,3.3530843000044115,1.209880608833542,5,0,0,-0.6610001500440379,0.10396707695741013,1.0
sub135,AB,39.0,BB,1,2.5944363000016892,0.9533692675881152,3,0,0,-0.8822842536689431,0.07833794826112105,0.5
sub135,AB,31.0,EM,1,5.3827660999959335,1.6832023870271058,2,0,1,-0.06897813488905613,0.17253507695782105,0.25
sub135,AB,13.0,BB,0,7.1077146000025095,1.9611807575451727,2,0,0,0.43415860655323385,0.23080838302464085,0.25
sub135,AB,5.0,EM,1,3.81569099999615,1.3391217754636242,4,0,1,-0.5260660186178956,0.11959515038515438,0.75
sub135,AB,35.0,EM,1,3.1916360999894096,1.1605336693259232,2,0,1,-0.7080917132222785,0.09851293129835104,0.25
sub136,AB,30.0,EM,1,14.891961500004982,2.7008215707267755,3,0,1,2.704684723613865,0.49378075704149293,0.5
sub136,AB,4.0,EM,1,6.338740100007271,1.8466800263048935,4,0,1,0.20986244688334033,0.2048303979453,0.75
sub136,AB,10.0,BB,1,7.280929600005038,1.98525854636501,3,0,0,0.48468233562100965,0.2366600421961889,0.5
sub136,AB,33.0,BB,1,4.153779000000213,1.4240185223054405,4,0,0,-0.4274517732406354,0.1310166539846419,0.75
sub136,AB,38.0,EM,0,13.616083400003845,2.611251696959428,3,0,1,2.3325338160883913,0.45067823251682726,0.5
sub136,AB,3.0,BB,1,7.958097099995939,2.0741899134879684,4,0,0,0.6822000292534542,0.2595365448774704,0.75
sub136,AB,7.0,EM,1,4.530354999995325,1.5108003028693373,4,0,1,-0.3176112640647441,0.1437383836508031,0.75
sub136,AB,39.0,BB,1,5.024997699991218,1.6144249962318442,4,0,0,-0.17333280227113051,0.16044871758278362,0.75
sub136,AB,28.0,EM,1,4.606689199994435,1.5275094211198927,3,0,1,-0.2953459380866006,0.14631715408939705,0.5
sub136,AB,2.0,BB,1,5.617805400004727,1.7259410894215157,4,0,0,-0.00042135912627233656,0.18047532390843507,0.75
sub136,AB,11.0,EM,1,5.78275849999045,1.7548808179704352,4,0,1,0.04769252092133761,0.18604787432492703,0.75
sub136,AB,18.0,EM,1,4.783502299993415,1.5651729769540765,3,0,1,-0.2437727073626353,0.1522903665608561,0.5
sub136,AB,9.0,EM,1,8.465805400002864,2.136035155772992,3,0,1,0.8302894937607802,0.27668826920944645,0.5
sub136,AB,8.0,BB,1,8.242198899999494,2.109267165117494,3,0,0,0.7650674620441333,0.26913425237173966,0.5
sub136,AB,15.0,BB,1,6.473712299994077,1.8677497152200389,3,0,0,0.24923143261618935,0.20939011455151352,0.5
sub136,AB,34.0,BB,1,7.329054500005441,1.9918465171291142,3,0,0,0.49871951143718407,0.23828582814118832,0.5
sub136,AB,6.0,BB,1,10.260430900001666,2.328294836911575,3,0,0,1.3537497745605809,0.33731544795498636,0.5
sub136,AB,1.0,EM,1,5.5013726000033785,1.7049976247395788,4,0,1,-0.034382732227821136,0.17654191709039413,0.75
sub136,AB,16.0,EM,1,4.527017500004149,1.510063334141987,4,0,1,-0.3185847533428979,0.14362563410582652,0.75
sub136,AB,12.0,EM,1,3.6971074000030058,1.3075507301149005,4,0,1,-0.5606547417530031,0.1155890838754125,0.75
sub136,AB,36.0,BB,1,4.8516186000051675,1.5793123812330967,4,0,0,-0.22390439638008264,0.1545915146813414,0.75
sub136,AB,37.0,BB,1,3.1426787999953376,1.1450755572368894,4,0,0,-0.7223716852844798,0.09685902468795149,0.75
sub136,AB,13.0,BB,1,6.493002500006696,1.8707250585573392,4,0,0,0.25485804023727626,0.21004178834317816,0.75
sub136,AB,24.0,BB,1,4.084600700007286,1.4072239756780995,4,0,0,-0.4476298506944411,0.12867962870611632,0.75
sub136,AB,22.0,EM,1,4.4618148999870755,1.4955556115073505,4,0,1,-0.3376031899547911,0.14142291844960092,0.75
sub136,AB,23.0,EM,1,3.7443264000030467,1.320241734303428,4,0,1,-0.5468818008251473,0.11718426613109205,0.75
sub136,AB,20.0,EM,1,4.3372331999999005,1.4672366332946765,3,0,1,-0.3739414519809613,0.13721422031533792,0.5
sub136,AB,25.0,BB,1,3.223257499994361,1.1703924941483772,5,0,0,-0.6988683142870211,0.0995811855220237,1.0
sub136,AB,26.0,EM,0,8.557230300008086,2.1467765747126544,4,0,1,0.8569565080369393,0.27977684326259206,0.75
sub136,AB,21.0,BB,1,2.9345687000022735,1.0765604918862857,4,0,0,-0.7830736932408566,0.08982851708007446,0.75
sub136,AB,35.0,EM,0,11.40771020000102,2.434289460123556,2,0,1,1.6883907035643546,0.37607356612067905,0.25
sub136,AB,40.0,EM,1,3.277525199999218,1.1870886254131061,4,0,1,-0.6830393931650819,0.1014144914392226,0.75
sub136,AB,32.0,EM,1,3.7267524000053527,1.3155371841623866,4,0,1,-0.5520078234820051,0.11659057009861339,0.75
sub136,AB,5.0,EM,1,4.552196300006472,1.5156098197972245,4,0,1,-0.311240546030884,0.14447624032330197,0.75
sub136,AB,17.0,BB,1,7.043164299990167,1.9520575436169991,4,0,0,0.4153304342297074,0.2286277037815736,0.75
sub136,AB,14.0,BB,1,4.91490539998631,1.592272506208673,4,0,0,-0.20544476450197116,0.15672950956366788,0.75
sub136,AB,31.0,EM,1,4.874319300011848,1.5839804639337272,4,0,1,-0.21728300668075148,0.1553584041504562,0.75
sub136,AB,27.0,BB,1,8.39890519999608,2.1281013640213406,4,0,0,0.8107758974805881,0.274428204151903,0.75
sub136,AB,29.0,BB,0,7.3628415999992285,1.996445945184811,4,0,0,0.5085746064696411,0.23942724541772775,0.75
sub136,AB,19.0,BB,1,5.712861299994984,1.7427200014841913,4,0,0,0.027304753146517095,0.18368656270980693,0.75
sub137,AB,19.0,BB,1,14.116556799999671,2.6473483496369528,2,0,0,2.478512989177607,0.467585542860381,0.25
sub137,AB,15.0,BB,1,11.123717399997986,2.4090795315180924,5,0,0,1.6055550641316099,0.3664795409336738,1.0
sub137,AB,7.0,EM,1,3.5826059999963036,1.276090468557777,5,0,1,-0.594052759890781,0.11172092483898649,1.0
sub137,AB,8.0,BB,1,4.1057677999924636,1.4123927656076039,5,0,0,-0.44145578479491726,0.12939470912502654,1.0
sub137,AB,38.0,EM,1,6.623828100011451,1.8906734656609956,2,0,1,0.2930175366415886,0.21446142187451162,0.25
sub137,AB,6.0,BB,1,3.336381999994046,1.2048869863324154,5,0,0,-0.6658719133469856,0.10340282924768421,1.0
sub137,AB,30.0,EM,0,15.603145600005519,2.747472534954667,3,0,1,2.912124453344042,0.517806430114648,0.5
sub137,AB,4.0,EM,0,8.805949800007511,2.1754276066595244,5,0,1,0.9295035543762296,0.28817924342016055,1.0
sub137,AB,33.0,BB,1,7.408740099999704,2.002660397861175,4,0,0,0.5219623810769645,0.24097781770352383,0.75
sub137,AB,10.0,BB,1,9.465846200007945,2.2476901837298295,5,0,0,1.1219835758866983,0.3104722828294364,1.0
sub137,AB,36.0,BB,1,15.11457029999292,2.7156591991136505,3,0,0,2.7696157440135365,0.5013010689434513,0.5
sub137,AB,16.0,EM,1,4.3649802999862,1.473613676105253,5,0,1,-0.3658481173268965,0.13815159047448305,1.0
sub137,AB,12.0,EM,1,7.108724300007452,1.9613228043705053,5,0,1,0.4344531180533275,0.2308424933516584,1.0
sub137,AB,5.0,EM,1,10.064492000004975,2.309013585886059,4,0,1,1.296597888770515,0.3306961155576078,0.75
sub137,AB,35.0,EM,1,3.4176107999956002,1.228941710449763,5,0,1,-0.6421789197626011,0.10614695217304286,1.0
sub137,AB,28.0,EM,1,5.358811899990542,1.6787422900628766,5,0,1,-0.07596514820251081,0.17172584095541593,1.0
sub137,AB,18.0,EM,1,8.393008900005952,2.12739908550832,1,0,1,0.80905605183674,0.27422901159978613,0.0
sub137,AB,39.0,BB,1,7.3344707999931416,1.9925852617520088,2,0,0,0.5002993496332087,0.23846880502828482,0.25
sub137,AB,25.0,BB,0,9.44934920000378,2.245945871409693,4,0,0,1.1171716949374193,0.30991497069494467,0.75
sub137,AB,1.0,EM,1,6.885889600001974,1.9294743322583259,5,0,1,0.36945620664374096,0.22331454995179595,1.0
sub137,AB,29.0,BB,1,6.2107308999984525,1.8262785862818387,3,0,0,0.1725244441737951,0.2005059098278552,0.5
sub137,AB,3.0,BB,1,3.1126334000000497,1.1354691203101535,5,0,0,-0.7311353930988881,0.09584401189781963,1.0
sub137,AB,9.0,EM,0,6.433945500000846,1.8615879581562844,2,0,1,0.23763216564323034,0.20804668725075948,0.25
sub137,AB,40.0,EM,1,12.583419999995385,2.5323800744200575,4,0,1,2.0313243028275654,0.4157921414987671,0.75
sub137,AB,2.0,BB,1,6.723374599998351,1.905590201107387,5,0,0,0.32205347691760433,0.21782436497779573,1.0
sub137,AB,13.0,BB,0,4.694667100004153,1.5464272049288998,5,0,0,-0.26968435228873083,0.14928927939885578,1.0
sub137,AB,27.0,BB,1,7.395997699990403,2.0009390025446248,3,0,0,0.5182456500448149,0.24054734585131193,0.5
sub137,AB,20.0,EM,1,3.640247700008331,1.2920517287862285,5,0,1,-0.5772397030863982,0.11366821336789032,1.0
sub137,AB,37.0,BB,1,4.005520399994566,1.3876735096558375,5,0,0,-0.47069616511514806,0.12600808777229738,1.0
sub137,AB,11.0,EM,1,4.549423600008595,1.515000543621311,5,0,1,-0.312049293214886,0.14438257121050985,1.0
sub137,AB,17.0,BB,1,7.127602699998533,1.9639749506799813,5,0,0,0.43995961094579383,0.23148025545338374,1.0
sub137,AB,32.0,EM,1,5.283351600010064,1.6645606690643573,5,0,1,-0.09797557311681426,0.16917659316242983,1.0
sub137,AB,24.0,BB,1,5.712836399994558,1.7427156428881423,5,0,0,0.027297490260073706,0.18368572152217383,1.0
sub137,AB,34.0,BB,1,5.027164200000698,1.6148560477936038,5,0,0,-0.1727008728221642,0.160521907662456,1.0
sub137,AB,31.0,EM,1,2.902825800003484,1.0656846763537828,5,0,1,-0.7923325315593679,0.08875615826642241,1.0
sub137,AB,14.0,BB,1,6.32749120000517,1.8449038226823495,5,0,0,0.2065813431913484,0.20445038045913444,1.0
sub137,AB,26.0,EM,1,2.559056199999759,0.9396385186401934,5,0,1,-0.8926039984188912,0.0771427152462923,1.0
sub137,AB,22.0,EM,1,1.8765600999904564,0.629440366786141,5,0,1,-1.0916759497289985,0.0540861984139919,1.0
sub137,AB,21.0,BB,1,12.16743580000184,2.498763186360769,5,0,0,1.9099891239074802,0.4017390989846905,1.0
sub137,AB,23.0,EM,1,8.109839400000055,2.0930780652185517,2,0,1,0.7264605543431821,0.26466279965631706,0.25
sub138,AB,8.0,BB,0,14.222105399996508,2.6547974724869166,4,0,0,2.509299635078051,0.47115125271926467,0.75
sub138,AB,7.0,EM,0,6.5941310999915,1.8861800261612578,3,0,1,0.28435545089201825,0.21345817895368102,0.5
sub138,AB,37.0,BB,1,5.159630100009963,1.6408648908793233,4,0,0,-0.13406293013423595,0.16499695485060523,0.75
sub138,AB,25.0,BB,1,5.971176899998682,1.7869440436539974,5,0,0,0.10265081086886363,0.19241314441400986,1.0
sub138,AB,28.0,EM,1,5.373882899992168,1.6815507198539505,3,0,1,-0.07156920604477915,0.17223497905190083,0.5
sub138,AB,21.0,BB,1,6.723540399994818,1.9056148610381556,2,0,0,0.32210183782226487,0.2178299661386071,0.25
sub138,AB,4.0,EM,0,4.188242899996112,1.4322812903703728,5,0,1,-0.4173992677071291,0.13218093534881575,1.0
sub138,AB,2.0,BB,1,4.8023901999986265,1.5691137523067846,4,0,0,-0.2382634434853233,0.15292844959809399,0.75
sub138,AB,16.0,EM,1,2.6670279999962077,0.9809647438310085,4,0,1,-0.8611105482563705,0.08079028718699344,0.75
sub138,AB,1.0,EM,1,4.395477599988226,1.4805761941723994,5,0,1,-0.3569525983327071,0.13918186963772933,1.0
sub138,AB,33.0,BB,1,6.108145499994862,1.8096232082898989,2,0,0,0.1426021109115767,0.19704030467362965,0.25
sub138,AB,20.0,EM,0,5.676743599993642,1.7363777584678481,3,0,1,0.016769863619672802,0.18246641162320942,0.5
sub138,AB,26.0,EM,1,4.266370500001358,1.4507634657860125,4,0,1,-0.39461083890290904,0.13482029156574304,0.75
sub138,AB,14.0,BB,1,6.2887651000055484,1.8387647239344898,2,0,0,0.19528562986280348,0.20314211074670907,0.25
sub138,AB,10.0,BB,0,9.414482299995143,2.2422491738734607,3,0,0,1.1070016414810564,0.30873707492831926,0.5
sub138,AB,30.0,EM,1,6.7325958000001265,1.9069607750862445,4,0,1,0.3247431366500909,0.21813588141437612,0.75
sub138,AB,23.0,EM,1,6.1726797000010265,1.8201330548148036,3,0,1,0.16142558715017913,0.19922044001606004,0.5
sub138,AB,15.0,BB,1,3.367209300005925,1.2140843004108721,4,0,0,-0.65688013923003,0.10444425668090847,0.75
sub138,AB,11.0,EM,1,3.0095303999987664,1.1017840532999987,4,0,1,-0.7612087010575734,0.09236092085164682,0.75
sub138,AB,36.0,BB,0,5.881768299994292,1.7718574479914908,3,0,0,0.07657191537548841,0.1893926862884242,0.5
sub138,AB,5.0,EM,1,5.849291099992115,1.7663204744124104,3,0,1,0.06709889483012,0.1882955208855655,0.5
sub138,AB,17.0,BB,0,4.488285700004781,1.501470824840611,4,0,0,-0.3298821292598035,0.1423171718323885,0.75
sub138,AB,22.0,EM,1,2.971909300002153,1.0892046082209657,4,0,1,-0.7721821055746928,0.09108998095131662,0.75
sub138,AB,6.0,BB,1,2.4605702000117162,0.9003931117080878,4,0,0,-0.9213306097417685,0.07381559862769288,0.75
sub138,AB,3.0,BB,1,3.057871900004102,1.117719216506532,4,0,0,-0.747108346879449,0.09399402411561636,0.75
sub138,AB,34.0,BB,1,5.640787500000442,1.7300236834225862,4,0,0,0.006282109935732183,0.18125171981074956,0.75
sub138,AB,13.0,BB,0,5.33259829999588,1.6738386053230223,3,0,0,-0.08361118823369765,0.1708402764672029,0.5
sub138,AB,24.0,BB,1,4.700610100000631,1.5476923088023897,3,0,0,-0.26795088508515463,0.14949004960025514,0.5
sub138,AB,18.0,EM,1,2.6489871999947354,0.974177378264191,3,0,1,-0.8663727281566505,0.08018082142023457,0.5
sub138,AB,9.0,EM,0,5.1750182999967365,1.6438428753764338,2,0,1,-0.12957446639286746,0.16551680879850178,0.25
sub138,AB,19.0,BB,0,5.458256300000357,1.6971293797765832,2,0,0,-0.0469589886705413,0.17508533485241118,0.25
sub138,AB,12.0,EM,1,8.960834000012255,2.1928633030136417,3,0,1,0.9746805157121684,0.29341163986084073,0.5
sub138,AB,29.0,BB,1,8.220264799994766,2.1066024226605107,3,0,0,0.7586696759057031,0.26839326067090286,0.5
sub138,AB,32.0,EM,1,8.104471699989517,2.09241597107548,4,0,1,0.7248948918945168,0.2644814646045241,0.75
sub138,AB,38.0,EM,1,5.944370199998957,1.7824445867679426,4,0,1,0.09483177413435764,0.19150754344463633,0.75
sub138,AB,31.0,EM,1,2.594851599991671,0.9535293280815286,3,0,1,-0.882163118061892,0.07835197818921782,0.5
sub138,AB,35.0,EM,1,5.668135300002177,1.7348601923978306,4,0,1,0.014258975899229573,0.1821756005641455,0.75
sub138,AB,40.0,EM,1,8.887210400003823,2.1846132095074635,3,0,1,0.9532058234524565,0.2909244406331443,0.5
sub138,AB,27.0,BB,0,8.214670099987416,2.1059215924342265,3,0,0,0.7570378016027691,0.26820425696100714,0.5
sub138,AB,39.0,BB,0,5.8677705000009155,1.7694747490866107,4,0,0,0.0724890065373397,0.18891980371640943,0.75
sub139,AB,26.0,EM,1,8.19261529999494,2.103233175339211,5,0,1,0.7506048094286069,0.26745918769650495,1.0
sub139,AB,31.0,EM,1,5.377015699996264,1.6821335176663625,3,0,1,-0.07065542410540812,0.17234081329187034,0.5
sub139,AB,14.0,BB,1,5.861656099994434,1.7684321745825293,2,0,0,0.07070554500493796,0.18871324317098365,0.25
sub139,AB,34.0,BB,1,8.004083699997864,2.0799518739379077,3,0,0,0.6956135010613895,0.2610900934134843,0.5
sub139,AB,24.0,BB,1,4.0688187000050675,1.403352711626068,4,0,0,-0.45223317888338593,0.12814647115592148,0.75
sub139,AB,33.0,BB,1,5.9181000999960816,1.7780154683324485,5,0,0,0.08716925405752085,0.19062007023725203,1.0
sub139,AB,30.0,EM,1,6.212656800009427,1.8265886305423749,5,0,1,0.17308619489033042,0.20057097180552763,1.0
sub139,AB,20.0,EM,1,9.18864510000276,2.2179684935074366,4,0,1,1.0411289543253612,0.30110769916644603,0.75
sub139,AB,16.0,EM,1,11.623688899999252,2.453045162317199,4,0,1,1.7513878419355222,0.38336989577276015,0.75
sub139,AB,29.0,BB,1,6.4560086999990745,1.8650112785502395,4,0,0,0.24406760794939544,0.20879204028959242,0.75
sub139,AB,32.0,EM,1,5.113718799999333,1.6319268890449772,4,0,1,-0.14745443827644406,0.1634459501467344,0.75
sub139,AB,4.0,EM,1,10.4904463999992,2.350464976316808,4,0,1,1.4208411973767041,0.34508597770205873,0.75
sub139,AB,8.0,BB,1,6.970009700002265,1.9416166164504118,3,0,0,0.3939925409191032,0.22615634861052097,0.5
sub139,AB,18.0,EM,1,5.617968199992902,1.72597006828741,3,0,1,-0.00037387327057472847,0.18048082372106056,0.5
sub139,AB,39.0,BB,1,11.522905500009074,2.4443368370097107,2,0,0,1.7219911199682636,0.37996516692777726,0.25
sub139,AB,5.0,EM,1,5.109967199998209,1.6311929854079694,3,0,1,-0.1485487131488551,0.16331921121214887,0.5
sub139,AB,13.0,BB,1,6.2189847999979975,1.827606677995594,2,0,0,0.1749319597314745,0.20078474832124588,0.25
sub139,AB,15.0,BB,0,5.446057000008295,1.6948918605956744,2,0,0,-0.05051730710489439,0.17467321035000682,0.25
sub139,AB,11.0,EM,1,3.8629349999973783,1.3514272572410992,4,0,1,-0.5122857856351561,0.12119117720675625,0.75
sub139,AB,35.0,EM,1,3.6747858000017004,1.3014948452522987,4,0,1,-0.567165554735763,0.11483500140351711,0.75
sub139,AB,40.0,EM,1,5.011949300009292,1.6118249212622449,4,0,1,-0.1771387880428315,0.16000790824509836,0.75
sub139,AB,1.0,EM,1,4.211480600002687,1.4378142723285479,4,0,1,-0.4106212446763678,0.13296596609307682,0.75
sub139,AB,9.0,EM,1,4.303706500009866,1.4594766281573877,5,0,1,-0.3837205929722632,0.13608160003715442,1.0
sub139,AB,22.0,EM,1,4.562830299997586,1.517943110808272,5,0,1,-0.30813879771549596,0.14483548486665754,1.0
sub139,AB,12.0,EM,1,5.634352100008982,1.7288821630656641,5,0,1,0.004405018427453151,0.18103431503990375,1.0
sub139,AB,10.0,BB,1,4.497947000010754,1.5036210704554214,5,0,0,-0.327064100198018,0.14264355600690115,1.0
sub139,AB,17.0,BB,1,8.153543499996886,2.098452618036733,3,0,0,0.7392082615703772,0.2661392393271133,0.5
sub139,AB,27.0,BB,1,5.52202090001083,1.7087438983633192,4,0,0,-0.028359991037558197,0.17723947107886923,0.75
sub139,AB,2.0,BB,1,3.2943507000018144,1.1922090923912327,4,0,0,-0.6781316946196405,0.10198290116935357,0.75
sub139,AB,37.0,BB,1,4.268269899999723,1.45120856949061,5,0,0,-0.39405681776786117,0.13488445830315443,1.0
sub139,AB,7.0,EM,1,5.553353700001026,1.7144020155310333,5,0,1,-0.0192207715841832,0.1782979756334992,1.0
sub139,AB,38.0,EM,1,5.663443899989943,1.734032170072349,5,0,1,0.012890578109412167,0.18201711270854065,1.0
sub139,AB,3.0,BB,1,4.715044999989914,1.5507584600462214,5,0,0,-0.26374048196667,0.14997769856201615,1.0
sub139,AB,25.0,BB,1,3.9949915000033798,1.385041451557246,5,0,0,-0.4737672576332824,0.1256523937839082,1.0
sub139,AB,19.0,BB,0,4.666642600001069,1.5404398837912228,5,0,0,-0.2778585995848371,0.14834253793611463,1.0
sub139,AB,23.0,EM,1,3.64044119999744,1.2921048830939628,5,0,1,-0.5771832625874563,0.11367475030745068,1.0
sub139,AB,36.0,BB,1,6.483120200005942,1.8692019068209094,2,0,0,0.2519755494149035,0.20970793820644312,0.25
sub139,AB,21.0,BB,1,4.638215600003605,1.5343297233078155,5,0,0,-0.28615024895735436,0.14738219896285987,1.0
sub139,AB,6.0,BB,1,4.112477899994701,1.4140257422155802,5,0,0,-0.4394985681882389,0.12962139398615014,1.0
sub139,AB,28.0,EM,1,2.9569867000100203,1.0841707430617875,5,0,1,-0.7765347620939221,0.09058585619822924,1.0
sub140,AB,29.0,BB,1,5.76933559999452,1.752556926575406,4,0,0,0.043777300168583284,0.18559441338985322,0.75
sub140,AB,3.0,BB,1,6.911082899998291,1.9331263404067667,5,0,0,0.37680464334563485,0.22416564601728023,1.0
sub140,AB,26.0,EM,1,6.582060000000638,1.8843477662499792,5,0,1,0.2808345261136823,0.21305038538516113,1.0
sub140,AB,28.0,EM,1,4.614173299996764,1.5291327186467303,5,0,1,-0.29316295947142096,0.1465699867102369,1.0
sub140,AB,16.0,EM,0,6.751159899999038,1.9097143271590404,4,0,1,0.3301579538351986,0.2187630256340949,0.75
sub140,AB,13.0,BB,1,4.013237100007245,1.3895981725215685,5,0,0,-0.46844534122153486,0.12626877823445498,1.0
sub140,AB,19.0,BB,0,6.067050600002403,1.8028725891268655,3,0,0,0.13061546083360423,0.19565201065497534,0.5
sub140,AB,27.0,BB,1,4.9185067000071285,1.593004968175121,4,0,0,-0.20439432945569364,0.15685117096883494,0.75
sub140,AB,38.0,EM,1,12.06285490001028,2.4901308879948028,2,0,1,1.8794847388556046,0.3982060805821536,0.25
sub140,AB,20.0,EM,1,4.318297600009828,1.4628612505166276,5,0,1,-0.3794646290939148,0.1365745258469082,1.0
sub140,AB,5.0,EM,1,7.472390399998403,2.011214947955432,2,0,1,0.540528039433169,0.24312809257437062,0.25
sub140,AB,33.0,BB,1,3.042944599990733,1.112825665028021,5,0,0,-0.7514623743111256,0.0934897405834257,1.0
sub140,AB,32.0,EM,1,4.073271700006444,1.4044465340295509,5,0,1,-0.4509343181288031,0.12829690523090675,1.0
sub140,AB,7.0,EM,1,4.393580699994345,1.4801445438274843,5,0,1,-0.3575058902609933,0.13911778735705765,1.0
sub140,AB,8.0,BB,0,4.127503499999875,1.417672744782683,5,0,0,-0.4351158684005121,0.1301289983511128,1.0
sub140,AB,31.0,EM,1,4.463564299992868,1.4959476172673296,5,0,1,-0.3370929211448005,0.1414820177919699,1.0
sub140,AB,24.0,BB,1,11.962419899995439,2.4817700608315088,4,0,0,1.850189638953184,0.394813121606472,0.75
sub140,AB,36.0,BB,0,6.574164700010442,1.8831475281698253,2,0,0,0.27853160778901276,0.21278366134510068,0.25
sub140,AB,34.0,BB,1,5.036186299999827,1.6166491091435689,5,0,0,-0.17006928701278448,0.1608266979762611,1.0
sub140,AB,18.0,EM,1,3.1431352000072366,1.1452207731190966,5,0,1,-0.7222385615333764,0.09687444308309905,1.0
sub140,AB,2.0,BB,1,5.130934000000707,1.635287708887566,5,0,0,-0.14243307118523205,0.16402752496979595,1.0
sub140,AB,39.0,BB,0,7.058639900002163,1.9542523842210953,5,0,0,0.4198443910010952,0.2291505103326465,1.0
sub140,AB,21.0,BB,1,5.818388500003493,1.7610233333684593,5,0,0,0.05808515705168177,0.18725154962068974,1.0
sub140,AB,11.0,EM,1,2.7921308999939356,1.0268050677530907,5,0,1,-0.8246202614741288,0.08501659283112517,1.0
sub140,AB,10.0,BB,1,2.8822561999986647,1.0585733902253822,5,0,0,-0.7983323173611797,0.08806126297143342,1.0
sub140,AB,12.0,EM,1,3.9626787999877706,1.3769202612106908,5,0,1,-0.4831922964637135,0.12456078562410065,1.0
sub140,AB,37.0,BB,1,3.447189200000139,1.2375591743371348,5,0,0,-0.6335514275242511,0.10714618847280759,1.0
sub140,AB,9.0,EM,0,5.998808999996982,1.7915609495238194,5,0,1,0.11071060207555714,0.1933466295705022,1.0
sub140,AB,22.0,EM,1,4.687287100008689,1.5448539716002574,5,0,1,-0.2718369667868146,0.14903996355058136,1.0
sub140,AB,17.0,BB,1,5.770469099996262,1.7527533770413983,5,0,0,0.04410792192181208,0.18563270600701137,1.0
sub140,AB,23.0,EM,1,3.4929246000101557,1.2507393795654196,4,0,1,-0.6202112262779462,0.10869125081111043,0.75
sub140,AB,4.0,EM,1,6.305927399997017,1.841490048211213,3,0,1,0.20029156696372552,0.20372189846802924,0.5
sub140,AB,1.0,EM,1,5.390469799996936,1.684632542532021,5,0,1,-0.06673110286720824,0.17279532824532534,1.0
sub140,AB,15.0,BB,0,8.531635799998185,2.1437811133405598,4,0,0,0.8494910484398688,0.27891219360337116,0.75
sub140,AB,14.0,BB,1,3.866575699998066,1.3523692833049026,5,0,0,-0.5112238583167997,0.12131416964707357,1.0
sub140,AB,35.0,EM,1,4.165927599999122,1.4269389639069519,5,0,1,-0.4239082430908868,0.1314270657076685,1.0
sub140,AB,30.0,EM,1,7.599143300001742,2.028035517254512,5,0,1,0.5774996018165082,0.2474101395669176,1.0
sub140,AB,6.0,BB,1,4.10280330000387,1.4116704717804898,5,0,0,-0.44232047661862145,0.12929456050309973,1.0
sub140,AB,25.0,BB,1,4.545750799996313,1.5141929065051012,5,0,0,-0.31312058353465017,0.14425849434720805,1.0
sub140,AB,40.0,EM,0,10.41800439999497,2.3435355016683674,3,0,1,1.399711156783868,0.34263869603636093,0.5
sub141,AB,12.0,EM,1,2.759130599995842,1.0149156301046307,5,0,1,-0.8342458609674444,0.08390175573188514,1.0
sub141,AB,9.0,EM,1,8.901714599996922,2.1862439098681885,5,0,1,0.9574364401472314,0.2914144307316597,1.0
sub141,AB,35.0,EM,1,3.4246254000026966,1.2309920934706202,5,0,1,-0.6401328859302414,0.10638392384677589,1.0
sub141,AB,18.0,EM,0,11.142215700005181,2.4107411105931775,2,0,1,1.6109506886315916,0.3671044622562704,0.25
sub141,AB,36.0,BB,1,6.980443799999193,1.9431124964148285,2,0,0,0.39703598196810697,0.22650884000527882,0.25
sub141,AB,32.0,EM,1,2.8139952999918023,1.0346052884675623,5,0,1,-0.8182428055857498,0.08575522988205057,1.0
sub141,AB,30.0,EM,1,5.164997400002903,1.6419045991838475,4,0,1,-0.13249738436357617,0.1651782763887496,0.75
sub141,AB,39.0,BB,0,5.285291299995151,1.6649277360615524,3,0,0,-0.09740979719372521,0.16924212133959476,0.5
sub141,AB,2.0,BB,0,3.2422039000084624,1.176253314614151,4,0,0,-0.6933419869994988,0.10022124484372631,0.75
sub141,AB,13.0,BB,0,7.427269099993282,2.00515824069447,2,0,0,0.5273669602159459,0.24160377615256373,0.25
sub141,AB,14.0,BB,1,2.6404473000002326,0.9709483346245453,5,0,0,-0.8688636648167657,0.07989232109332174,1.0
sub141,AB,29.0,BB,1,4.043640999996569,1.3971455237251844,4,0,0,-0.4595770653468016,0.12729590209913616,0.75
sub141,AB,40.0,EM,1,6.308930500003044,1.8419661693196019,5,0,1,0.20116751772472016,0.20382335110026711,1.0
sub141,AB,17.0,BB,1,3.8499529999971855,1.3480609404322383,5,0,0,-0.516072403715334,0.12075261103543704,1.0
sub141,AB,10.0,BB,1,3.7033620000001974,1.3092410557276,2,0,0,-0.558830386381466,0.11580038074599182,0.25
sub141,AB,31.0,EM,1,4.094842899998184,1.409728352710314,3,0,1,-0.44464238345782436,0.12902563721295868,0.5
sub141,AB,4.0,EM,1,7.449375299998792,2.008130176526508,2,0,1,0.5338149448580389,0.24235058184496006,0.25
sub141,AB,5.0,EM,1,8.260179100005189,2.111446270107163,2,0,1,0.7703119660054468,0.2697416709109427,0.25
sub141,AB,8.0,BB,0,3.486773099997663,1.2489766953147132,3,0,0,-0.6220055092210346,0.10848343692971243,0.5
sub141,AB,11.0,EM,1,2.455402599996887,0.8982907396533826,5,0,1,-0.922837906587169,0.0736410234810761,1.0
sub141,AB,16.0,EM,0,7.691205600000103,2.0400775462621548,3,0,1,0.6043525343131485,0.2505202466715642,0.5
sub141,AB,20.0,EM,1,2.8455244999931892,1.0457474091076824,5,0,1,-0.8090462997486656,0.08682036934662925,1.0
sub141,AB,34.0,BB,1,7.987072100004298,2.077824247064195,1,0,0,0.6906515204646065,0.2605153967352313,0.0
sub141,AB,28.0,EM,1,3.430558199994266,1.2327229884601558,5,0,1,-0.6384023938863481,0.1065843494651295,1.0
sub141,AB,38.0,EM,0,9.596424600007595,2.261390591602511,1,0,1,1.1600709684542567,0.31488356529315414,0.0
sub141,AB,26.0,EM,1,7.972548400008236,2.076004190753292,3,0,1,0.6864152159664282,0.26002474787522767,0.5
sub141,AB,1.0,EM,1,5.654494300004444,1.7324506802828339,5,0,1,0.010280139262166157,0.18171477163625438,1.0
sub141,AB,19.0,BB,1,3.2478262999939034,1.1779859418034588,4,0,0,-0.6917020331065279,0.1004111843318794,0.75
sub141,AB,27.0,BB,1,3.7578473999892594,1.3238462934582462,3,0,0,-0.5429379660532232,0.11764104114235936,0.5
sub141,AB,24.0,BB,1,2.2516211999900406,0.811650490085722,5,0,0,-0.9822773098885439,0.06675675076610592,1.0
sub141,AB,22.0,EM,1,3.5166170000011334,1.2574994479318056,5,0,1,-0.6133005753638102,0.10949164251911013,1.0
sub141,AB,23.0,EM,1,3.371545200003311,1.2153711555992404,5,0,1,-0.6556154344600637,0.1045907348091667,1.0
sub141,AB,21.0,BB,1,4.419431499991333,1.4860110679058935,3,0,0,-0.34996567252457317,0.13999109550526667,0.5
sub141,AB,7.0,EM,1,2.665375300013693,0.9803448732239106,5,0,1,-0.8615926113926212,0.08073445462624318,1.0
sub141,AB,25.0,BB,1,4.691782699999749,1.545812616845726,5,0,0,-0.2705256803743094,0.14919183676548142,1.0
sub141,AB,33.0,BB,1,4.159581900006742,1.4254145644161538,5,0,0,-0.4257591707077544,0.13121269123917695,1.0
sub141,AB,3.0,BB,1,3.514858800001093,1.2569993537590625,5,0,0,-0.6138134109753202,0.10943224588974487,1.0
sub141,AB,15.0,BB,1,4.785461999999825,1.5655825719682013,3,0,0,-0.24320109778969698,0.15235657039144707,0.5
sub141,AB,37.0,BB,1,2.64125879999483,0.9712556216964192,5,0,0,-0.8686269647280613,0.07991973570167568,1.0
sub141,AB,6.0,BB,1,2.9579321000055643,1.084490409327905,5,0,0,-0.7762590057608398,0.09061779430148026,1.0
sub142,AB,2.0,BB,0,4.799864400003571,1.5685876675155506,4,0,0,-0.2390001743378921,0.15284312141804984,0.75
sub142,AB,20.0,EM,1,3.057931200004532,1.1177386088903163,5,0,1,-0.7470910501259612,0.09399602742590349,1.0
sub142,AB,40.0,EM,1,2.8181124000111595,1.036067299129292,5,0,1,-0.8170419208706853,0.08589431637044996,1.0
sub142,AB,24.0,BB,0,2.4370226000028197,0.8907770482983943,5,0,0,-0.9281990250812511,0.0730200986446776,1.0
sub142,AB,21.0,BB,1,1.9455133000010392,0.6655258497085098,5,0,0,-1.0715635299290966,0.05641561922191052,1.0
sub142,AB,23.0,EM,1,6.433979800000088,1.8615932892408908,5,0,1,0.23764217034183457,0.20804784599512427,1.0
sub142,AB,27.0,BB,1,4.463223399987328,1.4958712404076657,3,0,0,-0.3371923556020868,0.14147050129141298,0.5
sub142,AB,9.0,EM,0,5.260176600000705,1.66016460033064,5,0,1,-0.10473530767560826,0.16839368058930732,1.0
sub142,AB,3.0,BB,1,4.7902446999942185,1.5665814957117818,4,0,0,-0.2418060694219132,0.15251814260105107,0.75
sub142,AB,11.0,EM,1,2.8918482000008225,1.061895813292618,5,0,1,-0.7955345018756845,0.08838530600919169,1.0
sub142,AB,36.0,BB,0,2.9842499000078533,1.0933484254863848,5,0,0,-0.768582572444117,0.09150687894054797,1.0
sub142,AB,4.0,EM,0,4.736525799991796,1.5553039133769502,4,0,1,-0.2574749153619399,0.1507033765941806,0.75
sub142,AB,17.0,BB,1,4.187167500000214,1.4320244910135775,5,0,0,-0.41771294272390846,0.1321446055029653,1.0
sub142,AB,12.0,EM,0,4.976090299998759,1.6046445023780815,5,0,1,-0.18759821939200483,0.15879649672593943,1.0
sub142,AB,30.0,EM,0,1.978782100006356,0.6824815544473184,4,0,1,-1.0618596137679437,0.05753952695896948,0.75
sub142,AB,6.0,BB,1,5.540260699999635,1.7120415574136778,4,0,0,-0.02303976638685608,0.17785565958962257,0.75
sub142,AB,5.0,EM,0,4.040684100007638,1.396414009323126,3,0,1,-0.4604395403860249,0.12719601022522614,0.5
sub142,AB,15.0,BB,1,4.556707800002187,1.5166003890940538,5,0,0,-0.30992462187033526,0.14462865068226038,1.0
sub142,AB,37.0,BB,1,2.151703499999712,0.7662598539966231,5,0,0,-1.0114215225913292,0.06338126754848702,1.0
sub142,AB,18.0,EM,0,3.8140265999973053,1.338685481458392,5,0,1,-0.5265514944404329,0.11953892256701955,1.0
sub142,AB,1.0,EM,1,4.953931600000942,1.6001815239474135,5,0,1,-0.1940615173463823,0.15804791744545038,1.0
sub142,AB,25.0,BB,1,4.994090799998958,1.6082553735102674,3,0,0,-0.18234779428401046,0.1594046010524532,0.5
sub142,AB,29.0,BB,1,4.942184700004873,1.597807480402014,4,0,0,-0.19748787876299748,0.15765107620711505,0.75
sub142,AB,8.0,BB,1,2.6090223000064725,0.9589755534566881,4,0,0,-0.8780297773683139,0.07883070177959775,0.75
sub142,AB,38.0,EM,1,3.4448196000012103,1.2368715373473795,4,0,1,-0.6342425976212007,0.10706613714026464,0.75
sub142,AB,16.0,EM,1,3.353046699994593,1.2098693952113153,5,0,1,-0.6610111172969259,0.10396580672999159,1.0
sub142,AB,28.0,EM,1,1.8364844000025187,0.6078530918241474,5,0,1,-1.1033653173262763,0.05273233565737613,1.0
sub142,AB,7.0,EM,0,5.499529299995629,1.704662506757116,5,0,1,-0.034920389995224635,0.17647964555850543,1.0
sub142,AB,13.0,BB,0,3.47831779999251,1.2465487861086326,4,0,0,-0.6244717695717021,0.1081977946133852,0.75
sub142,AB,22.0,EM,1,4.68746519999695,1.5448919672683206,5,0,1,-0.271785018193715,0.14904598023752963,1.0
sub142,AB,26.0,EM,0,3.3805508999939775,1.2180386843776985,4,0,1,-0.6529886322409287,0.10489497108746722,0.75
sub142,AB,33.0,BB,1,5.34825880000426,1.6767710499918558,4,0,0,-0.07904329942800678,0.1713693294274184,0.75
sub142,AB,35.0,EM,0,5.961442200001329,1.7853124316708475,2,0,1,0.09981137233747124,0.19208428059435828,0.25
sub142,AB,34.0,BB,1,2.8567537000053562,1.0496859102238092,5,0,0,-0.8057709421927132,0.08719972131521965,1.0
sub142,AB,32.0,EM,0,2.4914750999887474,0.9128749447053353,4,0,1,-0.9123162010976935,0.07485964759223827,0.75
sub142,AB,31.0,EM,1,2.6865582000027644,0.9882608948280399,5,0,1,-0.8554139369134941,0.08145006881092247,1.0
sub142,AB,10.0,BB,0,2.565353000012692,0.9420960909910234,3,0,0,-0.8907673340547035,0.07735543774461258,0.5
sub142,AB,14.0,BB,1,3.3795812000025762,1.2177517964933469,5,0,0,-0.6532714764498129,0.10486221206631864,1.0
sub142,AB,39.0,BB,0,4.9123924000014085,1.5917610736478973,5,0,0,-0.20617776181965514,0.15664461380169842,1.0
sub142,AB,19.0,BB,0,3.6571880000119563,1.2966945461072894,5,0,0,-0.5722985194262215,0.11424050134458716,1.0
sub143,AB,33.0,BB,0,4.404036099993391,1.4825214159188882,1,0,0,-0.3544562363809061,0.1394709983220187,0.0
sub143,AB,34.0,BB,0,3.899894400004996,1.3609494758472185,5,0,0,-0.5015053872143198,0.12243976313768794,1.0
sub143,AB,30.0,EM,1,3.37736749999749,1.2170965598820973,5,0,1,-0.6539171732964639,0.1047874274464091,1.0
sub143,AB,40.0,EM,1,6.669246999997995,1.8975069600010515,5,0,1,0.3062654204706048,0.21599579200795277,1.0
sub143,AB,26.0,EM,1,2.1257976000051713,0.7541470731324051,5,0,1,-1.0189778120152357,0.06250609797715631,1.0
sub143,AB,32.0,EM,1,8.714045300002908,2.164936126213171,5,0,1,0.9026966493260078,0.2850744672151516,1.0
sub143,AB,24.0,BB,1,2.7205749999993714,1.0008432550252886,5,0,0,-0.845491842483126,0.08259924595888284,1.0
sub143,AB,15.0,BB,1,2.509490900003584,0.9200799038873422,5,0,0,-0.9070613132480526,0.07546826879356643,1.0
sub143,AB,8.0,BB,0,1.9707395000004908,0.6784088530230938,5,0,0,-1.0642054968825174,0.05726782673620168,1.0
sub143,AB,21.0,BB,1,4.06091309999465,1.4014078498036102,5,0,0,-0.45453910154042315,0.1278793991540344,1.0
sub143,AB,6.0,BB,1,3.561873900005594,1.27028678278254,5,0,0,-0.6000999440429696,0.1110205398662398,1.0
sub143,AB,17.0,BB,1,5.1117059999960475,1.631533203683508,3,0,0,-0.14804153617230834,0.16337795245831516,0.5
sub143,AB,38.0,EM,0,4.891012899999623,1.5873994190511092,5,0,1,-0.21241378101937194,0.15592235795049197,1.0
sub143,AB,2.0,BB,0,3.460726799996337,1.2414786248129912,4,0,0,-0.6296027508252017,0.10760352427615802,0.75
sub143,AB,35.0,EM,1,3.71504750000895,1.3123914640930832,5,0,1,-0.5554219342470949,0.11619514773094893,1.0
sub143,AB,20.0,EM,1,3.286561700006132,1.189841942318624,5,0,1,-0.6804036071300179,0.10171976822323887,1.0
sub143,AB,25.0,BB,1,2.019790499994997,0.7029937931607976,5,0,0,-1.0498981941997838,0.058924898779542406,1.0
sub143,AB,18.0,EM,1,3.374227599997539,1.216166438872228,5,0,1,-0.6548330261781147,0.10468135334986904,1.0
sub143,AB,27.0,BB,1,5.781199899996864,1.7546112562945604,5,0,0,0.04723790507513576,0.18599522070978336,1.0
sub143,AB,36.0,BB,0,2.8023454999929527,1.030456745093189,2,0,0,-0.8216408446633532,0.08536166893750782,0.25
sub143,AB,5.0,EM,1,3.1318366000050446,1.1416196056325525,5,0,1,-0.7255341618298149,0.09649274659995662,1.0
sub143,AB,19.0,BB,1,3.515979100004188,1.2573180355516194,5,0,0,-0.6134866394264927,0.1094700925761629,1.0
sub143,AB,1.0,EM,1,5.629875800004811,1.7280873815183557,5,0,1,0.003099361477226391,0.1808830938294218,1.0
sub143,AB,11.0,EM,1,1.9444237999996403,0.6649656863938446,5,0,1,-1.0718813176662396,0.056378813040716666,1.0
sub143,AB,16.0,EM,0,3.6995622999966145,1.3082145153542892,4,0,1,-0.559938691167524,0.11567201686656582,0.75
sub143,AB,4.0,EM,0,2.7497564000077546,1.0115123259395173,5,0,1,-0.8369801480697068,0.083585070552568,1.0
sub143,AB,31.0,EM,1,1.920042600002489,0.6523473732948476,5,0,1,-1.0789928792687875,0.05555515185332184,1.0
sub143,AB,39.0,BB,1,3.644058900012169,1.2930981428269537,5,0,0,-0.5761280439551786,0.11379696574763075,1.0
sub143,AB,13.0,BB,1,3.1055464999953983,1.1331897063378678,3,0,0,-0.7332025155522564,0.09560459773963785,0.5
sub143,AB,14.0,BB,1,3.401681000003009,1.22426972120648,5,0,0,-0.6468253585751622,0.10560880154967761,1.0
sub143,AB,28.0,EM,1,1.7446923999959836,0.5565782650421787,5,0,1,-1.1301394081316438,0.04963135999877186,1.0
sub143,AB,37.0,BB,1,2.44154780000099,0.8926321824565341,5,0,0,-0.9268791048740997,0.07317297182582239,1.0
sub143,AB,22.0,EM,1,4.607189500005916,1.5276180181675123,5,0,1,-0.2952000094878516,0.14633405554221968,1.0
sub143,AB,3.0,BB,1,1.3406186000065645,0.2931311492349724,5,0,0,-1.24800053559609,0.03598068218417241,1.0
sub143,AB,9.0,EM,1,2.928171799998381,1.0743782692405979,5,0,1,-0.7849395549887745,0.08961241294026724,1.0
sub143,AB,7.0,EM,1,3.3747363000002224,1.2163171879386578,5,0,1,-0.6546846474516073,0.10469853857653084,1.0
sub143,AB,29.0,BB,1,2.9334737000026507,1.0761872839447986,5,0,0,-0.7833930852294797,0.08979152509444652,1.0
sub143,AB,23.0,EM,1,2.336615799998981,0.8487036432394377,5,0,1,-0.9574858995429446,0.06962809233968277,1.0
sub143,AB,10.0,BB,0,3.5713134999969043,1.2729334552929452,5,0,0,-0.5973465809250977,0.11133943443001368,1.0
sub143,AB,12.0,EM,1,2.4809525000018766,0.9086425590212984,5,0,1,-0.9153854560168257,0.07450416643459716,1.0
sub144,AB,37.0,BB,1,4.0172203999973135,1.3905902206873795,5,0,0,-0.46728348359089694,0.1264033446052633,1.0
sub144,AB,26.0,EM,1,3.7873458999965806,1.331665483538221,5,0,1,-0.5343337792203627,0.11863757820965858,1.0
sub144,AB,22.0,EM,1,7.454767799994443,2.0088538008495944,4,0,1,0.5353878410204628,0.24253275470560526,0.75
sub144,AB,38.0,EM,0,10.18513769999845,2.3209295694694037,3,0,1,1.331788089732172,0.3347718452395888,0.5
sub144,AB,24.0,BB,1,4.586718200007454,1.523164779240712,5,0,0,-0.30117112292936854,0.14564248108049427,1.0
sub144,AB,40.0,EM,1,4.1842830000096,1.4313353631008545,5,0,1,-0.4185542999736828,0.1320471594917933,1.0
sub144,AB,8.0,BB,1,12.586287199999788,2.532607903849619,5,0,0,2.0321606139796216,0.41588900307081444,1.0
sub144,AB,29.0,BB,1,4.789507900000899,1.5664276712811234,4,0,0,-0.24202098085128748,0.1524932515555963,0.75
sub144,AB,9.0,EM,1,5.439561799998046,1.6936985061524599,4,0,1,-0.052411841213107095,0.174453785376936,0.75
sub144,AB,25.0,BB,1,4.728347600001143,1.5535757968601607,5,0,0,-0.25986035057588663,0.15042709544658162,1.0
sub144,AB,27.0,BB,1,4.397967900004005,1.4811425933346747,5,0,0,-0.3562262221915365,0.13926599853492083,1.0
sub144,AB,16.0,EM,1,14.05408480000915,2.6429130866218142,3,0,1,2.4602910199382393,0.46547507406897065,0.5
sub144,AB,10.0,BB,1,4.324732699999004,1.4643503350054912,5,0,0,-0.37758762509095656,0.13679192048288624,1.0
sub144,AB,14.0,BB,1,3.918031500012148,1.3655893593093633,5,0,0,-0.49621511831830534,0.12305248217241695,1.0
sub144,AB,6.0,BB,1,5.618016300009913,1.7259786300680018,5,0,0,-0.00035984335268313675,0.18048244866639257,1.0
sub144,AB,28.0,EM,1,2.994115599998622,1.0966488958060503,5,0,1,-0.7657049235488695,0.09184016828519989,1.0
sub144,AB,18.0,EM,1,4.7688556000066455,1.562106359974604,5,0,1,-0.24804488876642683,0.1517955624370259,1.0
sub144,AB,17.0,BB,1,3.760506799997529,1.3245537355522055,5,0,0,-0.5421622664573528,0.11773088268292443,1.0
sub144,AB,2.0,BB,1,4.435476099999505,1.4896349606198334,5,0,0,-0.3452857485930321,0.14053312437568938,1.0
sub144,AB,33.0,BB,1,3.975403300006292,1.3801262020807463,5,0,0,-0.47948078653992343,0.12499065276745232,1.0
sub144,AB,1.0,EM,1,6.066990499995882,1.8028626831102257,5,0,1,0.13059793073259432,0.19564998031837416,1.0
sub144,AB,13.0,BB,1,4.1680320000014035,1.4274439819651166,5,0,0,-0.4232944271074909,0.13149815788544622,1.0
sub144,AB,34.0,BB,1,3.468539299996337,1.2437335543243184,5,0,0,-0.6273239837822999,0.10786745111434785,1.0
sub144,AB,21.0,BB,1,3.55103259999305,1.2672384344293848,5,0,0,-0.6032621580808315,0.11065429218186501,1.0
sub144,AB,30.0,EM,1,3.694674500002293,1.306892458504218,5,0,1,-0.5613643753325616,0.11550689410199551,1.0
sub144,AB,23.0,EM,1,3.378415600003791,1.2174068421985056,5,0,1,-0.653611461200205,0.10482283502666764,1.0
sub144,AB,3.0,BB,1,3.658028200006811,1.2969242590714931,5,0,0,-0.5720534480588332,0.11426888551458257,1.0
sub144,AB,12.0,EM,1,3.867312500005937,1.3525598213605472,5,0,1,-0.5110089468831809,0.1213390606930199,1.0
sub144,AB,7.0,EM,1,4.684226099998341,1.5442007152789194,5,0,1,-0.2727298059473782,0.1489365549036143,1.0
sub144,AB,32.0,EM,1,4.060891699991771,1.4014025800382302,5,0,1,-0.45454534353994686,0.12787867620554194,1.0
sub144,AB,39.0,BB,0,6.330921499989927,1.8454458021785192,5,0,0,0.2075819005740723,0.20456626503244896,1.0
sub144,AB,4.0,EM,0,10.906090599994059,2.3893214038225694,4,0,1,1.5420772043554651,0.35912753412018167,0.75
sub144,AB,11.0,EM,1,2.573983499998576,0.9454546988964256,5,0,1,-0.8882499709914591,0.07764699877799136,1.0
sub144,AB,31.0,EM,1,2.4056350000028033,0.8778139019722752,5,0,1,-0.9373542287210362,0.07195974280130203,1.0
sub144,AB,15.0,BB,1,4.309435200004373,1.4608068514461183,5,0,0,-0.38204963326075564,0.1362751306197449,1.0
sub144,AB,20.0,EM,1,3.408207399988896,1.2261864639196227,5,0,1,-0.644921723989993,0.10582928054014638,1.0
sub144,AB,35.0,EM,1,2.8913598000071943,1.0617269104986018,5,0,1,-0.7956769594512665,0.08836880657033214,1.0
sub144,AB,19.0,BB,1,3.7414059000002453,1.3194614498812942,5,0,0,-0.5477336586370101,0.11708560394463795,1.0
sub144,AB,5.0,EM,1,3.305019999999786,1.1954425247224914,5,0,1,-0.6750196499212456,0.10234333823996648,1.0
sub144,AB,36.0,BB,1,6.289892900007544,1.83894404354156,3,0,0,0.19561458902767162,0.2031802108028546,0.5
sub145,AB,39.0,BB,1,14.644900899991626,2.6840922134416174,4,0,0,2.6326215488413873,0.4854343988971336,0.75
sub145,AB,3.0,BB,1,3.3820317999925464,1.2184766531502633,5,0,0,-0.6525566800987754,0.10494499979201731,1.0
sub145,AB,6.0,BB,0,10.23997659998713,2.326299334451244,5,0,0,1.3477836197114612,0.33662444779751793,1.0
sub145,AB,10.0,BB,1,5.58729769999627,1.7204957534670184,5,0,0,-0.009319911617025108,0.17944469340556457,1.0
sub145,AB,38.0,EM,0,8.773647499998333,2.171752626418197,4,0,1,0.9200815490423618,0.2870879865999773,0.75
sub145,AB,29.0,BB,1,5.140519799999311,1.6371542027584765,3,0,0,-0.13963706413029875,0.16435135855509536,0.5
sub145,AB,12.0,EM,0,24.029187300009653,3.1792692289521436,4,0,1,5.369850677739015,0.8024603237898827,0.75
sub145,AB,14.0,BB,1,5.105375500002992,1.6302940042500578,5,0,0,-0.14988803022021416,0.1631640914858572,1.0
sub145,AB,1.0,EM,1,2.6344886000006227,0.9686890834612659,5,0,1,-0.870601711431505,0.07969102050444253,1.0
sub145,AB,17.0,BB,0,7.611845099992934,2.029705599777682,2,0,0,0.5812044905468067,0.24783923984352496,0.25
sub145,AB,2.0,BB,1,6.192840700008674,1.823393899036472,5,0,0,0.16730619161345842,0.19990153172636577,1.0
sub145,AB,7.0,EM,1,4.349824599994463,1.470135522447292,5,0,1,-0.37026876496251615,0.13763959098912332,1.0
sub145,AB,16.0,EM,1,7.497705900008441,2.0145970937525615,2,0,1,0.5479121197016431,0.24398331687835068,0.25
sub145,AB,22.0,EM,1,2.80459709999559,1.0312598922927605,5,0,1,-0.8209840930627379,0.08543773391921204,1.0
sub145,AB,28.0,EM,1,2.710825300004217,0.9972531272760413,5,0,1,-0.8483356562465997,0.0822698753997762,1.0
sub145,AB,35.0,EM,1,5.639040899986867,1.7297139978554659,5,0,1,0.005772657833579513,0.1811927150594964,1.0
sub145,AB,33.0,BB,1,3.541717600004631,1.264611807216741,5,0,0,-0.6059791775980462,0.11033960693454575,1.0
sub145,AB,24.0,BB,1,10.030931799992686,2.3056734989541687,5,0,0,1.2868089764196418,0.32956236356039026,1.0
sub145,AB,13.0,BB,1,8.386264800006757,2.12659522468777,3,0,0,0.8070889180367782,0.2740011781291655,0.5
sub145,AB,37.0,BB,1,2.16861809999682,0.7740901444182454,5,0,0,-1.0064878351651179,0.06395268731123678,1.0
sub145,AB,25.0,BB,0,12.317299799993634,2.511004762005225,5,0,0,1.9537017823521186,0.4068018998392589,1.0
sub145,AB,34.0,BB,1,11.228828899998916,2.418484480142307,3,0,0,1.6362142157517179,0.3700304844028112,0.5
sub145,AB,5.0,EM,1,4.353049800003646,1.470876702891498,5,0,1,-0.36932803158809147,0.1377485467447654,1.0
sub145,AB,21.0,BB,1,7.9844344000011915,2.0774939463468414,5,0,0,0.6898821503735806,0.2604262882780264,1.0
sub145,AB,11.0,EM,1,1.718368499990902,0.5413752941535124,5,0,1,-1.1378176207104884,0.04874206928553454,1.0
sub145,AB,18.0,EM,1,4.967341599985957,1.602884807665361,3,0,1,-0.19015005929695308,0.15850094258416025,0.5
sub145,AB,4.0,EM,1,4.5020484999986365,1.5045325154159916,5,0,1,-0.3258677657341653,0.14278211548512676,1.0
sub145,AB,23.0,EM,1,3.8675979999970878,1.3526336425098107,3,0,1,-0.5109256716229463,0.12134870563509577,0.5
sub145,AB,19.0,BB,1,4.044058700004825,1.3972488163854269,1,0,0,-0.4594552296971844,0.127310013106175,0.0
sub145,AB,30.0,EM,1,6.569178200006718,1.8823887409600708,2,0,1,0.2770771345899194,0.21261520423410973,0.25
sub145,AB,8.0,BB,1,3.2741024999995716,1.1860437857281452,5,0,0,-0.6840377337675695,0.10129886361343328,1.0
sub145,AB,40.0,EM,1,6.674801699991804,1.8983394959786293,5,0,1,0.30788562748232934,0.2161834444119795,1.0
sub145,AB,20.0,EM,1,5.391660799999954,1.684853463619336,5,0,1,-0.06638370938817154,0.1728355633640557,1.0
sub145,AB,9.0,EM,0,2.2848135999956867,0.8262844455244774,5,0,1,-0.9725956782459608,0.06787807750983998,1.0
sub145,AB,36.0,BB,0,4.864388899994083,1.581941096236174,2,0,0,-0.22017952742101585,0.1550229290683891,0.25
sub145,AB,31.0,EM,1,3.7224106000066968,1.3143714691712343,2,0,1,-0.5532742491772126,0.11644389265276407,0.25
sub145,AB,26.0,EM,1,2.3036052999959793,0.8344754173926455,5,0,1,-0.967114474195943,0.068512910657397,1.0
sub145,AB,15.0,BB,0,6.914705599992885,1.933650390095145,5,0,0,0.377861320382947,0.22428803036995648,1.0
sub145,AB,27.0,BB,1,7.160787500004517,1.9686199609586843,4,0,0,0.449639025803896,0.232601325449101,0.75
sub145,AB,32.0,EM,0,2.8534474999905797,1.0485279123640368,1,0,1,-0.8067353018254702,0.08708802916593028,0.0
sub146,AB,33.0,BB,1,15.033259100004216,2.7102650199128693,5,0,0,2.7458987158211454,0.498554162329379,1.0
sub146,AB,25.0,BB,0,13.057529500001692,2.5693649405638803,2,0,0,2.1696135960552168,0.4318088098241978,0.25
sub146,AB,5.0,EM,1,4.891332700004568,1.5874648021439042,3,0,1,-0.21232050105628855,0.1559331616374242,0.5
sub146,AB,12.0,EM,1,3.798422000007122,1.3345857173306979,4,0,1,-0.5311030782068707,0.1190117580567314,0.75
sub146,AB,30.0,EM,1,4.1289607000071555,1.4180257288172797,5,0,1,-0.43469082912351925,0.13017822640750087,1.0
sub146,AB,1.0,EM,0,22.548208299995167,3.115655608246339,3,0,1,4.937875492271791,0.7524289503627642,0.5
sub146,AB,29.0,BB,1,5.460802700006752,1.6975957936044699,3,0,0,-0.046216249161726265,0.17517135895512537,0.5
sub146,AB,13.0,BB,1,5.0258525000099326,1.61459509129918,4,0,0,-0.1730834723369329,0.1604775949800603,0.75
sub146,AB,38.0,EM,0,7.2080052999954205,1.9751922555992487,4,0,1,0.46341161671046877,0.2341964671653095,0.75
sub146,AB,11.0,EM,1,3.0379348999995273,1.1111779753724018,5,0,1,-0.7529236145331781,0.09332049971571901,1.0
sub146,AB,3.0,BB,1,11.559024599991972,2.4474664825209542,4,0,0,1.7325264178447823,0.3811853653094411,0.75
sub146,AB,10.0,BB,1,6.428217499997118,1.8606972836433897,4,0,0,0.23596141010656,0.20785318031570216,0.75
sub146,AB,27.0,BB,0,18.372547699997085,2.910857577688962,4,0,0,3.719909699296532,0.6113641312253112,0.75
sub146,AB,23.0,EM,1,3.2117404000018723,1.1668129709010229,3,0,1,-0.7022276471372851,0.0991921075333986,0.5
sub146,AB,17.0,BB,0,10.585583399995812,2.3594930187974232,2,0,0,1.448590965076266,0.34829995627536714,0.25
sub146,AB,39.0,BB,0,8.589252799996757,2.1505117473462603,2,0,0,0.8662969006904441,0.2808586477007288,0.25
sub146,AB,31.0,EM,1,3.6027792999957455,1.2817055753785107,5,0,1,-0.5881685677390627,0.11240243207542908,1.0
sub146,AB,40.0,EM,0,8.133117299992591,2.0959442818019633,4,0,1,0.7332503029935443,0.2654491884620424,0.75
sub146,AB,8.0,BB,1,3.8891747999878135,1.3581970014475981,5,0,0,-0.5046321035320471,0.12207762679987101,1.0
sub146,AB,32.0,EM,1,5.051611500006402,1.6197073012950074,4,0,1,-0.16557003102492496,0.16134780188233228,0.75
sub146,AB,9.0,EM,1,11.317879199996241,2.4263837053992128,4,0,1,1.662188601517404,0.37303883820993444,0.75
sub146,AB,2.0,BB,1,4.0491486999962945,1.3985066614920711,5,0,0,-0.4579705673958813,0.1274819667195043,1.0
sub146,AB,34.0,BB,1,5.693529400014086,1.7393303370409259,5,0,0,0.021665982387714607,0.18303348018332238,1.0
sub146,AB,24.0,BB,1,4.892266399998334,1.5876556725970077,5,0,0,-0.21204815740524838,0.1559647044837823,1.0
sub146,AB,26.0,EM,0,14.053440100004082,2.6428672127850055,4,0,1,2.4601029724343535,0.46545329440382904,0.75
sub146,AB,6.0,BB,1,4.092042499993113,1.4090442341530187,5,0,0,-0.4454592102403522,0.128931032320926,1.0
sub146,AB,14.0,BB,1,3.1758602000045357,1.1555785247852712,5,0,0,-0.7126932621448572,0.09797997982281736,1.0
sub146,AB,22.0,EM,1,2.9180895000026794,1.0709291213240857,5,0,1,-0.7878803822459718,0.08927180627664524,1.0
sub146,AB,15.0,BB,1,8.107179699989501,2.0927500517879696,5,0,0,0.7256847672419909,0.26457294798088427,1.0
sub146,AB,16.0,EM,1,2.4394997999916086,0.8917930182862985,5,0,1,-0.9274764699845306,0.07310378498843502,1.0
sub146,AB,36.0,BB,1,3.635546499994234,1.290759443562343,5,0,0,-0.5786109593621375,0.11350939444239676,1.0
sub146,AB,21.0,BB,1,7.301961100005428,1.9881429559124113,5,0,0,0.4908168494211605,0.23737054169026794,1.0
sub146,AB,18.0,EM,1,7.752241299996967,2.047982001554605,2,0,1,0.6221555604370905,0.25258219346412425,0.25
sub146,AB,20.0,EM,1,7.884730399993714,2.064928028326808,3,0,1,0.6608002701479779,0.2570580244089892,0.5
sub146,AB,28.0,EM,1,3.3934625999972923,1.2218508160304535,5,0,1,-0.6492225194171989,0.10533116233963112,1.0
sub146,AB,35.0,EM,1,8.825827099994058,2.177682320806623,5,0,1,0.9353014085984651,0.2888507509961222,1.0
sub146,AB,37.0,BB,1,3.703571300007752,1.3092975703468448,5,0,0,-0.5587693372986762,0.11580745145181288,1.0
sub146,AB,7.0,EM,0,7.951773900000262,2.0733950358514863,2,0,1,0.6803556644847086,0.2593229305181615,0.25
sub146,AB,19.0,BB,1,12.318296700002975,2.5110856936774,1,0,0,1.953992560321572,0.40683557774869333,0.0
sub147,AB,10.0,BB,1,6.037193799988017,1.7979393013344807,4,0,0,0.12190676427305473,0.19464336926921366,0.75
sub147,AB,32.0,EM,1,3.189994000000297,1.1600190359173346,5,0,1,-0.7085706845293299,0.09845745683331193,1.0
sub147,AB,19.0,BB,1,6.240549599999213,1.8310682554257427,3,0,0,0.18122202763925535,0.20151326409475206,0.5
sub147,AB,6.0,BB,1,9.288342500003637,2.228760119254425,4,0,0,1.070208909446641,0.30447574006986733,0.75
sub147,AB,14.0,BB,1,7.528581699996721,2.018706670817013,2,0,0,0.5569180403975177,0.24502638276858918,0.25
sub147,AB,5.0,EM,1,12.652734299990698,2.5378733420133344,2,0,1,2.0515420490587495,0.41813376121577245,0.25
sub147,AB,17.0,BB,1,3.2331197999883443,1.1734475534196904,5,0,0,-0.6959916571102531,0.09991436000582424,1.0
sub147,AB,20.0,EM,0,4.459676499987836,1.495076229766267,3,0,1,-0.33822692313147057,0.14135067766232606,0.5
sub147,AB,34.0,BB,1,4.882155200000852,1.5855867617155412,3,0,0,-0.21499741427801006,0.1556231215019403,0.5
sub147,AB,15.0,BB,1,5.2737727999920025,1.6627460077449094,4,0,0,-0.1007695384021527,0.1688529960549201,0.75
sub147,AB,40.0,EM,0,7.599449999994249,2.0280758762517554,4,0,1,0.5775890607393859,0.24742050070090738,0.75
sub147,AB,16.0,EM,0,6.318751600003452,1.8435216570017978,3,0,1,0.2040321575974848,0.20415513373971078,0.5
sub147,AB,12.0,EM,1,6.312108799989801,1.8424698204022738,4,0,1,0.20209457119829174,0.2039307224495565,0.75
sub147,AB,31.0,EM,1,4.2456443999981275,1.445893610362235,4,0,1,-0.40065627296566086,0.13412010928838514,0.75
sub147,AB,13.0,BB,1,4.725977499998407,1.5530744178558813,4,0,0,-0.26055166651503747,0.1503470272225924,0.75
sub147,AB,11.0,EM,1,4.763427600002615,1.5609674931413757,4,0,1,-0.24962813964873803,0.15161219029254486,0.75
sub147,AB,8.0,BB,1,17.39479510000092,2.8561710292876725,3,0,0,3.4347166879707323,0.5783330717374551,0.5
sub147,AB,39.0,BB,1,3.337229800003115,1.2051410616484626,3,0,0,-0.6656246251908718,0.103431470166188,0.5
sub147,AB,9.0,EM,1,3.392563200002769,1.2215857418835827,4,0,1,-0.6494848583696349,0.10530077823763785,0.75
sub147,AB,3.0,BB,1,3.4378912999964086,1.2348582892404645,5,0,0,-0.6362634592806283,0.1068320809080345,1.0
sub147,AB,23.0,EM,1,6.798941700006253,1.9167669677180683,2,0,1,0.3440950534968903,0.22037722075715704,0.25
sub147,AB,2.0,BB,0,5.872444900000119,1.7702710547908838,2,0,0,0.07385244572627081,0.18907771726677414,0.25
sub147,AB,22.0,EM,1,2.1505796999990707,0.7657374337030446,5,0,1,-1.0117493150270764,0.06334330262292837,1.0
sub147,AB,30.0,EM,1,8.860127400010242,2.181561143747271,2,0,1,0.9453061949329963,0.2900095055218482,0.25
sub147,AB,25.0,BB,1,6.8109304000099655,1.9185287334446681,3,0,0,0.34759194366721946,0.22078223063696328,0.5
sub147,AB,21.0,BB,1,3.3198732000018936,1.1999265894285207,5,0,0,-0.6706872361425024,0.10284511847850185,1.0
sub147,AB,4.0,EM,1,10.359469399991212,2.3379010193026772,3,0,1,1.382637540289171,0.3406612294796334,0.5
sub147,AB,33.0,BB,1,4.498272400000133,1.5036934119524552,2,0,0,-0.32696918681925874,0.14265454887606516,0.25
sub147,AB,28.0,EM,0,6.914281399993342,1.933589040699173,5,0,1,0.37773758880169167,0.22427369977608264,1.0
sub147,AB,36.0,BB,0,9.518263699996169,2.253212447715023,2,0,0,1.1372728266315904,0.31224308411426294,0.25
sub147,AB,1.0,EM,1,5.6053015000070445,1.7237128463364877,5,0,1,-0.004068523954747013,0.180052909215132,1.0
sub147,AB,27.0,BB,0,9.20192570000654,2.219412777369723,4,0,0,1.0450026687059792,0.3015563528327836,0.75
sub147,AB,37.0,BB,1,2.957652600001893,1.084395913173069,5,0,0,-0.7763405309316376,0.09060835205479316,1.0
sub147,AB,29.0,BB,0,3.6088430999952834,1.2833872500675783,3,0,0,-0.5863998653270697,0.11260728321927464,0.5
sub147,AB,24.0,BB,1,4.328382099993178,1.4651938232279167,4,0,0,-0.37652316013952103,0.13691520683191055,0.75
sub147,AB,7.0,EM,1,8.107296200003475,2.0927644216651946,3,0,1,0.7257187482202105,0.2645768836583674,0.5
sub147,AB,18.0,EM,1,5.62335969999549,1.7269292966746532,3,0,1,0.0011987312116912383,0.18066296279930483,0.5
sub147,AB,38.0,EM,1,3.4947506000025896,1.2512620140559276,4,0,1,-0.6196786146167497,0.10875293790289127,0.75
sub147,AB,35.0,EM,1,5.127024900008109,1.6345255494326625,4,0,1,-0.143573285998741,0.16389546527044058,0.75
sub147,AB,26.0,EM,1,12.320320899991202,2.5112500048433626,5,0,1,1.9545829833899129,0.4069039605586462,1.0
sub148,AB,14.0,BB,1,6.190704499997082,1.82304889282084,3,0,0,0.1666831001339754,0.1998293652604713,0.5
sub148,AB,25.0,BB,0,4.6053718000039225,1.527223404776863,4,0,0,-0.2957302001897299,0.14627264884598878,0.75
sub148,AB,5.0,EM,1,7.217866799997864,1.9765594521846896,4,0,1,0.46628804054395934,0.23452961462328764,0.75
sub148,AB,33.0,BB,1,4.9481010000017704,1.5990038666100643,3,0,0,-0.19576219947354465,0.1578509444121664,0.5
sub148,AB,27.0,BB,1,4.222163700003875,1.4403477217687104,5,0,0,-0.40750517476293013,0.13332686936416532,1.0
sub148,AB,13.0,BB,0,7.381096899989643,1.9989222590027347,4,0,0,0.5138993521946258,0.2400439575593824,0.75
sub148,AB,4.0,EM,0,19.196432299999287,2.9547244440591163,4,0,1,3.9602221567223697,0.6391971241868313,0.75
sub148,AB,38.0,EM,0,6.525363299995661,1.8756966298190405,3,0,1,0.26429710897286535,0.21113502144684293,0.5
sub148,AB,11.0,EM,1,3.549086200000602,1.2666901619015483,5,0,1,-0.6038298882766837,0.11058853766079499,1.0
sub148,AB,21.0,BB,1,8.995431399991503,2.196716826229274,4,0,0,0.984771960812047,0.29458043120626304,0.75
sub148,AB,18.0,EM,1,4.119377199996961,1.4157019868855663,4,0,1,-0.43748616531281587,0.12985447052187105,0.75
sub148,AB,29.0,BB,1,2.7680624000058742,1.018147580856049,2,0,0,-0.8316406140558731,0.08420349547409207,0.25
sub148,AB,1.0,EM,1,4.002948899986222,1.3870313144995854,5,0,1,-0.471446225847287,0.12592121572537168,1.0
sub148,AB,19.0,BB,0,5.318513099991833,1.6711937718055117,3,0,0,-0.08771959009762113,0.17036444129250344,0.5
sub148,AB,9.0,EM,1,3.4882920999953058,1.2494122468050872,4,0,1,-0.6215624439880367,0.10853475275263572,0.75
sub148,AB,3.0,BB,1,7.613286399995559,2.0298949314766475,4,0,0,0.581624892075756,0.2478879307558547,0.75
sub148,AB,39.0,BB,1,5.429274699999951,1.691805552280187,2,0,0,-0.05541240498177197,0.17410626002952612,0.25
sub148,AB,40.0,EM,0,4.568987599996035,1.5192916486348023,4,0,1,-0.3063428230198511,0.14504349468686578,0.75
sub148,AB,17.0,BB,1,14.319605299999239,2.661629598303422,2,0,0,2.537738618606044,0.4744450562817025,0.25
sub148,AB,30.0,EM,1,3.58095640000829,1.275629915574482,5,0,1,-0.594533918813873,0.11166519700421985,1.0
sub148,AB,15.0,BB,1,3.657373499998357,1.2967452668474022,5,0,0,-0.5722444123855214,0.11424676802297373,1.0
sub148,AB,7.0,EM,0,6.448081800001091,1.863782691228247,3,0,1,0.24175547246551932,0.20852424871799374,0.5
sub148,AB,20.0,EM,0,3.3981384999933653,1.2232277816873103,2,0,1,-0.6478586427059086,0.10548912656384302,0.25
sub148,AB,22.0,EM,1,3.643106599993189,1.2928367791940294,5,0,1,-0.576405812902149,0.1137647945434045,1.0
sub148,AB,23.0,EM,1,2.624970899996697,0.9650698102665961,4,0,1,-0.873377854931431,0.07936948751642647,0.75
sub148,AB,8.0,BB,0,8.234650600003079,2.10835093407169,4,0,0,0.7628657574346273,0.2688792509059141,0.75
sub148,AB,12.0,EM,1,3.8197663000028115,1.340189242737298,4,0,1,-0.5248773262217205,0.1197328247589698,0.75
sub148,AB,26.0,EM,1,3.4725613000045996,1.244892448479635,4,0,1,-0.6261508380459313,0.10800332487375652,0.75
sub148,AB,2.0,BB,1,4.0327782000094885,1.3944555181005487,5,0,0,-0.46274555054413835,0.1269289280889629,1.0
sub148,AB,16.0,EM,0,3.9240582999918843,1.367126398879161,2,0,1,-0.4944572081528034,0.1232560833580879,0.25
sub148,AB,6.0,BB,1,5.20898739999393,1.6503854798685818,4,0,0,-0.11966628520238547,0.16666437451477872,0.75
sub148,AB,10.0,BB,1,5.99498709999898,1.7909236366838313,2,0,0,0.10959582194669788,0.19321751571676138,0.25
sub148,AB,35.0,EM,1,6.391659600005369,1.8549939529791808,3,0,1,0.22529812208622113,0.2066181581133748,0.5
sub148,AB,31.0,EM,1,4.390792200007127,1.479509666389419,5,0,1,-0.35831924602035403,0.13902358447898805,1.0
sub148,AB,28.0,EM,1,3.7993412999931024,1.3348277095997823,3,0,1,-0.5308349347815149,0.11904281443287833,0.5
sub148,AB,24.0,BB,1,3.469226000001072,1.2439315143236218,5,0,0,-0.6271236856268886,0.10789064965016029,1.0
sub148,AB,37.0,BB,1,2.6840792000002693,0.9873377268708987,5,0,0,-0.8561370170421391,0.0813663216579585,1.0
sub148,AB,32.0,EM,1,4.801112399989506,1.5688476410617764,5,0,1,-0.23863615497949328,0.1528852821464145,1.0
sub148,AB,36.0,BB,0,4.876986200004467,1.5845274471164623,4,0,0,-0.21650511947308498,0.1554484990602572,0.75
sub148,AB,34.0,BB,1,3.0500064000079874,1.1151436889803932,4,0,0,-0.7494025730768367,0.0937283067978875,0.75
sub149,AB,37.0,BB,1,8.098668200022075,2.091699628409623,5,0,0,0.7232021143637279,0.2642854070817283,1.0
sub149,AB,14.0,BB,1,10.050832199980505,2.307655437045069,3,0,0,1.2926135685006406,0.33023465151527004,0.5
sub149,AB,4.0,EM,0,21.3614341999928,3.061587156032343,5,0,1,4.591714633845571,0.7123365937727856,1.0
sub149,AB,23.0,EM,1,4.98727520002285,1.6068897085230553,3,0,1,-0.18433578335321443,0.1591743521241894,0.5
sub149,AB,33.0,BB,1,6.448439999978291,1.863838241086239,4,0,0,0.24185995301627905,0.20853634965718376,0.75
sub149,AB,32.0,EM,1,3.532302300009178,1.261949867983263,5,0,1,-0.6087254528401163,0.11002153328866944,1.0
sub149,AB,21.0,BB,1,8.052930799982278,2.086036099703381,5,0,0,0.7098613297443734,0.2627402771771488,1.0
sub149,AB,8.0,BB,0,3.8930887000169605,1.3592028528580857,3,0,0,-0.5034904886334062,0.12220984865711056,0.5
sub149,AB,34.0,BB,1,5.513610599999083,1.7072196898683216,5,0,0,-0.03081312569198185,0.1769553489809072,1.0
sub149,AB,7.0,EM,1,6.683036100002937,1.899572390280457,4,0,1,0.31028745524084983,0.2164616241443736,0.75
sub149,AB,38.0,EM,1,4.240162000001874,1.4446014760615884,4,0,1,-0.4022553913563767,0.1339348993688071,0.75
sub149,AB,24.0,BB,1,2.9315988999733236,1.0755479738386662,5,0,0,-0.7839399309918941,0.08972818940881726,1.0
sub149,AB,20.0,EM,0,9.399315799993929,2.2406368993921504,2,0,1,1.1025778436751124,0.30822471059017825,0.25
sub149,AB,25.0,BB,0,5.327121800015448,1.6728110923281436,3,0,0,-0.08520858569492783,0.17065526586570762,0.5
sub149,AB,6.0,BB,1,3.967660900001647,1.3781767271018865,5,0,0,-0.48173910666325753,0.12472909409183928,1.0
sub149,AB,30.0,EM,1,11.383327599993208,2.432149793687644,1,0,1,1.6812787336036432,0.3752498576372347,0.0
sub149,AB,40.0,EM,1,5.63144420000026,1.7283659279064505,4,0,1,0.0035568358093501055,0.18093607851445426,0.75
sub149,AB,17.0,BB,0,5.94024499997613,1.7817503783111968,2,0,0,0.093628526792611,0.1913681833167739,0.25
sub149,AB,12.0,EM,1,2.693977700022515,0.9910188003082238,5,0,1,-0.8532498009621575,0.08170071907411122,1.0
sub149,AB,13.0,BB,0,3.772812299983343,1.3278206915293025,2,0,0,-0.5385729713771477,0.11814659490098535,0.25
sub149,AB,18.0,EM,1,4.490466200019,1.501956527103323,2,0,1,-0.32924611625891387,0.14239083486911502,0.25
sub149,AB,10.0,BB,1,4.822915199998533,1.5733785585143758,5,0,0,-0.23227666671023883,0.15362183818738318,1.0
sub149,AB,2.0,BB,1,4.04365730000427,1.3971495547395223,5,0,0,-0.45957231092499706,0.12729645275635154,1.0
sub149,AB,19.0,BB,1,3.840993600024376,1.345731083135974,3,0,0,-0.5186857010442574,0.12044993889375362,0.5
sub149,AB,27.0,BB,1,4.484755699988455,1.5006840235675367,3,0,0,-0.33091176736523026,0.14219791912926927,0.5
sub149,AB,29.0,BB,1,7.65932750000502,2.0359241861653783,2,0,0,0.5950542605647807,0.24944332044574635,0.25
sub149,AB,3.0,BB,1,3.7408300999959465,1.319307538669342,5,0,0,-0.5479016092383667,0.1170661519030937,1.0
sub149,AB,28.0,EM,1,4.863526500004809,1.581763792064402,5,0,1,-0.2204310741312053,0.1549937949240789,1.0
sub149,AB,15.0,BB,0,5.932115200004773,1.780380844182326,1,0,0,0.0912572090018766,0.19109353724937472,0.0
sub149,AB,9.0,EM,0,7.562726800009841,2.023231812991212,2,0,1,0.5668775576565876,0.24617989422921488,0.25
sub149,AB,16.0,EM,1,5.843885100010084,1.7653958325059298,2,0,1,0.06552206096221855,0.18811289195980402,0.25
sub149,AB,36.0,BB,1,4.339922099985415,1.4678563986391062,2,0,0,-0.37315714776737413,0.13730505844287527,0.25
sub149,AB,31.0,EM,1,3.7036015999910887,1.309305751601352,5,0,1,-0.5587604993334374,0.11580847506509918,1.0
sub149,AB,39.0,BB,0,5.3747459999867715,1.6817113170807205,5,0,0,-0.07131745515550794,0.17226413684423586,1.0
sub149,AB,11.0,EM,1,4.911166800011415,1.591511551051983,5,0,1,-0.2065352474983723,0.15660320980422715,1.0
sub149,AB,22.0,EM,1,5.331058200012194,1.6735497550596268,5,0,1,-0.084060407956654,0.17078824783114654,1.0
sub149,AB,1.0,EM,1,6.842663799994625,1.9231771002643132,5,0,1,0.3568480110008851,0.2218542685151027,1.0
sub149,AB,5.0,EM,1,6.5131759000069,1.873827186724042,1,0,1,0.26074226155743485,0.21072329895791003,0.0
sub149,AB,35.0,EM,1,4.515360699995654,1.5074850729350382,2,0,1,-0.32198483419858515,0.14323183668251088,0.25
sub149,AB,26.0,EM,1,3.493556700006593,1.25092032902224,5,0,1,-0.6200268539720646,0.10871260481475581,1.0
sub14,NB,33.0,BB,1,5.715141799999401,1.7431191088373719,5,1,0,0.02796993436269674,0.18376360400973113,1.0
sub14,NB,25.0,BB,1,6.1778035999741405,1.820962803763511,5,1,0,0.16292013747208092,0.19939353886010547,1.0
sub14,NB,8.0,BB,0,11.116804899997078,2.4084579183985575,5,1,0,1.6035388110517856,0.3662460184672128,1.0
sub14,NB,9.0,EM,1,3.5625193000014406,1.270467963124358,5,1,1,-0.5999116923642466,0.11104234317891457,1.0
sub14,NB,5.0,EM,0,5.870088199997554,1.7698696592803684,2,1,1,0.07316503832840178,0.1889981017301035,0.25
sub14,NB,20.0,EM,1,3.026779899984831,1.1074993151345462,5,1,1,-0.7561773292720017,0.09294365441858156,1.0
sub14,NB,29.0,BB,1,4.771427200001199,1.5626454635024016,5,1,0,-0.24729479887009218,0.15188243786174932,1.0
sub14,NB,10.0,BB,1,6.511447400000179,1.8735617663772028,4,1,0,0.2602380889047667,0.21066490567258717,0.75
sub14,NB,1.0,EM,1,4.865318500000285,1.5821321811210147,5,1,1,-0.21990837966329232,0.15505433340636265,1.0
sub14,NB,34.0,BB,1,9.542534800013527,2.255759152475086,5,1,0,1.1443522740318501,0.3130630258341952,1.0
sub14,NB,11.0,EM,1,3.592228499997873,1.2787727620018488,5,1,1,-0.5912460480989219,0.11204599824710115,1.0
sub14,NB,4.0,EM,0,28.51153190000332,3.3503086335050347,5,1,1,6.677270728861504,0.9538857366479432,1.0
sub14,NB,27.0,BB,1,2.4077823999978136,0.8787061579139585,5,1,0,-0.936727870405957,0.07203228763215157,1.0
sub14,NB,35.0,EM,1,3.926182700000936,1.3676676306861624,5,1,1,-0.49383755852380273,0.12332785118880014,1.0
sub14,NB,3.0,BB,1,3.686887599993497,1.3047826332959938,5,1,0,-0.5636356753141827,0.11524383209897192,1.0
sub14,NB,7.0,EM,1,4.342418700020062,1.4684314970281156,5,1,1,-0.3724289340229568,0.13738940017130652,1.0
sub14,NB,15.0,BB,1,4.913838700013002,1.5920554489800705,5,1,0,-0.20575590187718235,0.15669347362750757,1.0
sub14,NB,6.0,BB,1,4.415137899981346,1.4850390679919998,5,1,0,-0.35121803914193783,0.13984604638205544,1.0
sub14,NB,17.0,BB,1,14.217584300000453,2.6544795294937384,1,1,0,2.507980910768461,0.470998518046996,0.0
sub14,NB,2.0,BB,1,3.51197819999652,1.25617946846332,5,1,0,-0.6146536306686584,0.1093349316303789,1.0
sub14,NB,18.0,EM,1,5.5882520000159275,1.7206665370163907,5,1,1,-0.00904155930549417,0.17947693217508426,1.0
sub14,NB,26.0,EM,0,20.457897499989485,3.0183689937568174,3,1,1,4.328169078131035,0.6818127429669807,0.5
sub14,NB,22.0,EM,1,3.1530142000119668,1.1483588842038976,5,1,1,-0.7193570332610428,0.09720818173727194,1.0
sub14,NB,37.0,BB,1,2.3411094000039157,0.8506249195842738,5,1,0,-0.9561751964907553,0.06977989798978097,1.0
sub14,NB,36.0,BB,1,4.7453080999839585,1.5571563614574009,3,1,0,-0.25491327494171373,0.15100006583180825,0.5
sub14,NB,19.0,BB,0,6.926605799992103,1.9353699096677466,3,1,0,0.3813323966789032,0.2246900504863879,0.5
sub14,NB,23.0,EM,1,6.8055809999932535,1.9177430108561466,4,1,1,0.3460316190006746,0.22060151380718745,0.75
sub14,NB,30.0,EM,1,13.620191399997566,2.611553353485883,3,1,1,2.3337320464881266,0.45081701158237947,0.5
sub14,NB,16.0,EM,0,11.921306900010677,2.4783272948899,3,1,1,1.8381977094299715,0.39342421612237893,0.5
sub14,NB,28.0,EM,1,2.4766223000187892,0.9068956560459709,5,1,1,-0.9166484981941868,0.07435788086784312,1.0
sub14,NB,32.0,EM,1,2.588722000014968,0.9511643176440423,5,1,1,-0.8839510131547663,0.07814490414874171,1.0
sub14,NB,14.0,BB,1,4.103057100001024,1.4117323300098192,5,1,0,-0.4422464476817891,0.12930313453583975,1.0
sub14,NB,38.0,EM,0,12.110199199989438,2.494048006644366,4,1,1,1.8932942275547104,0.39980549580132935,0.75
sub14,NB,39.0,BB,1,6.190622199996142,1.8230355986072333,5,1,0,0.16665909469016435,0.1998265849495553,1.0
sub14,NB,31.0,EM,1,3.0815512999834027,1.1254331390126948,5,1,1,-0.7402014878370785,0.09479397664896282,1.0
sub14,NB,13.0,BB,1,2.8545726999873295,1.0489221646518365,5,1,0,-0.806407101035804,0.08712604138704688,1.0
sub14,NB,40.0,EM,1,3.7909152999927755,1.3326074938928265,5,1,1,-0.5332926488428571,0.11875816194792808,1.0
sub14,NB,21.0,BB,1,4.21294259998831,1.4381613584056816,5,1,0,-0.41019480533122105,0.13301535630538258,1.0
sub14,NB,12.0,EM,1,2.939841699990211,1.0783557363602303,5,1,1,-0.7815356531013707,0.09000665291554215,1.0
sub14,NB,24.0,BB,1,2.7272272999980487,1.0032854520576788,5,1,0,-0.8435514851075764,0.0828239781835665,1.0
sub150,NB,7.0,EM,1,9.13854220000212,2.212500876027612,4,1,1,1.026514831154128,0.29941509116883835,0.75
sub150,NB,24.0,BB,0,4.28281559998868,1.4546106437695854,4,1,0,-0.3898140962637621,0.1353758503808944,0.75
sub150,NB,34.0,BB,0,0.27555419999407604,-1.2889709365477657,3,1,0,-1.5586608432205946,0.0,0.5
sub150,NB,8.0,BB,0,4.078987599990796,1.4058488203677697,3,1,0,-0.4492670919521804,0.12849000339542255,0.5
sub150,NB,28.0,EM,1,2.5827344999997877,0.9488487213741826,5,1,1,-0.8856974602208741,0.07794263061944019,1.0
sub150,NB,25.0,BB,1,3.469751000026008,1.2440828334664684,5,1,0,-0.6269705524743322,0.10790838553452906,1.0
sub150,NB,17.0,BB,1,3.249239700002363,1.1784210305129645,5,1,0,-0.6912897695087404,0.10045893270888168,1.0
sub150,NB,40.0,EM,1,3.6634614000213332,1.2984084381958751,5,1,1,-0.570468680426118,0.11445243332912156,1.0
sub150,NB,35.0,EM,1,3.211636099993484,1.166780495766365,5,1,1,-0.7022580695912615,0.09918858400425466,1.0
sub150,NB,16.0,EM,0,5.524645500001498,1.7092190824496334,3,1,1,-0.02759444198673783,0.17732813698313166,0.5
sub150,NB,33.0,BB,1,4.477553299977444,1.4990767588411065,4,1,0,-0.33301257911241566,0.14195460307649688,0.75
sub150,NB,21.0,BB,1,4.038261000008788,1.3958141537624036,5,1,0,-0.46114631547966145,0.12711415152169792,1.0
sub150,NB,32.0,EM,1,4.818450399994617,1.5724523825952552,5,1,1,-0.23357896931530403,0.15347100547721565,1.0
sub150,NB,12.0,EM,1,3.5782433999993373,1.274872009603254,5,1,1,-0.5953252525748706,0.11157354471438025,1.0
sub150,NB,13.0,BB,1,3.051995199988596,1.11579554067805,5,1,0,-0.7488224755599425,0.09379549370229379,1.0
sub150,NB,22.0,EM,1,3.2542184999911115,1.1799521546651643,5,1,1,-0.6898375422668127,0.10062712969307495,1.0
sub150,NB,31.0,EM,1,3.3289389999990817,1.2026536346037615,5,1,1,-0.6680429038223575,0.10315138509340352,1.0
sub150,NB,30.0,EM,1,3.7794152999995276,1.3295693151271109,4,1,1,-0.536646993928039,0.11836966164234074,0.75
sub150,NB,19.0,BB,0,5.026301800011424,1.6146844850725706,3,1,0,-0.17295241953235366,0.16049277351814573,0.5
sub150,NB,18.0,EM,1,4.575330499996198,1.5206789365545974,5,1,1,-0.30449271211082146,0.1452577745642415,1.0
sub150,NB,20.0,EM,1,4.537434500001837,1.5123617642254765,4,1,1,-0.31554630005897616,0.14397754781754657,0.75
sub150,NB,39.0,BB,0,4.923225799982902,1.5939639660624236,3,1,0,-0.203017852080084,0.1570105946022055,0.5
sub150,NB,2.0,BB,1,3.7004769000050146,1.3084617032375796,5,1,0,-0.5596719186418818,0.11570291446508428,1.0
sub150,NB,29.0,BB,1,3.407362199999625,1.2259384435652843,5,1,0,-0.6451682537666603,0.10580072745716317,1.0
sub150,NB,11.0,EM,1,4.5515982000215445,1.5154784240400407,3,1,1,-0.31141500113923754,0.14445603492964526,0.5
sub150,NB,26.0,EM,1,3.315964500012342,1.198748531549983,5,1,1,-0.6718273342822503,0.10271307229230345,1.0
sub150,NB,14.0,BB,1,3.115834199998062,1.1364969173495991,3,1,0,-0.7302017767729501,0.09595214335678326,0.5
sub150,NB,38.0,EM,1,3.6329564999905415,1.29004677958922,5,1,1,-0.5793664162132773,0.1134218974168753,1.0
sub150,NB,9.0,EM,1,3.2749394999991637,1.1862993956338839,2,1,1,-0.6837935957817801,0.10132713967915581,0.25
sub150,NB,1.0,EM,1,6.725143299991032,1.9058532338097312,4,1,1,0.3225693751898734,0.21788411632458288,0.75
sub150,NB,15.0,BB,1,2.2862829999940004,0.8269273547331472,4,1,0,-0.9721670804489693,0.06792771771407564,0.75
sub150,NB,6.0,BB,1,2.1185404999996535,0.7507274082015565,5,1,0,-1.0210945787761467,0.062260934014419206,1.0
sub150,NB,3.0,BB,1,4.471362799988128,1.4976932391147812,5,1,0,-0.334818237653822,0.14174547167310558,1.0
sub150,NB,23.0,EM,1,3.6537705999799073,1.2957596754650322,2,1,1,-0.5732953141225984,0.11412505256567024,0.25
sub150,NB,36.0,BB,1,3.5033458000107203,1.253718454733178,4,1,0,-0.617171547928023,0.10904330640999592,0.75
sub150,NB,10.0,BB,1,2.0566983000026084,0.7211019300073732,5,1,0,-1.0391328465795142,0.060171741526493,1.0
sub150,NB,5.0,EM,1,2.2935026999912225,0.8300802122905957,4,1,1,-0.9700612226040658,0.06817161820597273,0.75
sub150,NB,27.0,BB,1,3.2688578000233974,1.1844406272619548,5,1,0,-0.685567519297888,0.10112168382694164,1.0
sub150,NB,4.0,EM,1,4.076847600023029,1.4053240427173153,5,1,1,-0.4498912918111702,0.12841770855699447,1.0
sub150,NB,37.0,BB,1,2.354993800021475,0.8565380947776439,5,1,0,-0.9521253644049339,0.07024894961177104,1.0
sub151,NB,23.0,EM,1,7.013904499995988,1.9478945359988298,5,1,1,0.4067958719374023,0.2276392306297617,1.0
sub151,NB,15.0,BB,1,24.125272800010862,3.1832599549335883,3,1,0,5.397877105989062,0.8057063451929174,0.5
sub151,NB,24.0,BB,1,5.691904100007378,1.7390448318789582,5,1,0,0.021191911336179942,0.18297857326596167,1.0
sub151,NB,25.0,BB,1,5.040284999995492,1.6174626281026743,5,1,0,-0.16887376925676975,0.16096516286337081,1.0
sub151,NB,21.0,BB,1,3.478030999976909,1.2464663290542177,5,1,0,-0.6245554240259045,0.10818810575305747,1.0
sub151,NB,20.0,EM,1,10.786182599986205,2.3782659261233214,5,1,1,1.5071021773348998,0.355076725887767,1.0
sub151,NB,28.0,EM,1,5.95801269999356,1.7847369858755189,5,1,1,0.09881104829378028,0.19196842304637463,1.0
sub151,NB,38.0,EM,0,15.761012499977369,2.7575393272885385,3,1,1,2.9581714151131204,0.5231395900204913,0.5
sub151,NB,37.0,BB,1,3.5670412000035867,1.2717364566334552,5,1,0,-0.5985927347071345,0.11119510487749723,1.0
sub151,NB,34.0,BB,1,3.7735900999978185,1.3280268294943893,5,1,0,-0.5383461009721615,0.11817287103520162,1.0
sub151,NB,4.0,EM,1,24.07452260001446,3.181154127789321,4,1,1,5.383074176942986,0.8039918696956307,0.75
sub151,NB,9.0,EM,1,3.2557263000053354,1.1804153844121161,5,1,1,-0.6893977438694111,0.10067806715104316,1.0
sub151,NB,33.0,BB,1,6.923158900026465,1.9348721539135567,5,1,0,0.3803269973775431,0.2245736051219735,1.0
sub151,NB,5.0,EM,1,13.427722099993844,2.5973213833416606,1,1,1,2.277592181192912,0.4443148914161596,0.0
sub151,NB,8.0,BB,1,5.186846800002968,1.6461259595567537,5,1,0,-0.12612430370727845,0.16591640670021995,1.0
sub151,NB,27.0,BB,1,5.861095600004774,1.7683365485717715,5,1,0,0.07054205714522788,0.18869430800425385,1.0
sub151,NB,29.0,BB,0,13.525184700003592,2.6045534808318025,2,1,0,2.306020284977582,0.44760743488653826,0.25
sub151,NB,17.0,BB,1,3.356240799999796,1.2108215381166576,5,1,0,-0.6600794552395064,0.1040737118455417,1.0
sub151,NB,12.0,EM,1,3.294045999995433,1.1921165964410119,5,1,1,-0.6782205701822023,0.10197260760016565,1.0
sub151,NB,32.0,EM,1,3.969068000005791,1.3785313064346605,5,1,1,-0.4813286806644722,0.12477662963809343,1.0
sub151,NB,2.0,BB,1,3.6329234000004362,1.2900376685137382,5,1,0,-0.5793760708905986,0.11342077921198154,1.0
sub151,NB,31.0,EM,0,17.69677059998503,2.8733821709551495,5,1,1,3.522797560563063,0.5885345999194198,1.0
sub151,NB,30.0,EM,1,11.700080099981278,2.459595687932522,2,1,1,1.773669793793028,0.3859505918209884,0.25
sub151,NB,14.0,BB,1,7.222133400005987,1.9771503940230815,5,1,0,0.4675325317418799,0.2346737516152831,1.0
sub151,NB,39.0,BB,1,6.858100699988427,1.9254305375124574,5,1,0,0.3613506796665422,0.22237576767757528,1.0
sub151,NB,3.0,BB,1,2.9976351000077557,1.0978236777988677,5,1,0,-0.7646783481084464,0.0919590662704056,1.0
sub151,NB,18.0,EM,1,5.712955900002271,1.7427365604761011,5,1,1,0.02733234628301174,0.18368975854735137,1.0
sub151,NB,1.0,EM,1,5.4355768999957945,1.6929656602935654,5,1,1,-0.05357416553878899,0.17431916495349964,1.0
sub151,NB,11.0,EM,1,5.534512899990659,1.711003558672998,5,1,1,-0.02471629723225064,0.17766148375820923,1.0
sub151,NB,19.0,BB,0,9.122104999987641,2.21070058885554,4,1,0,1.0217203927962937,0.2988597992355884,0.75
sub151,NB,7.0,EM,1,5.547034000017447,1.7132633704967946,5,1,1,-0.02106411546176464,0.1780844795138225,1.0
sub151,NB,10.0,BB,1,9.266903199983062,2.2264492568807484,3,1,0,1.0639554476469906,0.3037514640164358,0.5
sub151,NB,35.0,EM,1,3.526190000004135,1.260217967947659,5,1,1,-0.6105083018395172,0.1098150436868264,1.0
sub151,NB,36.0,BB,1,6.105032099992968,1.809113365532951,5,1,0,0.14169398760716892,0.19693512581685912,1.0
sub151,NB,22.0,EM,1,6.347722200007411,1.848096039893009,5,1,1,0.21248236540575513,0.20513383695372772,1.0
sub151,NB,6.0,BB,1,5.018425999995088,1.613116338720159,5,1,0,-0.17524965006210885,0.16022670823859025,1.0
sub151,NB,40.0,EM,1,8.989966900000582,2.1961091666080725,5,1,1,0.9831780635339351,0.2943958259960368,1.0
sub151,NB,13.0,BB,1,17.631961999984924,2.869713277794913,1,1,0,3.5038940467356263,0.586345194622071,0.0
sub152,NB,19.0,BB,1,18.592405199975474,2.9227531747508264,4,1,0,3.784038214507481,0.6187914969624781,0.75
sub152,NB,10.0,BB,1,9.029892000020482,2.200540407226749,2,1,0,0.9948235038040032,0.295744601088858,0.25
sub152,NB,34.0,BB,0,15.850699599977816,2.7632136381490637,3,1,0,2.984331544092891,0.5261694566098716,0.5
sub152,NB,14.0,BB,1,6.748863200016785,1.9093740758887434,5,1,0,0.3294880473741437,0.21868543705622778,1.0
sub152,NB,30.0,EM,1,5.011992400017334,1.6118335206753964,4,1,1,-0.17712621653846336,0.160009364276951,0.75
sub152,NB,37.0,BB,1,4.8195238999906,1.5726751472482847,5,1,0,-0.23326584849464488,0.15350727113606194,1.0
sub152,NB,32.0,EM,1,3.831491700024344,1.3432542051789038,5,1,1,-0.5214572359645802,0.12012893967150666,1.0
sub152,NB,4.0,EM,0,6.327889799984405,1.8449668156462702,3,1,1,0.20669760770283407,0.20446384621685887,0.5
sub152,NB,5.0,EM,0,10.082867999997688,2.310837745983294,2,1,1,1.301957840535476,0.3313169052634194,0.25
sub152,NB,7.0,EM,1,8.585244099987904,2.1500449272577304,5,1,1,0.8651276343269171,0.28072322325034954,1.0
sub152,NB,26.0,EM,1,9.802726499998244,2.282660561267644,4,1,1,1.2202455566893562,0.32185298713982124,0.75
sub152,NB,2.0,BB,1,8.25644420000026,2.1109940105864666,5,1,0,0.7692225622243568,0.2696154961462379,1.0
sub152,NB,17.0,BB,1,7.429669200006174,2.005481335532088,3,1,0,0.5280670266235038,0.24168485785595467,0.5
sub152,NB,25.0,BB,1,9.214268799987622,2.2207532390844706,4,1,0,1.0486029310348277,0.3019733352777714,0.75
sub152,NB,9.0,EM,1,13.25274269998772,2.584204527236957,2,1,1,2.2265538080830645,0.43840362616278744,0.25
sub152,NB,35.0,EM,1,7.909609099995578,2.0680783621002226,4,1,1,0.6680569436371924,0.2578984924575992,0.75
sub152,NB,8.0,BB,0,10.68311869999161,2.368664804012348,4,1,0,1.4770402741514617,0.35159495574286,0.75
sub152,NB,24.0,BB,1,9.942638700013049,2.2968324482174465,5,1,0,1.26105545240694,0.3265795899653049,1.0
sub152,NB,38.0,EM,1,8.857996500009904,2.181320610378994,4,1,1,0.9446846493723575,0.2899375181043009,0.75
sub152,NB,28.0,EM,1,6.111360200011404,1.8101493670674513,5,1,1,0.14353978162524234,0.1971489057118498,1.0
sub152,NB,18.0,EM,1,7.0854205999930855,1.9580392362349728,4,1,1,0.42765584399631507,0.23005523295320512,0.75
sub152,NB,40.0,EM,1,4.184620700019877,1.4314160666248918,5,1,1,-0.41845579889799545,0.13205856788807735,1.0
sub152,NB,15.0,BB,0,11.427834800007986,2.4360520285419542,2,1,0,1.694260690796029,0.37675342814303725,0.25
sub152,NB,1.0,EM,1,15.01996030000737,2.7093800031905095,1,1,1,2.742019692826847,0.49810489381931344,0.0
sub152,NB,6.0,BB,1,5.30976639999426,1.669547841818026,4,1,0,-0.09027084663376436,0.1700689547165093,0.75
sub152,NB,22.0,EM,1,9.85611210000934,2.288091780509898,2,1,1,1.235817184960822,0.32365649339464314,0.25
sub152,NB,12.0,EM,0,7.433207299996866,2.005957434496851,2,1,1,0.5290990273471237,0.2418043841975538,0.25
sub152,NB,33.0,BB,1,8.369919899996603,2.124644314562713,5,1,0,0.8023214019455572,0.2734490043332988,1.0
sub152,NB,16.0,EM,1,16.022847800020827,2.7740156911365186,3,1,1,3.0345441066212597,0.5319850764674616,0.5
sub152,NB,31.0,EM,1,4.5134455999941565,1.5070608529514464,4,1,1,-0.3225434347447961,0.14316713955761967,0.75
sub152,NB,23.0,EM,1,9.216441999975359,2.220989062870259,4,1,1,1.0492368147480682,0.3020467517003657,0.75
sub152,NB,20.0,EM,0,6.230810100008966,1.8295063564500884,5,1,1,0.17838118903546454,0.20118423811869118,1.0
sub152,NB,39.0,BB,1,13.600691100000404,2.6101206076274086,4,1,0,2.328044156445217,0.45015824005956295,0.75
sub152,NB,21.0,BB,1,17.483228199998848,2.8612420328100066,2,1,0,3.460511047494178,0.5813205749020987,0.25
sub152,NB,13.0,BB,0,6.788371800008463,1.9152111190022847,2,1,0,0.3410120020073885,0.22002014168049788,0.25
sub152,NB,11.0,EM,1,8.580848099983996,2.1495327547668928,1,1,1,0.8638453994559409,0.2805747147854902,0.0
sub152,NB,36.0,BB,1,8.640863899985561,2.1565025662417097,2,1,0,0.8813509389243509,0.2826022066684785,0.25
sub152,NB,27.0,BB,1,11.408323000010569,2.4343431767362835,3,1,0,1.6885694464079577,0.37609426811990626,0.5
sub152,NB,29.0,BB,1,7.5006714000192005,2.0149925365381485,4,1,0,0.5487771032139943,0.24408349928366158,0.75
sub152,NB,3.0,BB,1,16.386847300018417,2.7964790191596784,3,1,0,3.140716274842347,0.5442819388210033,0.5
sub153,NB,29.0,BB,1,3.83839910000097,1.3450553786308213,5,1,0,-0.519442470470964,0.12036228984570742,1.0
sub153,NB,1.0,EM,1,3.3437229999981355,1.2070848568626658,5,1,1,-0.6637306744514642,0.10365082757347376,1.0
sub153,NB,12.0,EM,1,5.51659459999064,1.7077607496238292,3,1,1,-0.0299427460648742,0.17705615636432226,0.5
sub153,NB,9.0,EM,1,2.4859361999842804,0.910649329036063,5,1,1,-0.9139317995340593,0.074672528953489,1.0
sub153,NB,33.0,BB,0,4.761328499997035,1.5605267259411397,4,1,0,-0.2502404097175343,0.15154127716262267,0.75
sub153,NB,17.0,BB,1,3.8141644000133965,1.3387216106051596,5,1,0,-0.5265113006311298,0.11954357781470588,1.0
sub153,NB,2.0,BB,1,5.454743100010091,1.6964855237691083,5,1,0,-0.04798372650771777,0.17496664969844522,1.0
sub153,NB,31.0,EM,1,4.686308000003919,1.544645065626,5,1,1,-0.2721225528121042,0.14900688697220943,1.0
sub153,NB,38.0,EM,1,6.191850000002887,1.8232339111882654,5,1,1,0.167017222074567,0.19986806326939016,1.0
sub153,NB,14.0,BB,0,6.3694511000067,1.8515132963275742,3,1,0,0.21882029835895686,0.2058678964576196,0.5
sub153,NB,37.0,BB,1,2.369805800000904,0.86280801086181,5,1,0,-0.9478049679386831,0.07074933800496637,1.0
sub153,NB,32.0,EM,1,2.689031600020826,0.9891811288059362,5,1,1,-0.854692490200525,0.08153362678165471,1.0
sub153,NB,27.0,BB,1,3.681885500001954,1.3034249850981214,4,1,0,-0.5650946987517543,0.11507484797928201,0.75
sub153,NB,15.0,BB,0,9.497517699986929,2.251030469724859,3,1,0,1.131221588091674,0.3115422295622598,0.5
sub153,NB,35.0,EM,1,3.7114083000051323,1.3114114002798425,5,1,1,-0.556483424043092,0.11607220596447877,1.0
sub153,NB,34.0,BB,0,4.158748899993952,1.4252142838465054,3,1,0,-0.4260021419686673,0.13118455030354975,0.5
sub153,NB,6.0,BB,1,4.447264399990672,1.4922891655719428,5,1,0,-0.3418473115355331,0.14093136421496,1.0
sub153,NB,21.0,BB,1,3.6565348000149243,1.2965159229856238,5,1,0,-0.5724890462263059,0.11421843452731711,1.0
sub153,NB,22.0,EM,1,3.4743171999871265,1.2453979704978835,5,1,1,-0.625638673308547,0.10806264380246897,1.0
sub153,NB,18.0,EM,1,4.095076300000073,1.4097853496101007,5,1,1,-0.4445743048361132,0.12903352208009877,1.0
sub153,NB,3.0,BB,0,6.351369400013937,1.8486704432002188,5,1,0,0.2135461886599942,0.20525704898137165,1.0
sub153,NB,30.0,EM,0,3.6619230000069365,1.2979884192718152,4,1,1,-0.5709174042983237,0.11440046212250768,0.75
sub153,NB,20.0,EM,1,2.0635337000130676,0.7244199015591232,5,1,1,-1.0371390821930968,0.06040265935209599,1.0
sub153,NB,23.0,EM,0,4.248918700002832,1.4466645270364233,3,1,1,-0.39970121799743114,0.13423072377126855,0.5
sub153,NB,19.0,BB,1,2.910314200009452,1.0682610478666283,5,1,0,-0.7901482987097467,0.08900913615271694,1.0
sub153,NB,24.0,BB,1,3.5382786999980453,1.263640365952845,5,1,0,-0.6069822434538981,0.11022343182983034,1.0
sub153,NB,7.0,EM,0,8.649724799994146,2.1575275054081007,3,1,1,0.8839355055688325,0.2829015512217946,0.5
sub153,NB,40.0,EM,1,3.018086799973389,1.104623120691978,4,1,1,-0.7587129516472622,0.09264997859137031,0.75
sub153,NB,11.0,EM,1,3.652662300009979,1.295456298976505,4,1,1,-0.573618585475574,0.11408761127199611,0.75
sub153,NB,4.0,EM,0,5.475345199985895,1.700255323940717,4,1,1,-0.04197446104347073,0.17566264292810085,0.75
sub153,NB,10.0,BB,0,9.889524600002915,2.2914760757232564,4,1,0,1.24556301584803,0.3247852556959963,0.75
sub153,NB,16.0,EM,0,9.83258770001703,2.285702144685731,2,1,1,1.2289555366527876,0.32286177716932685,0.25
sub153,NB,39.0,BB,1,6.144407000014326,1.8155422371432828,5,1,0,0.15317894434140547,0.19826531370379386,1.0
sub153,NB,5.0,EM,1,3.0380280000099447,1.1112086207242438,4,1,1,-0.7528964589190427,0.09332364487941627,0.75
sub153,NB,26.0,EM,1,1.3963676000130363,0.3338742934681294,5,1,1,-1.2317395456582363,0.0378640303190784,1.0
sub153,NB,13.0,BB,1,3.7837340000260156,1.3307113527425425,4,1,0,-0.5353873060831059,0.11851555871025514,0.75
sub153,NB,36.0,BB,1,14.347375500015914,2.663567033493898,4,1,0,2.5458386911273614,0.47538320682074897,0.75
sub153,NB,8.0,BB,0,3.079221799998777,1.1246769027229175,5,1,0,-0.7408809614743784,0.09471528000057812,1.0
sub153,NB,28.0,EM,1,9.491630900010932,2.250410452441453,2,1,1,1.1295045134326716,0.3113433579456555,0.25
sub153,NB,25.0,BB,1,2.935762600012822,1.0769672491768005,2,1,0,-0.7827254538812972,0.08986885016870151,0.25
sub154,NB,23.0,EM,1,5.5369651000073645,1.7114465347701016,2,1,1,-0.02400103418192471,0.17774432553702757,0.25
sub154,NB,38.0,EM,1,4.135578800021904,1.4196272945014536,5,1,1,-0.43276044727388907,0.13040180326660056,1.0
sub154,NB,3.0,BB,1,5.488159999978961,1.7025930445137163,5,1,0,-0.03823661222611683,0.1760955606425591,1.0
sub154,NB,22.0,EM,1,3.1620655999868177,1.15122548493097,5,1,1,-0.7167169011708269,0.09751396188147085,1.0
sub154,NB,6.0,BB,1,3.594074399996316,1.2792864893146905,4,1,0,-0.590707631960561,0.11210835761352723,0.75
sub154,NB,36.0,BB,0,6.7951278000255115,1.916205855377014,3,1,0,0.34298260683051746,0.2202483771650816,0.5
sub154,NB,1.0,EM,0,4.551878300000681,1.5155399609659006,3,1,1,-0.3113333009662874,0.14446549744508463,0.5
sub154,NB,2.0,BB,1,4.611500700004399,1.528553335489006,4,1,0,-0.29394250926744814,0.14647969923942333,0.75
sub154,NB,25.0,BB,1,5.896822999988217,1.7744137313039043,5,1,0,0.08096310311141554,0.18990127372769372,1.0
sub154,NB,26.0,EM,1,8.414449699979741,2.129950430374259,4,1,1,0.8153099511460161,0.27495333832559,0.75
sub154,NB,13.0,BB,1,4.20975670000189,1.4374048550509047,3,1,0,-0.4111240755892735,0.13290772820807634,0.5
sub154,NB,21.0,BB,1,2.734876600006828,1.0060863160285745,5,1,0,-0.8413203205941332,0.08308239169597388,1.0
sub154,NB,31.0,EM,1,3.364566800009925,1.2132992178138082,5,1,1,-0.6576509093934543,0.10435498606729428,1.0
sub154,NB,17.0,BB,1,3.1336805000028107,1.142208192343455,5,1,0,-0.7249963290560144,0.09655503840108925,1.0
sub154,NB,11.0,EM,1,4.581960199982859,1.5221268978265905,5,1,1,-0.30255894675607853,0.1454817433009617,1.0
sub154,NB,24.0,BB,1,3.960072999994736,1.376262459438584,5,1,0,-0.4839523618902121,0.12447275483330174,1.0
sub154,NB,20.0,EM,1,3.8525263000046834,1.3487291149259333,5,1,1,-0.5153218179555151,0.12083954389107772,1.0
sub154,NB,12.0,EM,1,2.563473599991994,0.9413632137653373,5,1,1,-0.8913155215526358,0.07729194665915251,1.0
sub154,NB,32.0,EM,1,3.225365199992666,1.1710461841443396,5,1,1,-0.6982535357535861,0.0996523891823636,1.0
sub154,NB,15.0,BB,1,3.4458034000126645,1.237157084827814,5,1,0,-0.6339556406877085,0.10709937249724821,1.0
sub154,NB,10.0,BB,1,4.549258900020504,1.5149643405802427,3,1,0,-0.3120973332667038,0.1443770072108802,0.5
sub154,NB,39.0,BB,1,5.6989098000049125,1.7402748933903414,4,1,0,0.023235349194335456,0.18321524427391767,0.75
sub154,NB,8.0,BB,1,2.8579557000193745,1.0501065790444282,5,1,0,-0.8054203402064716,0.08724032804330975,1.0
sub154,NB,18.0,EM,1,4.3221371000108775,1.4637499790093633,5,1,1,-0.3783447153577723,0.13670423427513306,1.0
sub154,NB,7.0,EM,1,4.338369500008412,1.4674985862803769,4,1,1,-0.37361001351565004,0.13725260752410356,0.75
sub154,NB,19.0,BB,1,6.136323600017931,1.814225800617307,3,1,0,0.15082116059658934,0.19799223514982622,0.5
sub154,NB,16.0,EM,1,3.3159956999879796,1.1987579405255189,5,1,1,-0.6718182338052938,0.10271412630970142,1.0
sub154,NB,4.0,EM,1,8.093759600014891,2.0910933450013336,4,1,1,0.7217703632055636,0.2641195816379095,0.75
sub154,NB,34.0,BB,1,6.764193600014551,1.9116430527459705,2,1,0,0.33395965188862814,0.21920333836817602,0.25
sub154,NB,40.0,EM,1,4.0391277000017,1.3960287528187143,5,1,1,-0.4608935145350303,0.12714343093146285,1.0
sub154,NB,37.0,BB,1,4.872071300022071,1.5835191649520028,4,1,0,-0.21793870822176234,0.15528246078667346,0.75
sub154,NB,14.0,BB,1,3.741874600003939,1.3195867158002468,5,1,0,-0.5475969471974677,0.11710143786592235,1.0
sub154,NB,9.0,EM,1,3.963754099997459,1.3771915812432585,4,1,1,-0.48287865061112983,0.12459711209215348,0.75
sub154,NB,29.0,BB,1,3.0002795000036713,1.0987054509962557,5,1,0,-0.7639070237489018,0.09204840107102401,1.0
sub154,NB,5.0,EM,1,5.974749599990901,1.787542188988098,1,1,1,0.10369290379640848,0.1925338396348415,0.0
sub154,NB,28.0,EM,1,3.073079099995084,1.1226800231343783,5,1,1,-0.742672677611703,0.09450776340666793,1.0
sub154,NB,30.0,EM,1,6.668548700021347,1.897402250048524,4,1,1,0.30606173881008075,0.21597220159451985,0.75
sub154,NB,33.0,BB,1,5.150771599990549,1.6391465286938476,5,1,0,-0.13664679674464061,0.16469769137524792,1.0
sub154,NB,27.0,BB,1,4.195374800008722,1.4339826803879578,4,1,0,-0.4153190195532724,0.13242186972585435,0.75
sub154,NB,35.0,EM,1,3.342159799998626,1.2066172447088916,5,1,1,-0.6641866320374284,0.10359801855800767,1.0
sub155,NB,22.0,EM,0,5.147674100007862,1.6385449815931832,5,1,1,-0.13755028229676036,0.16459304966302735,1.0
sub155,NB,17.0,BB,1,4.434389899979578,1.4893900414687755,5,1,0,-0.3456025737843804,0.14049642967656606,1.0
sub155,NB,16.0,EM,1,5.025933299999451,1.6146111680423834,5,1,1,-0.1730599044197256,0.16048032461663747,1.0
sub155,NB,35.0,EM,1,3.3660744999942835,1.2137472286176452,5,1,1,-0.657211140172982,0.10440592014599004,1.0
sub155,NB,11.0,EM,1,6.840642700000899,1.9228816892087435,3,1,1,0.3562584921457027,0.2217859904311335,0.5
sub155,NB,6.0,BB,1,6.954142400005367,1.9393375107998476,4,1,0,0.38936433224162886,0.22562030940171574,0.75
sub155,NB,23.0,EM,0,11.280510300013702,2.4230764844095605,3,1,1,1.651288759250562,0.3717764182906994,0.5
sub155,NB,37.0,BB,1,3.8284258999919984,1.3424537265429342,5,1,0,-0.5223514752060312,0.12002536886714708,1.0
sub155,NB,24.0,BB,1,3.9864952999923844,1.3829124739787535,5,1,0,-0.47624544778687705,0.12536536975760026,1.0
sub155,NB,7.0,EM,1,5.946331899991492,1.7827745420546592,4,1,1,0.0954039670676119,0.19157381484002917,0.75
sub155,NB,32.0,EM,1,3.5379357999772765,1.2635434497214226,5,1,1,-0.6070822612799893,0.11021184776348836,1.0
sub155,NB,3.0,BB,1,3.711620199988829,1.3114684928758777,5,1,0,-0.5564216165935894,0.1160793645043456,1.0
sub155,NB,5.0,EM,1,4.469711399986409,1.4973238427797182,5,1,1,-0.33529992160883854,0.14168968302913243,1.0
sub155,NB,27.0,BB,1,4.672370199987199,1.5416664803977194,5,1,0,-0.2761879607261723,0.14853603135752336,1.0
sub155,NB,8.0,BB,1,3.979035500000464,1.381039453244767,5,1,0,-0.4784213385220102,0.12511335805514956,1.0
sub155,NB,36.0,BB,1,3.7074498000147287,1.310344254820879,5,1,0,-0.5576380479557268,0.11593847740301423,1.0
sub155,NB,20.0,EM,1,4.134963999997126,1.4194786222701925,5,1,1,-0.4329397734862972,0.13038103370158827,1.0
sub155,NB,33.0,BB,1,4.8105909999867436,1.570819945590003,5,1,0,-0.23587141625481442,0.15320549423316482,1.0
sub155,NB,14.0,BB,1,5.335751600010553,1.6744297558075973,5,1,0,-0.08269142680652065,0.1709468032515532,1.0
sub155,NB,21.0,BB,1,4.875041699997382,1.5841286582588434,5,1,0,-0.21707229547706153,0.15538280872569976,1.0
sub155,NB,13.0,BB,1,10.056856299983338,2.308254620803369,3,1,0,1.2943706911309893,0.33043816148860594,0.5
sub155,NB,39.0,BB,0,5.893762300023809,1.7738945543580142,4,1,0,0.08007035146890631,0.1897978752170692,0.75
sub155,NB,18.0,EM,1,8.924694200017257,2.188822063775314,2,1,1,0.9641391800109632,0.2921907421782176,0.25
sub155,NB,40.0,EM,1,2.9639798999996856,1.0865329260342225,5,1,1,-0.7744949702653308,0.09082210492297824,1.0
sub155,NB,4.0,EM,1,3.278014899988193,1.187238025762251,5,1,1,-0.6828965564040214,0.10143103479535083,1.0
sub155,NB,26.0,EM,0,15.155552300013369,2.718366953264617,5,1,1,2.7815694631813828,0.5026855489035271,1.0
sub155,NB,19.0,BB,1,4.331995100015774,1.466028198024479,3,1,0,-0.37546931241120146,0.13703726349397055,0.5
sub155,NB,9.0,EM,1,6.1809420000063255,1.8214706870392459,4,1,1,0.16383555283986143,0.19949956228378157,0.75
sub155,NB,1.0,EM,1,2.4643440000072587,0.9019256463192058,5,1,1,-0.9202298595265563,0.07394308753659327,1.0
sub155,NB,28.0,EM,1,2.6316167999757454,0.9675984101490402,5,1,1,-0.8714393643275683,0.07959400353158118,1.0
sub155,NB,2.0,BB,1,4.838850600004662,1.5766772131879774,5,1,0,-0.22762859447351272,0.15416017799396337,1.0
sub155,NB,34.0,BB,1,5.330785600002855,1.6734986194372126,5,1,0,-0.08413992052205256,0.1707790386844515,1.0
sub155,NB,25.0,BB,1,2.950095700012753,1.08183761050783,5,1,0,-0.7785447440057826,0.09035306005854989,1.0
sub155,NB,10.0,BB,1,6.005367600009777,1.7926536693135953,4,1,0,0.11262362883481893,0.1935681963627363,0.75
sub155,NB,31.0,EM,0,9.176129100000253,2.216605449039372,2,1,1,1.0374782601410835,0.30068487570309305,0.25
sub155,NB,29.0,BB,1,3.4065149999805726,1.2256897745627315,5,1,0,-0.645415366916377,0.10577210680790328,1.0
sub155,NB,38.0,EM,1,5.108693499991205,1.630943696376658,3,1,1,-0.14892022874546387,0.16327618226934554,0.5
sub155,NB,30.0,EM,1,11.656542999990052,2.4558676532565356,5,1,1,1.7609707974917763,0.38447979385047465,1.0
sub155,NB,15.0,BB,1,3.5089482000039425,1.2553163344527742,5,1,0,-0.6155374276764124,0.10923257024570612,1.0
sub155,NB,12.0,EM,1,4.430581299995538,1.4885307944092074,5,1,1,-0.3467134745361536,0.14036776513234617,1.0
sub156,NB,12.0,EM,1,6.50390320000588,1.872402488986827,5,1,1,0.25803758019282175,0.21041004271563774,1.0
sub156,NB,17.0,BB,0,5.37115800002357,1.6810435277357694,4,1,0,-0.07236401081196575,0.17214292475006454,0.75
sub156,NB,30.0,EM,1,3.343201199983014,1.2069287910839681,5,1,1,-0.6638828742181772,0.10363319979386947,1.0
sub156,NB,15.0,BB,1,3.19414889998734,1.1613206673622287,5,1,0,-0.7073587742372305,0.09859782030423356,1.0
sub156,NB,14.0,BB,1,2.9959679000021424,1.0972673513125755,5,1,0,-0.7651646406430662,0.09190274386066333,1.0
sub156,NB,26.0,EM,0,6.238899299991317,1.8308037725898834,4,1,1,0.18074066453283705,0.20145751261146905,0.75
sub156,NB,5.0,EM,1,4.878384299983736,1.584814078975056,3,1,1,-0.21609731862118858,0.15549573056195343,0.5
sub156,NB,8.0,BB,1,8.01962549999007,2.0818917250263054,3,1,0,0.7001467671874199,0.2616151363743447,0.5
sub156,NB,32.0,EM,1,2.706421999988379,0.9956274673267212,5,1,1,-0.8496200204009805,0.0821211203212762,1.0
sub156,NB,3.0,BB,1,2.141311700019287,0.7614185851945989,5,1,0,-1.0144526254792423,0.06303020515975938,1.0
sub156,NB,40.0,EM,1,2.3144441999902483,0.8391695723155436,5,1,1,-0.9639529602006471,0.06887907726282973,1.0
sub156,NB,38.0,EM,1,3.322392399975797,1.2006851258214957,5,1,1,-0.6699524303985009,0.10293022369243852,1.0
sub156,NB,36.0,BB,1,2.7950325999991037,1.0278437702238736,5,1,0,-0.8237738872865877,0.08511461990411581,1.0
sub156,NB,29.0,BB,1,5.12370669998927,1.6338781419569388,5,1,0,-0.14454114581886088,0.1637833677293905,1.0
sub156,NB,20.0,EM,1,3.471052899985807,1.244457977324103,4,1,1,-0.6265908114539744,0.10795236714605279,0.75
sub156,NB,22.0,EM,1,4.808629299979657,1.5704120746871422,5,1,1,-0.2364436091923132,0.15313922283728038,1.0
sub156,NB,37.0,BB,1,2.7262351000099443,1.0029215731395622,5,1,0,-0.8438408921645825,0.08279045905323532,1.0
sub156,NB,27.0,BB,1,4.822662400023546,1.5733261407151462,5,1,0,-0.23235040395842413,0.1536132979380273,1.0
sub156,NB,16.0,EM,1,8.01913629999035,2.0818307228110506,4,1,1,0.7000040762643159,0.26159860990917116,0.75
sub156,NB,33.0,BB,1,5.023610599979293,1.6141489181960949,5,1,0,-0.17373739462855567,0.16040185768897236,1.0
sub156,NB,18.0,EM,1,4.95041809999384,1.5994720376588818,5,1,1,-0.19508634269312405,0.15792922215612498,1.0
sub156,NB,28.0,EM,1,2.8940311999758705,1.0626504090688946,5,1,1,-0.7948977596807668,0.08845905350118309,1.0
sub156,NB,21.0,BB,1,2.6332468999898992,0.9682176474775408,5,1,0,-0.8709638931993907,0.07964907260584278,1.0
sub156,NB,19.0,BB,1,2.726088100025663,1.0028676511767864,5,1,0,-0.8438837694406768,0.08278549300637897,1.0
sub156,NB,23.0,EM,1,4.323732999997446,1.464119149488733,4,1,1,-0.3778792197682478,0.13675814798233593,0.75
sub156,NB,4.0,EM,1,5.111457799997879,1.6314846472868634,5,1,1,-0.14811393168922024,0.16336956760829846,1.0
sub156,NB,2.0,BB,1,3.749998699990101,1.321755493312953,4,1,0,-0.5452272919908494,0.11737589137280054,0.75
sub156,NB,25.0,BB,1,3.152012900012778,1.1480412646309057,5,1,0,-0.7196490946291336,0.09717435518458518,1.0
sub156,NB,7.0,EM,1,4.131080799998017,1.4185390676515741,5,1,1,-0.4340724337332048,0.13024984897226688,1.0
sub156,NB,31.0,EM,1,3.23260869999649,1.1732894583209186,5,1,1,-0.6961407358708375,0.09989709370120357,1.0
sub156,NB,10.0,BB,1,3.1497317000175826,1.1473172746123868,4,1,0,-0.7203144800201504,0.09709729023712782,0.75
sub156,NB,1.0,EM,1,3.315223400015384,1.1985250120203856,5,1,1,-0.6720434999460663,0.10268803598139406,1.0
sub156,NB,6.0,BB,1,2.728702099993825,1.003826074900672,5,1,0,-0.8431213122275448,0.082873800813947,1.0
sub156,NB,34.0,BB,1,4.145465600013267,1.4220151103882814,4,1,0,-0.42987664388443864,0.13073580542487717,0.75
sub156,NB,24.0,BB,1,6.110841499990784,1.8100644887396895,5,1,0,0.14338848607168805,0.19713138265822916,1.0
sub156,NB,11.0,EM,1,2.925922000024002,1.0736096446978436,5,1,1,-0.7855957815532207,0.08953640876826117,1.0
sub156,NB,9.0,EM,1,4.588458300015191,1.5235440853017115,5,1,1,-0.3006635667630985,0.1457012662444208,1.0
sub156,NB,13.0,BB,1,7.695602699997835,2.040649087810174,3,1,0,0.605635090032723,0.2506687922971137,0.5
sub156,NB,39.0,BB,1,7.155850899987854,1.9679303297653288,5,1,0,0.4481991075418851,0.23243455409117386,1.0
sub156,NB,35.0,EM,1,8.283689200005028,2.1142884247229285,5,1,1,0.7771694432604817,0.27053590404482875,1.0
sub157,AB,5.0,EM,0,5.978268600010779,1.7881309942693524,3,0,1,0.10471933339887493,0.19265272072909256,0.5
sub157,AB,15.0,BB,1,5.418688300007489,1.6898537750934215,4,0,0,-0.058500269225714226,0.17374862353956472,0.75
sub157,AB,37.0,BB,1,3.367468500015093,1.2141612751428468,4,0,0,-0.6568045352059132,0.10445301314028492,0.75
sub157,AB,1.0,EM,1,5.765154799999436,1.7518320050516647,5,0,1,0.04255783530563801,0.18545317494840596,1.0
sub157,AB,28.0,EM,1,4.788634000025922,1.5662451933043877,5,0,1,-0.242275881902394,0.1524637289114632,1.0
sub157,AB,2.0,BB,1,3.7590882999938913,1.324176454594494,5,0,0,-0.5425760176328595,0.11768296201464508,1.0
sub157,AB,19.0,BB,1,2.446551000000909,0.8946792776368186,5,0,0,-0.9254197605836855,0.07334199310669406,1.0
sub157,AB,38.0,EM,1,11.253219899983378,2.420654301031063,5,0,1,1.6433286358359431,0.3708544766596032,1.0
sub157,AB,33.0,BB,1,5.698609199986095,1.740222145065221,5,0,0,0.023147669525090276,0.18320508921311424,1.0
sub157,AB,32.0,EM,1,2.38356090002344,0.8685955460069577,5,0,1,-0.943792850357477,0.07121402153238177,1.0
sub157,AB,6.0,BB,1,3.30071000001044,1.1941375968489811,5,0,0,-0.6762768001203661,0.10219773508223386,1.0
sub157,AB,13.0,BB,0,10.267873600008897,2.329019952844392,2,0,0,1.3559206775348767,0.33756688197489093,0.25
sub157,AB,12.0,EM,1,2.376506000000518,0.8656313417901865,5,0,1,-0.9458506389863668,0.07097568841791198,1.0
sub157,AB,27.0,BB,0,7.705452499998501,2.0419281951460944,3,0,0,0.6085081011841714,0.2510015444981989,0.5
sub157,AB,25.0,BB,0,2.033791800000472,0.7099019325054642,5,0,0,-1.0458142644704709,0.05939789959118942,1.0
sub157,AB,23.0,EM,1,6.316336099989712,1.8431393090354804,2,0,1,0.2033275992840846,0.20407353178370774,0.25
sub157,AB,3.0,BB,0,9.23689739999827,2.2232060500461612,3,0,0,1.0552032904500308,0.30273778901901593,0.5
sub157,AB,40.0,EM,1,4.357641100010369,1.4719308788425476,4,0,1,-0.36798883118624887,0.13790365295839163,0.75
sub157,AB,35.0,EM,1,4.615081399999326,1.5293295059356307,5,0,1,-0.2928980828816614,0.14660066472142874,1.0
sub157,AB,11.0,EM,1,3.206807500013383,1.1652758939681902,5,0,1,-0.7036664861670068,0.09902546117217383,1.0
sub157,AB,20.0,EM,1,2.265708999999333,0.8178877342353844,5,0,1,-0.9781681496494185,0.06723267377583435,1.0
sub157,AB,31.0,EM,1,4.011345799983246,1.3891267959821048,4,0,1,-0.46899699973838965,0.12620488513552347,0.75
sub157,AB,16.0,EM,1,4.091942800005199,1.409019869498327,4,0,1,-0.44548829095032144,0.1289276641925961,0.75
sub157,AB,7.0,EM,1,3.8507768000126816,1.3482748941846834,4,0,1,-0.5158321159297015,0.12078044117091104,0.75
sub157,AB,22.0,EM,1,2.5568002999934833,0.9387565939214305,5,0,1,-0.8932620042539481,0.07706650499913342,1.0
sub157,AB,18.0,EM,1,4.304059199988842,1.4595585774091366,3,0,1,-0.3836177166729836,0.13609351517191032,0.5
sub157,AB,17.0,BB,1,8.422316599986516,2.1308849210524703,3,0,0,0.8176045857015671,0.2752191029393684,0.5
sub157,AB,14.0,BB,1,2.079048599989619,0.7319103852210304,4,0,0,-1.032613662322315,0.060926793559538256,0.75
sub157,AB,21.0,BB,1,2.5794276000233367,0.9475675138627833,5,0,0,-0.8866620240199794,0.07783091482360087,1.0
sub157,AB,36.0,BB,1,6.368426300003193,1.8513523903974047,5,0,0,0.21852138245834174,0.20583327601285772,1.0
sub157,AB,29.0,BB,1,7.484051600011298,2.0127743030982965,4,0,0,0.5439294036917381,0.24352203864143018,0.75
sub157,AB,26.0,EM,1,3.056988199998159,1.1174301829071878,5,0,1,-0.7473661064249665,0.09396417040061132,1.0
sub157,AB,9.0,EM,1,3.626567800005432,1.2882866913601845,4,0,1,-0.5812298861618284,0.113206070295312,0.75
sub157,AB,8.0,BB,0,3.927391799981706,1.3679755414318553,4,0,0,-0.4934848856037706,0.1233686977724776,0.75
sub157,AB,39.0,BB,1,4.7465659999870695,1.5574214092229373,4,0,0,-0.2545463679247082,0.1510425610088425,0.75
sub157,AB,34.0,BB,1,6.429297199996654,1.8608652321197894,4,0,0,0.23627633935778106,0.20788965542700727,0.75
sub157,AB,4.0,EM,1,3.6485721000062767,1.294335885575842,5,0,1,-0.5748116239353901,0.11394943353701484,1.0
sub157,AB,10.0,BB,1,2.771349699993152,1.0193344578436534,4,0,0,-0.830681767224367,0.08431454913064551,0.75
sub157,AB,30.0,EM,1,5.168632399989292,1.6426081274128772,4,0,1,-0.13143711963782498,0.16530107626756274,0.75
sub157,AB,24.0,BB,1,4.253785600012634,1.4478093158870284,5,0,0,-0.39828162998547156,0.1343951404792843,1.0
sub158,NB,23.0,EM,1,4.91749439999694,1.5927991324897708,4,1,1,-0.20468959933098924,0.15681697280678836,0.75
sub158,NB,25.0,BB,1,6.294720100006089,1.8397112026485245,5,1,0,0.19702259725374252,0.20334328633986914,1.0
sub158,NB,34.0,BB,1,14.630165299982764,2.6830855136683236,3,1,0,2.6283234368852173,0.48493659149627993,0.5
sub158,NB,1.0,EM,1,9.886409500002628,2.2911610362403882,4,1,1,1.2446543966843826,0.3246800194088001,0.75
sub158,NB,35.0,EM,1,9.6876290999935,2.270849721041611,5,1,1,1.186673695971981,0.31796469365282964,1.0
sub158,NB,29.0,BB,1,7.974023999995552,2.076189258735867,5,1,0,0.6868456221897373,0.2600745975314306,1.0
sub158,NB,17.0,BB,0,7.016337299981387,1.9482413297383054,4,1,0,0.4075054763442759,0.22772141702439785,0.75
sub158,NB,39.0,BB,1,8.740463099995395,2.1679631745332175,4,1,0,0.9104022508580206,0.28596693011741703,0.75
sub158,NB,22.0,EM,1,12.215386900003068,2.50269637837944,5,1,1,1.9239756053607522,0.40335901350770476,1.0
sub158,NB,19.0,BB,1,8.782290000002831,2.1727371936852706,2,1,0,0.9226024122972135,0.28737995302560837,0.25
sub158,NB,26.0,EM,1,4.224151700007496,1.4408184595866065,5,1,1,-0.406925310585069,0.13339402924324079,1.0
sub158,NB,32.0,EM,1,2.538351800001692,0.9315149727681233,5,1,1,-0.8986431029767985,0.07644326605229455,1.0
sub158,NB,12.0,EM,1,4.932954200019594,1.5959380378013641,5,1,1,-0.20018025113496016,0.15733924559258372,1.0
sub158,NB,6.0,BB,1,5.749617699999362,1.7491333656422707,5,1,0,0.03802594008356587,0.18492829076566564,1.0
sub158,NB,40.0,EM,1,10.695873799995752,2.3698580409263474,4,1,1,1.480760709545811,0.35202585663436564,0.75
sub158,NB,36.0,BB,1,5.324697700008983,1.6723559400326493,3,1,0,-0.0859156524729669,0.17057337337928685,0.5
sub158,NB,10.0,BB,1,4.941192099999171,1.5976066178771653,3,1,0,-0.19777740249800907,0.15761754356313523,0.5
sub158,NB,3.0,BB,1,4.25802670000121,1.4488058370014658,5,1,0,-0.39704457668888044,0.13453841601341954,1.0
sub158,NB,5.0,EM,0,5.838423800014425,1.7644608631535121,2,1,1,0.06392909706570561,0.1879283948538507,0.25
sub158,NB,37.0,BB,1,3.3966420000069775,1.2227872965206197,5,1,0,-0.6482951450865401,0.10543857085059394,1.0
sub158,NB,7.0,EM,1,5.16654540001764,1.642204264017316,5,1,1,-0.13204586034232912,0.16523057190867368,1.0
sub158,NB,20.0,EM,1,5.852370199980214,1.7668467415774276,4,1,1,0.06799701343167902,0.1883995409974797,0.75
sub158,NB,38.0,EM,0,6.741560399997979,1.908291411481951,3,1,1,0.32735795073366275,0.21843872922660906,0.5
sub158,NB,8.0,BB,0,4.228965900023468,1.4419574950914362,5,1,0,-0.4055210942222744,0.1335566656065853,1.0
sub158,NB,18.0,EM,1,8.229318500001682,2.107703204456136,2,1,1,0.7613104788742895,0.26869911851624617,0.25
sub158,NB,30.0,EM,1,4.924622399994405,1.5942476016328562,4,1,1,-0.20261048874205773,0.15705777543103772,0.75
sub158,NB,13.0,BB,0,6.251274400012335,1.8327853469646882,3,1,0,0.18435026070314214,0.2018755761021353,0.5
sub158,NB,33.0,BB,1,10.094069799990393,2.3119481028922197,3,1,0,1.3052252059939788,0.3316953315871454,0.5
sub158,NB,14.0,BB,1,7.666283800004749,2.036831986884225,4,1,0,0.5970832893238105,0.24967832259159317,0.75
sub158,NB,2.0,BB,1,4.810327999992296,1.5707652730593407,5,1,0,-0.23594812866692708,0.15319660940027158,1.0
sub158,NB,4.0,EM,0,3.4479602000210434,1.2377828098174959,5,1,1,-0.6333265405562237,0.10717223488532109,1.0
sub158,NB,15.0,BB,1,4.18313149997266,1.4310601287272708,5,1,0,-0.4188901720164449,0.13200825878601086,1.0
sub158,NB,21.0,BB,1,3.070851099997526,1.1219547544471709,5,1,0,-0.7433225455113536,0.09443249569532809,1.0
sub158,NB,31.0,EM,1,2.846342300006654,1.046034766506521,5,1,1,-0.8088077620567145,0.0868479967862229,1.0
sub158,NB,27.0,BB,1,5.904951800010167,1.7757912870436436,5,1,0,0.08333412923472555,0.19017588601416674,1.0
sub158,NB,16.0,EM,0,7.40591420000419,2.0022788972236896,5,1,1,0.5211381164015962,0.24088235135461417,1.0
sub158,NB,9.0,EM,1,3.18963719997555,1.159907179913771,5,1,1,-0.7086747567389042,0.09844540318820505,1.0
sub158,NB,28.0,EM,1,2.356973799993284,0.8573785080641619,5,1,1,-0.9515478336938037,0.0703158392286895,1.0
sub158,NB,24.0,BB,1,9.596518000005744,2.261400324346478,5,1,0,1.1600982115694682,0.3148867205912276,1.0
sub158,NB,11.0,EM,1,2.2177208999928553,0.7964800469224199,5,1,1,-0.9921654233449368,0.06561150929513711,1.0
sub159,NB,7.0,EM,1,10.550287499994738,2.356153110735104,4,1,1,1.4382957799662495,0.3471075677584586,0.75
sub159,NB,36.0,BB,1,6.109138400002848,1.8097857485105076,5,1,0,0.14289172215190907,0.19707384745247725,1.0
sub159,NB,38.0,EM,1,8.620914099999936,2.1541911231368447,5,1,1,0.8755319377442261,0.2819282498514896,1.0
sub159,NB,17.0,BB,1,5.415539100009482,1.6892724322859605,5,1,0,-0.05941883475108549,0.17364223526458217,1.0
sub159,NB,30.0,EM,1,6.719775700010359,1.9050547760033523,5,1,1,0.32100374191813735,0.21770278465206233,1.0
sub159,NB,10.0,BB,1,4.151312800007872,1.423424621569791,5,1,0,-0.42817111983439554,0.13093333924975264,1.0
sub159,NB,8.0,BB,1,8.719509599992307,2.1655629978064503,3,1,0,0.9042904882672391,0.2852590656687993,0.5
sub159,NB,15.0,BB,1,10.849011400016025,2.3840739606293297,2,1,0,1.5254282187880865,0.3571992483247759,0.25
sub159,NB,31.0,EM,1,6.086582699994324,1.806086791221903,3,1,1,0.13631262636835634,0.19631185646541693,0.5
sub159,NB,18.0,EM,1,2.459746800013818,0.9000584178232911,5,1,1,-0.9215707808493955,0.0737877820058675,1.0
sub159,NB,4.0,EM,0,12.749797500000568,2.5455153891254128,5,1,1,2.0798536549801674,0.4214128119016211,1.0
sub159,NB,40.0,EM,1,4.553505699994275,1.5158974198080373,5,1,1,-0.3108586173859965,0.14452047530553647,1.0
sub159,NB,35.0,EM,1,4.796204600017518,1.5678248968094435,4,1,1,-0.24006767278164645,0.15271948372989286,0.75
sub159,NB,13.0,BB,1,5.023366300010821,1.6141002866582796,3,1,0,-0.1738086525762978,0.1603936045922365,0.5
sub159,NB,37.0,BB,1,3.7580488999956287,1.3238999131460054,5,1,0,-0.5428791920917948,0.11764784834358512,1.0
sub159,NB,24.0,BB,0,2.5641574000183027,0.9416299256369056,5,1,0,-0.8911160692692581,0.07731504722605143,1.0
sub159,NB,34.0,BB,1,6.189120800001547,1.8227930410675564,4,1,0,0.16622116306444965,0.19977586370111605,0.75
sub159,NB,27.0,BB,1,3.837994000001345,1.3449498342704105,3,1,0,-0.5195606309225769,0.12034860450016478,0.5
sub159,NB,19.0,BB,0,4.015434300003108,1.3901455109144967,2,1,0,-0.4678044571335688,0.12634300544057064,0.25
sub159,NB,28.0,EM,1,2.3133336000028066,0.8386896011255852,5,1,1,-0.9642769024277486,0.06884155826850279,1.0
sub159,NB,39.0,BB,1,4.11188020001282,1.4138803934903263,5,1,0,-0.4396729066228315,0.12960120210565046,1.0
sub159,NB,16.0,EM,0,5.544210699998075,1.7127542662155864,2,1,1,-0.021887621770419943,0.17798910099895865,0.25
sub159,NB,22.0,EM,1,2.6544412999937776,0.9762341994023878,5,1,1,-0.8647818643708575,0.08036507529132812,1.0
sub159,NB,6.0,BB,1,3.4050802999990992,1.2252685222893636,5,1,0,-0.6458338433367589,0.10572363886168104,1.0
sub159,NB,11.0,EM,1,3.222360399988247,1.1701141344857888,5,1,1,-0.6991299823738204,0.09955087911970004,1.0
sub159,NB,29.0,BB,1,9.715338600013638,2.2737059355430533,3,1,0,1.1947560633858914,0.318900793586031,0.5
sub159,NB,9.0,EM,1,4.3253451000200585,1.4644919291127896,4,1,1,-0.3774089989168699,0.13681260896944808,0.75
sub159,NB,14.0,BB,1,3.7142231999896467,1.3121695580525115,5,1,0,-0.5556623678749287,0.11616730070402866,1.0
sub159,NB,26.0,EM,1,3.4420582000166178,1.2360696064251924,5,1,1,-0.6350480487926771,0.10697284977170003,1.0
sub159,NB,32.0,EM,1,2.5544043000263628,0.9378190457972104,5,1,1,-0.8939608747512112,0.07698556180609341,1.0
sub159,NB,33.0,BB,0,7.189725499978522,1.9726529929761338,2,1,0,0.4580797247643127,0.23357892734819558,0.25
sub159,NB,5.0,EM,1,6.453520399983972,1.8646257803610111,3,1,1,0.2433418151727853,0.20870797895769438,0.5
sub159,NB,3.0,BB,1,4.511105900019174,1.5065423341026372,5,1,0,-0.3232258835375343,0.1430880983266808,1.0
sub159,NB,1.0,EM,1,4.144460400013486,1.4217725991753454,5,1,1,-0.43016984281321,0.13070184711989274,1.0
sub159,NB,23.0,EM,1,2.1175931000034325,0.7502801135213244,4,1,1,-1.0213709184737894,0.062228928345874734,0.75
sub159,NB,20.0,EM,1,4.782926499989117,1.5650525976532876,1,1,1,-0.24394065796399195,0.15227091451931185,0.0
sub159,NB,21.0,BB,1,3.919205999991391,1.365889082263538,5,1,0,-0.4958725376021982,0.12309215987686183,1.0
sub159,NB,12.0,EM,0,3.4606015000026673,1.2414424178919345,5,1,1,-0.6296392986006961,0.10759929131217026,1.0
sub159,NB,25.0,BB,0,16.16695090002031,2.7829690905653313,3,1,0,3.076576413188787,0.5368532589386574,0.5
sub159,NB,2.0,BB,1,3.89177029998973,1.3588641440799734,5,1,0,-0.503875042429427,0.12216530962982654,1.0
sub15,NB,7.0,EM,1,7.521309100004146,2.017740205258517,5,1,1,0.5547967525665689,0.24478069517544232,1.0
sub15,NB,8.0,BB,0,7.703713700000662,2.041702511292387,4,1,0,0.6080009242076246,0.2509428032520326,0.75
sub15,NB,34.0,BB,0,7.7864752000023145,2.0523882799488025,3,1,0,0.6321409790716097,0.253738704822501,0.5
sub15,NB,32.0,EM,1,4.277976200013654,1.4534800473005716,5,1,1,-0.3912256630055873,0.13521236269652387,1.0
sub15,NB,1.0,EM,0,4.0984040000184905,1.4105976296375213,5,1,1,-0.44360367403539225,0.12914594055616985,1.0
sub15,NB,25.0,BB,1,13.595076500001596,2.609707705137495,3,1,0,2.3264064776693627,0.44996856407551356,0.5
sub15,NB,20.0,EM,1,4.716538199980278,1.5510750982969117,4,1,1,-0.2633049421360777,0.1500281427927031,0.75
sub15,NB,12.0,EM,0,4.309559399989666,1.4608356715094937,3,1,1,-0.382013406338104,0.13627932642255086,0.5
sub15,NB,6.0,BB,1,5.65854100001161,1.7331660851361634,4,1,0,0.011460489548097664,0.18185147982671762,0.75
sub15,NB,29.0,BB,1,3.2905784000176936,1.1910633548018115,5,1,0,-0.679232007308249,0.10185546293479197,1.0
sub15,NB,3.0,BB,1,4.704587099986384,1.5485380114789464,5,1,0,-0.2667908650535189,0.1496244031403154,1.0
sub15,NB,9.0,EM,1,4.762678500002949,1.5608102200660297,2,1,1,-0.24984663877079588,0.15158688372046164,0.25
sub15,NB,4.0,EM,1,3.0375771000108216,1.111060191064143,5,1,1,-0.7530279784144214,0.09330841228919441,1.0
sub15,NB,28.0,EM,1,2.315148699999554,0.8394739187364763,5,1,1,-0.9637474701010721,0.0689028771297047,1.0
sub15,NB,17.0,BB,1,3.753486600005999,1.3226851680248137,5,1,0,-0.5442099337053883,0.11749372182695968,1.0
sub15,NB,15.0,BB,1,4.806526000000304,1.5699745778506833,3,1,0,-0.23705710431862184,0.153068167821176,0.5
sub15,NB,24.0,BB,0,3.536553800018737,1.2631527501644906,5,1,0,-0.6074853660427172,0.11016516016292058,1.0
sub15,NB,19.0,BB,1,4.766052199993283,1.5615183311959424,5,1,0,-0.24886259059791765,0.15170085619680723,1.0
sub15,NB,40.0,EM,1,4.515846399997827,1.5075926333081453,4,1,1,-0.32184316416240094,0.14324824490854382,0.75
sub15,NB,36.0,BB,1,5.370162699982757,1.6808582060101716,5,1,0,-0.07265432209910865,0.17210930089178333,1.0
sub15,NB,2.0,BB,1,4.023191599990241,1.392075517980776,5,1,0,-0.4655417909508382,0.1266050674768579,1.0
sub15,NB,23.0,EM,1,3.131092299998272,1.1413819213087608,3,1,1,-0.7257512608794744,0.09646760218428276,0.5
sub15,NB,39.0,BB,1,3.3532746999990195,1.209937390760862,5,1,0,-0.6609446137582546,0.10397350917098686,1.0
sub15,NB,31.0,EM,1,4.868519500014372,1.5827898867720585,5,1,1,-0.21897470499622929,0.15516247162239638,1.0
sub15,NB,18.0,EM,1,2.4043299999902956,0.8772712784627361,3,1,1,-0.9377348739715309,0.07191565646182826,0.5
sub15,NB,26.0,EM,1,3.039890199986985,1.1118213963405104,5,1,1,-0.7523532883673663,0.09338655490207451,1.0
sub15,NB,21.0,BB,1,5.284348200017121,1.6647492815398948,5,1,0,-0.09768488265268171,0.16921026093699654,1.0
sub15,NB,16.0,EM,1,8.835935499984771,2.17882698584639,3,1,1,0.9382498487591443,0.2891922393863567,0.5
sub15,NB,35.0,EM,1,3.0924560999847017,1.1289656295442,5,1,1,-0.7370207519839719,0.09516236953029855,1.0
sub15,NB,27.0,BB,1,3.5532525999879,1.2678634093577887,5,1,0,-0.6026146236394228,0.11072928963203105,1.0
sub15,NB,33.0,BB,1,7.194627100019716,1.973334511340876,5,1,0,0.4595094341571266,0.23374451631471638,1.0
sub15,NB,38.0,EM,1,4.1454306000086945,1.4220066673915948,2,1,1,-0.4298868527621246,0.13073462303248762,0.25
sub15,NB,13.0,BB,0,3.158073800004786,1.1499622847829358,3,1,0,-0.7178812380976634,0.09737910835853403,0.5
sub15,NB,14.0,BB,1,6.885333800018998,1.929393613215851,3,1,0,0.36929408969223354,0.2232957735636778,0.5
sub15,NB,5.0,EM,1,5.296391000010772,1.6670256452166279,5,1,1,-0.0941722124792686,0.169617098457032,1.0
sub15,NB,22.0,EM,0,1.8804536000243388,0.6315130243480288,5,1,1,-1.0905402851454786,0.05421773110563152,1.0
sub15,NB,30.0,EM,1,9.84242830000585,2.2867024590752467,4,1,1,1.231825864324711,0.32319421856976716,0.75
sub15,NB,37.0,BB,1,5.55581700001494,1.7148454869873286,5,1,0,-0.018502270862456687,0.17838119239947497,1.0
sub15,NB,11.0,EM,1,2.258630500000436,0.8147586561569425,5,1,1,-0.9802328219707839,0.06699354339198338,1.0
sub15,NB,10.0,BB,0,4.207896999985678,1.4369629979461223,5,1,0,-0.41166651694692175,0.13284490264068305,1.0
sub160,NB,2.0,BB,1,2.2748400999989826,0.8219097642180242,5,1,0,-0.9755047704821043,0.06754114639690348,1.0
sub160,NB,28.0,EM,1,6.215185399982147,1.8269955555687667,5,1,1,0.17382374244649262,0.20065639457619605,1.0
sub160,NB,26.0,EM,1,2.5451657000230625,0.9341957559471198,5,1,1,-0.8966556097541006,0.07667345755160744,1.0
sub160,NB,23.0,EM,1,3.934399999998277,1.369758392479353,5,1,1,-0.4914407185346088,0.12360545323766485,1.0
sub160,NB,38.0,EM,1,2.8845831000071485,1.0593803834546756,5,1,1,-0.7976536020905928,0.08813987178577237,1.0
sub160,NB,13.0,BB,0,3.886275199998636,1.3574511667695806,4,1,0,-0.5054778651823431,0.12197967067095468,0.75
sub160,NB,20.0,EM,1,2.7828567000105977,1.0234779900252944,4,1,1,-0.8273253803568567,0.08470328591549732,0.75
sub160,NB,3.0,BB,0,2.4715395999955945,0.9048412762930377,3,1,0,-0.9181310312248188,0.07418617386667971,0.5
sub160,NB,21.0,BB,1,3.369373199995607,1.2147267329986435,5,1,0,-0.6562489681605101,0.10451735892506026,1.0
sub160,NB,9.0,EM,1,3.6537798999925144,1.2957622207810329,5,1,1,-0.5732926014746332,0.11412536674460431,1.0
sub160,NB,12.0,EM,1,2.396770599996671,0.8741222479090018,5,1,1,-0.9399398162524376,0.07166028000884528,1.0
sub160,NB,6.0,BB,1,3.563840300019365,1.2708386994068916,5,1,0,-0.5995263801972681,0.11108697004073594,1.0
sub160,NB,30.0,EM,1,3.5584784999955446,1.2693330658661095,5,1,1,-0.6010903217249368,0.11090583430604242,1.0
sub160,NB,15.0,BB,1,8.399477200000547,2.1281694658172245,5,1,0,0.8109427396897043,0.2744475278194388,1.0
sub160,NB,10.0,BB,1,4.385953699995298,1.4784070936233566,5,1,0,-0.3597305502589505,0.13886012719774599,1.0
sub160,NB,27.0,BB,1,4.268644499999937,1.4512963295366645,5,1,0,-0.3939475536226121,0.13489711327834064,1.0
sub160,NB,31.0,EM,1,2.371077799994964,0.8633446197018093,5,1,1,-0.9474339482055585,0.07079230951685242,1.0
sub160,NB,32.0,EM,1,2.6359786999819335,0.969254536175874,5,1,1,-0.8701670758183159,0.07974136000865426,1.0
sub160,NB,19.0,BB,0,4.611727600015001,1.528602537352663,5,1,0,-0.29387632657737517,0.14648736451972844,1.0
sub160,NB,18.0,EM,1,5.470313099998748,1.699335854283661,3,1,1,-0.04344223494520488,0.17549264532950076,0.5
sub160,NB,22.0,EM,1,1.7308306000195444,0.5486014089092952,5,1,1,-1.1341826481881696,0.049163071865728464,1.0
sub160,NB,29.0,BB,0,6.171504800004186,1.819942697970998,3,1,0,0.16108288975606647,0.19918074879796654,0.5
sub160,NB,37.0,BB,1,3.2601729999878444,1.1817802614515212,5,1,0,-0.6881007207180749,0.10082828839478875,1.0
sub160,NB,24.0,BB,0,6.16387869999744,1.8187062384838113,1,1,0,0.15885849226982693,0.19892311904276655,0.0
sub160,NB,8.0,BB,0,4.711414500023238,1.549988181418031,1,1,0,-0.26479943411685447,0.1498550507057278,0.0
sub160,NB,14.0,BB,1,3.4920218999905046,1.2504809094326341,4,1,0,-0.6204745277889103,0.10866075522557182,0.75
sub160,NB,40.0,EM,1,2.9871386000013445,1.0943159392292354,5,1,1,-0.7677399901283413,0.0916044668388854,1.0
sub160,NB,34.0,BB,1,3.6320719000068493,1.289803256800496,3,1,0,-0.579624438266268,0.1133920132982502,0.5
sub160,NB,35.0,EM,1,3.5355585000070278,1.262871278384616,5,1,1,-0.607775677321371,0.11013153630562256,1.0
sub160,NB,11.0,EM,1,2.7039917000220157,0.9947290886575214,5,1,1,-0.8503288955968479,0.08203901838387138,1.0
sub160,NB,33.0,BB,1,3.1539415000006557,1.1486529404933272,5,1,0,-0.7190865563774451,0.09723950837459266,1.0
sub160,NB,25.0,BB,1,2.5846702000126243,0.9495979176209459,5,1,0,-0.885132851018417,0.07800802366700141,1.0
sub160,NB,7.0,EM,0,3.4074708000116516,1.225970315222898,5,1,1,-0.6451365770782423,0.10580439625176176,1.0
sub160,NB,16.0,EM,1,4.266081200010376,1.45069565409454,5,1,1,-0.3946952225553841,0.13481051824965878,1.0
sub160,NB,39.0,BB,0,8.57517279998865,2.148871144451138,3,1,0,0.86219001557268,0.2803829881955957,0.5
sub160,NB,1.0,EM,1,1.8447132000001147,0.61232381825492,5,1,1,-1.1009651229919206,0.05301032620655527,1.0
sub160,NB,5.0,EM,0,4.34857919998467,1.469849171055257,1,1,1,-0.3706320259542021,0.13759751809480442,0.0
sub160,NB,4.0,EM,1,4.436103100015316,1.4897763108806423,5,1,1,-0.3451028638606252,0.14055430608854924,1.0
sub160,NB,17.0,BB,0,3.3185843999963254,1.199538306456958,5,1,0,-0.6710631561396326,0.10280157941795419,1.0
sub160,NB,36.0,BB,1,4.9599823000025935,1.6014021721826046,5,1,0,-0.19229663597035043,0.15825232603684508,1.0
sub161,NB,28.0,EM,1,7.882005899999058,2.064582427313392,4,1,1,0.6600055820460632,0.2569659836193268,0.75
sub161,NB,37.0,BB,1,4.166721499990672,1.427129515551315,5,1,0,-0.4236766766094656,0.13145388574153838,1.0
sub161,NB,7.0,EM,1,4.7785740999970585,1.5641421965615006,5,1,1,-0.2452101754883987,0.15212387897775137,1.0
sub161,NB,30.0,EM,1,5.09907190001104,1.6290585427798476,5,1,1,-0.15172667801711612,0.16295113926632576,1.0
sub161,NB,1.0,EM,0,14.32785370000056,2.6622054539302167,3,1,1,2.540144529912243,0.47472370897065913,0.5
sub161,NB,10.0,BB,1,8.31660120000015,2.1182536617549665,2,1,0,0.7867692872163048,0.2716477581372724,0.25
sub161,NB,15.0,BB,1,3.127994200011017,1.1403919684649186,5,1,0,-0.7266549214422355,0.09636294020232662,1.0
sub161,NB,27.0,BB,1,2.9756587999872863,1.0904654598560632,5,1,0,-0.7710884432395271,0.09121664894182786,1.0
sub161,NB,29.0,BB,1,3.0010049999982584,1.098947232567558,5,1,0,-0.7636954083278086,0.0920729103727428,1.0
sub161,NB,5.0,EM,1,3.014762500009965,1.1035210542770606,5,1,1,-0.7596825907125256,0.09253767497811706,1.0
sub161,NB,4.0,EM,1,10.38224929998978,2.3400975498300656,4,1,1,1.38928203121491,0.3414307945331889,0.75
sub161,NB,12.0,EM,1,8.769736099988222,2.1713067147099303,2,1,1,0.918940663354727,0.2869558491999691,0.25
sub161,NB,6.0,BB,1,6.731143300014082,1.9067450103598353,5,1,0,0.3243194682855453,0.21808681213709136,1.0
sub161,NB,33.0,BB,1,4.329789600014919,1.465518949613234,5,1,0,-0.37611261746273017,0.13696275589181334,1.0
sub161,NB,40.0,EM,1,5.631742400000803,1.728418879173477,5,1,1,0.003643815436029277,0.18094615249631557,1.0
sub161,NB,24.0,BB,1,2.4055691999965347,0.8777865491501802,5,1,0,-0.9373734214104068,0.0719575199036883,1.0
sub161,NB,35.0,EM,1,7.53555219998816,2.01963211406323,3,1,1,0.5589512110411068,0.24526186462757704,0.5
sub161,NB,22.0,EM,1,7.303127699997276,1.988302708449394,4,1,1,0.4911571258517105,0.23740995251231983,0.75
sub161,NB,39.0,BB,1,8.213722999993479,2.1058062920528413,3,1,0,0.7567615494104472,0.2681722614273304,0.5
sub161,NB,18.0,EM,1,7.03006550000282,1.9501960229915185,3,1,1,0.4115097476744781,0.2281851917988867,0.5
sub161,NB,26.0,EM,0,4.039827300002798,1.3962019435352975,4,1,1,-0.4606894536805385,0.12716706526314764,0.75
sub161,NB,21.0,BB,1,3.429996900027618,1.2325593573954046,5,1,0,-0.6385661150850911,0.10656538727306888,1.0
sub161,NB,8.0,BB,1,3.9829672999912873,1.382027094271577,5,1,0,-0.47727450252349884,0.1252461846202661,1.0
sub161,NB,25.0,BB,1,6.933067900012247,1.9363024136542453,4,1,0,0.38321727610979467,0.22490835725456493,0.75
sub161,NB,32.0,EM,1,3.849816000001738,1.348025354950268,4,1,1,-0.5161123641728705,0.12074798281455633,0.75
sub161,NB,20.0,EM,1,3.5599809999985155,1.2697552077706282,4,1,1,-0.6006520692463795,0.11095659271566347,0.75
sub161,NB,17.0,BB,1,4.479281800013268,1.4994627210784337,4,1,0,-0.33250840645125845,0.14201299636280296,0.75
sub161,NB,23.0,EM,1,4.451558900007512,1.4932543494407426,1,1,1,-0.34059468240220614,0.1410764437427745,0.0
sub161,NB,14.0,BB,1,4.2299375999718904,1.442187241169683,5,1,0,-0.40523766666156336,0.13358949219155253,1.0
sub161,NB,38.0,EM,1,4.023348099988652,1.3921144166886097,4,1,1,-0.4654961426898982,0.1266103544592268,0.75
sub161,NB,19.0,BB,1,9.248718199989526,2.224484968948107,1,1,0,1.0586512071784542,0.30313712679393645,0.0
sub161,NB,16.0,EM,1,4.37307729999884,1.475466948926472,3,1,1,-0.36348636669967355,0.13842512847283944,0.5
sub161,NB,13.0,BB,0,3.3643054999993183,1.2132215524936512,5,1,0,-0.6577271259505718,0.10434615866433512,1.0
sub161,NB,34.0,BB,1,3.6181745999783743,1.2859696445091802,4,1,0,-0.5836780330554145,0.11292252587989617,0.75
sub161,NB,3.0,BB,1,2.8071717000275385,1.0321774640261419,5,1,0,-0.8202331281089511,0.0855247106931046,1.0
sub161,NB,11.0,EM,1,3.0900584000046365,1.1281899904089334,5,1,1,-0.7377201183447192,0.09508136890634124,1.0
sub161,NB,2.0,BB,1,3.281126099987887,1.1881866866411783,5,1,0,-0.6819890748010545,0.10153613933024944,1.0
sub161,NB,31.0,EM,1,6.843165500002215,1.92325041697707,2,1,1,0.3569943479535531,0.22187121726348324,0.25
sub161,NB,9.0,EM,1,3.485086200002115,1.248492778483957,5,1,1,-0.6224975478916939,0.10842644900239501,1.0
sub161,NB,36.0,BB,1,5.1255884999991395,1.634245347700221,3,1,0,-0.14399225828685167,0.1638469398928094,0.5
sub162,NB,31.0,EM,1,5.9911782999988645,1.790288103967369,3,1,1,0.1084848628537997,0.19308884441547142,0.5
sub162,NB,19.0,BB,1,4.035602099989774,1.395155509918136,2,1,0,-0.4619218692375751,0.12702432687208753,0.25
sub162,NB,2.0,BB,1,3.0275904000154696,1.107767055624579,5,1,0,-0.7559409208549661,0.09297103524551778,1.0
sub162,NB,18.0,EM,1,4.682944900006987,1.5439271641716872,2,1,1,-0.2731035091557831,0.14889327259157503,0.25
sub162,NB,23.0,EM,1,2.6668546999862883,0.9808997630206953,5,1,1,-0.8611610967813162,0.08078443265596288,1.0
sub162,NB,6.0,BB,1,5.2962249999982305,1.6669943026261753,5,1,0,-0.09422063172505422,0.16961149053915048,1.0
sub162,NB,12.0,EM,1,2.243882200011285,0.8082074907438679,4,1,1,-0.9845346382849095,0.06649530695232747,0.75
sub162,NB,20.0,EM,1,2.997185999993235,1.0976738484685609,3,1,1,-0.7648093425803897,0.09194389448840709,0.5
sub162,NB,22.0,EM,1,2.9593939000042155,1.0849844838569696,4,1,1,-0.7758326247483291,0.09066717775769913,0.75
sub162,NB,11.0,EM,1,2.734351599996444,1.0058943328116385,5,1,1,-0.8414734537424451,0.08306465581209671,1.0
sub162,NB,21.0,BB,1,3.688794499990763,1.30529971090696,4,1,0,-0.5630794665630942,0.11530825220611081,0.75
sub162,NB,38.0,EM,1,3.069406299997354,1.1214841552742965,4,1,1,-0.7437439679272226,0.09438368654385774,0.75
sub162,NB,40.0,EM,1,4.297342900012154,1.4579969014722145,2,1,1,-0.3855767417017348,0.13586662085931106,0.25
sub162,NB,35.0,EM,1,2.31414329999825,0.8390395542517506,5,1,1,-0.964040727366724,0.06886891206814179,1.0
sub162,NB,10.0,BB,1,1.7714722999953665,0.5718110087322517,5,1,0,-1.1223281884797014,0.050536055593508114,1.0
sub162,NB,36.0,BB,0,3.2284074000199325,1.171988950628733,2,1,0,-0.6973661802130996,0.0997551627163588,0.25
sub162,NB,8.0,BB,0,2.584347099997103,0.9494729035236082,5,1,0,-0.8852270935357841,0.07799710849701541,1.0
sub162,NB,37.0,BB,1,2.520423899986781,0.924427101657365,5,1,0,-0.9038723519627079,0.07583761434460574,1.0
sub162,NB,32.0,EM,1,2.3177154999866616,0.8405820022627545,4,1,1,-0.9629987802813804,0.06898959039752717,0.75
sub162,NB,27.0,BB,1,4.3298315000138246,1.465528626710747,2,1,0,-0.37610039597964506,0.13696417138419492,0.25
sub162,NB,25.0,BB,1,2.5820567999908235,0.9485862906297478,3,1,0,-0.8858951332378856,0.07791973612720247,0.5
sub162,NB,29.0,BB,0,2.2785178999765776,0.823525187726306,1,1,0,-0.9744320217615503,0.06766539217220989,0.0
sub162,NB,26.0,EM,1,2.359017099981429,0.8582450492256448,5,1,1,-0.9509518394958202,0.07038486728697359,1.0
sub162,NB,15.0,BB,1,2.29605370000354,0.8311918666870972,5,1,0,-0.9693171413554883,0.0682577977090093,1.0
sub162,NB,34.0,BB,1,3.874290999985533,1.3543626783190013,3,1,0,-0.5089734427855945,0.12157481281268999,0.5
sub162,NB,3.0,BB,1,2.416609600011725,0.8823655661314121,4,1,0,-0.9341531334494382,0.0723304937108384,0.75
sub162,NB,9.0,EM,1,2.2910550000087824,0.8290124101708787,4,1,1,-0.9707751730745805,0.06808892845017078,0.75
sub162,NB,7.0,EM,0,2.87509700001101,1.0560864128144263,1,1,1,-0.8004205284313123,0.0878194063292945,0.0
sub162,NB,13.0,BB,1,4.190651199984131,1.4328561395152841,2,1,0,-0.41669680951293786,0.13226229406897583,0.25
sub162,NB,4.0,EM,1,2.795983599993633,1.02818395882991,5,1,1,-0.823496497533585,0.08514674719009017,1.0
sub162,NB,28.0,EM,1,4.026892299996689,1.39299493703606,1,1,1,-0.46446236269991215,0.1267300868754871,0.0
sub162,NB,39.0,BB,1,3.1506625000038184,1.1476127481854546,4,1,0,-0.720042982249633,0.09712873511358917,0.75
sub162,NB,16.0,EM,1,3.2476546999823768,1.177933105066174,4,1,1,-0.691752085772234,0.10040538723127454,0.75
sub162,NB,33.0,BB,0,2.5516862999938894,0.9367544347269812,1,1,0,-0.8947536669299768,0.07689374060228278,0.0
sub162,NB,24.0,BB,1,2.6117354000161868,0.9600149046044872,5,1,0,-0.8772384144388761,0.07892235744772662,1.0
sub162,NB,14.0,BB,1,2.1271497999841813,0.7547829615633683,1,1,0,-1.0185833993755455,0.06255177885588406,0.0
sub162,NB,5.0,EM,1,2.35394170001382,0.8560912421821246,1,1,1,-0.9524322432303138,0.0702134069009256,0.0
sub162,NB,17.0,BB,1,6.230065299983835,1.8293868142827672,4,1,0,0.17816394413935932,0.20115907681107942,0.75
sub162,NB,30.0,EM,0,2.992132799990941,1.095986444150955,1,1,1,-0.7662832709805713,0.09177318407569075,0.0
sub162,NB,1.0,EM,0,4.767154899978777,1.5617496699214832,1,1,1,-0.24854095266061796,0.15173810830824963,0.0
sub163,NB,19.0,BB,1,6.309434399998281,1.8420460370361402,3,1,0,0.2013144963745846,0.20384037417002798,0.5
sub163,NB,31.0,EM,1,3.1651397999958135,1.1521972252354375,5,1,1,-0.715820211805862,0.09761781645917804,1.0
sub163,NB,24.0,BB,1,5.303851500008022,1.6684332547555734,5,1,0,-0.09199611756505369,0.16986913380750746,1.0
sub163,NB,14.0,BB,1,5.222332799981814,1.6529441986142661,4,1,0,-0.11577366982104378,0.16711521729534584,0.75
sub163,NB,5.0,EM,1,3.825504500011448,1.3416903540088916,4,1,1,-0.5232035955253673,0.11992667627707289,0.75
sub163,NB,20.0,EM,1,11.083254199998919,2.405435338558543,3,1,1,1.593752669685758,0.36511258740550784,0.5
sub163,NB,16.0,EM,1,4.360899899998913,1.4726784351459021,3,1,1,-0.36703829729654625,0.13801374380988213,0.5
sub163,NB,34.0,BB,1,4.5393296999973245,1.512779357980535,4,1,0,-0.3149935039899297,0.14404157266779255,0.75
sub163,NB,29.0,BB,1,3.2014492000162136,1.1636035822938129,4,1,0,-0.7052294067992667,0.09884444367760416,0.75
sub163,NB,10.0,BB,1,13.659728700004052,2.6144519930379504,2,1,0,2.3452643724042996,0.45215268576878265,0.25
sub163,NB,36.0,BB,1,4.606958999997005,1.5275679864127694,3,1,0,-0.2952672422332845,0.14632626864448467,0.5
sub163,NB,12.0,EM,1,5.643558300012955,1.7305147708311615,3,1,1,0.007090302927858478,0.18134532473702908,0.5
sub163,NB,23.0,EM,1,8.370173300005263,2.124674589186116,2,1,1,0.8023953142128731,0.27345756485337336,0.25
sub163,NB,3.0,BB,1,2.7782794999948237,1.02183185122029,5,1,0,-0.8286604680425802,0.08454865603672283,1.0
sub163,NB,22.0,EM,1,3.0261203000263777,1.1072813700373967,5,1,1,-0.7563697228267949,0.09292137139374895,1.0
sub163,NB,35.0,EM,1,3.570753300009528,1.2727765819384356,4,1,1,-0.5975099812794871,0.11132050939815163,0.75
sub163,NB,33.0,BB,1,4.888372799992794,1.5868594873719712,5,1,0,-0.21318385114871935,0.15583316841483663,1.0
sub163,NB,27.0,BB,1,4.185769600007916,1.4316905818993468,4,1,0,-0.4181206852431689,0.132097380757356,0.75
sub163,NB,8.0,BB,1,3.978663099987898,1.3809458583421306,4,1,0,-0.47852996097006284,0.12510077740134373,0.75
sub163,NB,9.0,EM,1,5.566113200009568,1.7166970006636102,3,1,1,-0.01549905278695171,0.17872902516874883,0.5
sub163,NB,13.0,BB,1,5.038036200014176,1.6170163632984456,4,1,0,-0.16952970414105806,0.1608891924737657,0.75
sub163,NB,6.0,BB,1,4.129366799985291,1.4181240780238142,5,1,0,-0.43457237699599294,0.13019194553495284,1.0
sub163,NB,2.0,BB,1,3.760942900000373,1.324669697240637,5,1,0,-0.5420350638571748,0.11774561529026974,1.0
sub163,NB,17.0,BB,1,3.9827556000091136,1.3819739415358163,4,1,0,-0.477336251636121,0.1252390328369778,0.75
sub163,NB,7.0,EM,1,3.3910175999917556,1.2211300533369789,4,1,1,-0.6499356823525605,0.1052485637961642,0.75
sub163,NB,18.0,EM,1,5.558519200014416,1.7153317418574507,5,1,1,-0.017714087271783426,0.1784724798365333,1.0
sub163,NB,28.0,EM,1,3.3835488999902736,1.2189251290728575,4,1,1,-0.6521141690618978,0.10499625142793641,0.75
sub163,NB,25.0,BB,0,5.688999600009993,1.7385344154591376,2,1,0,0.02034472044080087,0.18288045160185518,0.25
sub163,NB,15.0,BB,1,3.7124710000061896,1.3116976926521642,4,1,0,-0.5561734533885127,0.11610810677103535,0.75
sub163,NB,26.0,EM,0,6.268517799995607,1.8355399311640097,3,1,1,0.18937985322659223,0.2024581035949004,0.5
sub163,NB,21.0,BB,1,4.705019199987873,1.5486298537915828,4,1,0,-0.2666648291824619,0.1496390006170738,0.75
sub163,NB,39.0,BB,1,4.883726200001547,1.58590849407126,5,1,0,-0.21453918157068436,0.15567619402200172,1.0
sub163,NB,1.0,EM,1,6.675472000002628,1.8984399133972458,4,1,1,0.3080811420517404,0.21620608891277893,0.75
sub163,NB,38.0,EM,1,6.234239199984586,1.8300565508343376,4,1,1,0.17938139639690545,0.20130008215253464,0.75
sub163,NB,30.0,EM,1,3.4004387999884784,1.2239044821148835,5,1,1,-0.6471876861852492,0.10556683675963159,1.0
sub163,NB,40.0,EM,1,6.334368899988476,1.8459901876564382,4,1,1,0.20858744572612276,0.20468272728929282,0.75
sub163,NB,4.0,EM,1,5.664107300020987,1.7341493004247241,4,1,1,0.013084080077668607,0.1820395241098397,0.75
sub163,NB,11.0,EM,1,2.5781631999998353,0.9470772074007716,4,1,1,-0.8870308269771121,0.0777882000587484,0.75
sub163,NB,32.0,EM,1,3.9122624000010546,1.3641158255879904,5,1,1,-0.49789786199478336,0.12285758677080046,1.0
sub163,NB,37.0,BB,1,2.820129999978235,1.036782983170545,5,1,0,-0.8164534229109117,0.08596247621429536,1.0
sub164,NB,12.0,EM,1,10.531897699984256,2.3544085283305516,5,1,1,1.4329318029820008,0.3464863118516797,1.0
sub164,NB,11.0,EM,1,8.567546299978858,2.147981378893123,5,1,1,0.8599655014126795,0.28012534492723873,1.0
sub164,NB,20.0,EM,1,8.359142799978144,2.123355885951665,5,1,1,0.799177913902022,0.27308492549390967,1.0
sub164,NB,25.0,BB,1,11.497771299997112,2.4421532165873066,5,1,0,1.7146599216787326,0.37911606741550996,1.0
sub164,NB,29.0,BB,1,10.743306300020777,2.3742828908688334,5,1,0,1.4945959246267027,0.3536282514835233,1.0
sub164,NB,21.0,BB,1,8.312347200000659,2.1177420238582143,5,1,0,0.7855284712163886,0.27150404680677315,1.0
sub164,NB,40.0,EM,1,12.303026399982627,2.5098452808924105,5,1,1,1.9495384858996083,0.40631970677236307,1.0
sub164,NB,10.0,BB,1,9.603218500007642,2.2620983027040373,5,1,0,1.1620526280271053,0.3151130811390409,1.0
sub164,NB,16.0,EM,0,22.99464920000173,3.1352615453852724,5,1,1,5.068094347892704,0.7675109004654658,1.0
sub164,NB,37.0,BB,1,4.976302700000815,1.6046871855804206,5,1,0,-0.18753626609605642,0.15880367215774416,1.0
sub164,NB,17.0,BB,1,3.0863661999756005,1.1269944118313682,5,1,0,-0.7387970673036912,0.09495663665934886,1.0
sub164,NB,15.0,BB,1,9.677818700001808,2.269836534986504,5,1,0,1.1838121771011005,0.3176332724878779,1.0
sub164,NB,36.0,BB,1,6.559021399996709,1.8808414149982577,5,1,0,0.27411457700602787,0.21227208076367543,1.0
sub164,NB,27.0,BB,1,4.963736699981382,1.6021588240301463,5,1,0,-0.191201544394346,0.1583791595620549,1.0
sub164,NB,7.0,EM,1,5.4121835000114515,1.6886526158703734,5,1,1,-0.060397603478723756,0.17352887425367525,1.0
sub164,NB,35.0,EM,1,6.670029800006887,1.8976243276847014,5,1,1,0.30649374928486994,0.21602223705515683,1.0
sub164,NB,9.0,EM,0,11.845858000015141,2.47197827061554,5,1,1,1.8161906096881448,0.39087535345092644,1.0
sub164,NB,39.0,BB,1,5.2107287000108045,1.6507197116300563,5,1,0,-0.11915837901483246,0.16672320021817627,1.0
sub164,NB,13.0,BB,1,9.35010159999365,2.235387209551039,5,1,0,1.0882229384586755,0.3065621252205635,1.0
sub164,NB,22.0,EM,1,5.373677900002804,1.6815125716651282,5,1,1,-0.07162900088888265,0.17222805361202603,1.0
sub164,NB,38.0,EM,1,4.0247182000020985,1.392454895997704,5,1,1,-0.4650965089291148,0.12665664004828958,1.0
sub164,NB,2.0,BB,1,5.366154399991501,1.6801115253486074,5,1,0,-0.07382347178463017,0.1719738899550527,1.0
sub164,NB,33.0,BB,1,3.690053900005296,1.3056410649932595,5,1,0,-0.562712122019485,0.11535079805748386,1.0
sub164,NB,32.0,EM,1,3.7779742999991868,1.3291879665149382,5,1,1,-0.5370673079516677,0.11832098086487879,1.0
sub164,NB,34.0,BB,1,3.9115914999856614,1.3639443244261298,5,1,0,-0.4980935515748359,0.12283492200026551,1.0
sub164,NB,28.0,EM,1,3.1650421999802347,1.1521663888343399,5,1,1,-0.7158486799913196,0.09761451927344761,1.0
sub164,NB,24.0,BB,1,23.684084899985464,3.164803299361022,5,1,0,5.269190456862031,0.790801855272749,1.0
sub164,NB,14.0,BB,1,5.650613500009058,1.7317641233359256,5,1,0,0.009148179053580022,0.18158366798538345,1.0
sub164,NB,1.0,EM,0,6.302698000014061,1.8409777956934137,5,1,1,0.19934960853178843,0.20361280082620498,1.0
sub164,NB,26.0,EM,1,3.2682671999791637,1.184259936194906,5,1,1,-0.6857397868071791,0.10110173180104604,1.0
sub164,NB,6.0,BB,1,3.1290454999834765,1.140728005962764,5,1,0,-0.7263482759728667,0.09639845588587483,1.0
sub164,NB,23.0,EM,1,8.91958230000455,2.188249118141733,5,1,1,0.9626481298636907,0.2920180487244581,1.0
sub164,NB,3.0,BB,1,2.0991550000035204,0.7415348828017349,5,1,0,-1.0267489837043209,0.06160604073816853,1.0
sub164,NB,5.0,EM,1,5.997378000000026,1.7913223737157324,5,1,1,0.11029320487473092,0.1932982866195075,1.0
sub164,NB,30.0,EM,1,9.391920199996093,2.2398497664563832,5,1,1,1.1004206789343056,0.30797486773271326,1.0
sub164,NB,31.0,EM,1,5.126825099985581,1.6344865787001954,5,1,1,-0.14363156410517416,0.16388871549914885,1.0
sub165,NB,14.0,BB,1,3.0724451999994926,1.1224737266601001,5,1,0,-0.7428575749452645,0.0944863485943076,1.0
sub165,NB,28.0,EM,1,3.8474099000159185,1.347400168657065,5,1,1,-0.5168141806656209,0.12066669841626822,1.0
sub165,NB,13.0,BB,0,3.7567216999887023,1.3235466887852436,5,1,0,-0.5432663126850905,0.11760301202979649,1.0
sub165,NB,6.0,BB,1,5.483393300004536,1.7017241246545118,5,1,0,-0.039626973673172305,0.1759345289557943,1.0
sub165,NB,36.0,BB,1,4.945482400013134,1.5984745134032616,3,1,0,-0.1965259984306836,0.15776248120378433,0.5
sub165,NB,40.0,EM,1,2.9967687999887858,1.0975346415445701,5,1,1,-0.7649310323878056,0.09192980037281451,1.0
sub165,NB,39.0,BB,1,4.502301100001205,1.5045886216343987,5,1,0,-0.3257940868143715,0.14279064897888732,1.0
sub165,NB,23.0,EM,1,4.1203100999991875,1.4159284275191113,4,1,1,-0.43721405500505317,0.12988598634240672,0.75
sub165,NB,32.0,EM,1,2.421992300020065,0.88459046594338,5,1,1,-0.9325830957686916,0.07251233550208647,1.0
sub165,NB,37.0,BB,1,2.500835000013467,0.9166246761139568,5,1,0,-0.9095860850399416,0.0751758496811083,1.0
sub165,NB,18.0,EM,1,4.263744200026849,1.4501476944511944,4,1,1,-0.3953768838087246,0.13473156823154658,0.75
sub165,NB,1.0,EM,1,8.04828990000533,2.0854596340810607,5,1,1,0.7085076619150137,0.2625834953458181,1.0
sub165,NB,30.0,EM,1,4.386351099994499,1.4784976969501982,4,1,1,-0.3596146357602588,0.13887355241698257,0.75
sub165,NB,33.0,BB,1,3.805552900012117,1.3364612895647365,5,1,0,-0.5290231217374166,0.11925265865087749,1.0
sub165,NB,20.0,EM,1,2.217503799998667,0.7963821488410163,5,1,1,-0.9922287475448435,0.06560417508521235,1.0
sub165,NB,4.0,EM,1,2.043645199999446,0.7147350760609174,5,1,1,-1.0429402032636623,0.05973077340970448,1.0
sub165,NB,16.0,EM,0,11.032050500012701,2.400804718074133,3,1,1,1.5788174627733453,0.36338279148346203,0.5
sub165,NB,9.0,EM,1,3.6393998000130523,1.291818777946477,5,1,1,-0.5774870204067076,0.11363956907158888,1.0
sub165,NB,21.0,BB,1,1.6981834000034723,0.529559091481453,5,1,0,-1.1437052547084445,0.04806016341440137,1.0
sub165,NB,11.0,EM,1,2.0713603000040166,0.7282055412093176,5,1,1,-1.0348562024340762,0.06066706252513761,1.0
sub165,NB,12.0,EM,1,1.8592577000090387,0.6201773220524459,5,1,1,-1.0967227515006157,0.0535016777458074,1.0
sub165,NB,29.0,BB,1,2.7817788000102155,1.0230905792006824,5,1,0,-0.8276397845803977,0.08466687161290715,1.0
sub165,NB,15.0,BB,1,3.583371700020507,1.2763041728307098,5,1,0,-0.5938294188373533,0.11174679220364439,1.0
sub165,NB,22.0,EM,1,1.8817972000106238,0.6322272776579853,5,1,1,-1.090148380970427,0.05426312145394155,1.0
sub165,NB,10.0,BB,1,5.027335799997672,1.6148901817628696,5,1,0,-0.1726508201607027,0.16052770476256922,1.0
sub165,NB,27.0,BB,1,8.97766859998228,2.1947402272238232,5,1,0,0.9795908685559609,0.2939803570118525,1.0
sub165,NB,7.0,EM,0,3.7449863999790978,1.3204179854483293,5,1,1,-0.5466892905923484,0.11720656266957326,1.0
sub165,NB,24.0,BB,1,4.676727099984419,1.542598527668773,5,1,0,-0.2749171306304434,0.14868321892111702,1.0
sub165,NB,31.0,EM,1,3.5082191999827046,1.255108558299718,3,1,1,-0.6157500639929143,0.10920794270386347,0.5
sub165,NB,8.0,BB,0,2.750064299994847,1.0116242932214374,5,1,0,-0.8368903391297905,0.08359547222553722,1.0
sub165,NB,2.0,BB,1,4.406037799984915,1.4829758275500944,5,1,0,-0.35387237616068695,0.13953862102278897,1.0
sub165,NB,26.0,EM,1,4.27021839999361,1.4516649734720295,5,1,1,-0.3934884750390082,0.13495028376780716,1.0
sub165,NB,5.0,EM,1,2.0835553999932017,0.7340757613964141,5,1,1,-1.0312991090657244,0.061079045140376584,1.0
sub165,NB,17.0,BB,1,2.8213457000092603,1.037213969711831,5,1,0,-0.816098824873823,0.08600354576506346,1.0
sub165,NB,3.0,BB,1,2.0339818999927957,0.7099953988615018,5,1,0,-1.0457588156900084,0.0594043216698984,1.0
sub165,NB,35.0,EM,1,4.6165819999878295,1.5296546044442532,5,1,1,-0.29246038460346874,0.14665135894355402,1.0
sub165,NB,38.0,EM,1,4.376560899981996,1.4762632333184904,5,1,1,-0.36247026265714316,0.1385428136605607,1.0
sub165,NB,25.0,BB,1,6.536331200011773,1.8773760294702744,5,1,0,0.2674962499759449,0.21150554601296578,1.0
sub165,NB,34.0,BB,1,6.42299799999455,1.859884986893784,3,1,0,0.23443897495951654,0.20767685185072815,0.5
sub165,NB,19.0,BB,0,9.90880050000851,2.293423301662714,3,1,0,1.2511854524118728,0.3254364463957391,0.5
sub166,NB,32.0,EM,1,3.6988292999740224,1.3080163641709988,5,1,1,-0.560152494213147,0.11564725419413628,1.0
sub166,NB,34.0,BB,1,7.256093800009694,1.9818416399632506,5,1,0,0.4774381752992828,0.23582102342285305,1.0
sub166,NB,23.0,EM,1,8.90544289999525,2.1866626516076053,5,1,1,0.9585239188239985,0.2915403825307486,1.0
sub166,NB,35.0,EM,0,6.821521799982293,1.920082584791144,4,1,1,0.35068126631619606,0.2211400360394209,0.75
sub166,NB,16.0,EM,1,8.880965099990135,2.1839102335298928,3,1,1,0.9513841807203954,0.29071345794051584,0.5
sub166,NB,26.0,EM,1,2.209150699985912,0.7926081430191032,5,1,1,-0.99466519797878,0.06532198535395477,1.0
sub166,NB,39.0,BB,1,4.921124600019539,1.5935370816241634,5,1,0,-0.20363073466914738,0.1569396105301754,1.0
sub166,NB,12.0,EM,1,8.791768199997023,2.173815851876261,3,1,1,0.9253670343481314,0.2877001515992017,0.5
sub166,NB,14.0,BB,1,4.631668299989542,1.5329171271688735,3,1,0,-0.288059979708335,0.1471610139143617,0.5
sub166,NB,21.0,BB,1,9.036080399993807,2.201225496307851,4,1,0,0.9966285498081643,0.29595366154817493,0.75
sub166,NB,36.0,BB,1,2.7136049999971874,0.9982780091834675,5,1,0,-0.8475248672887583,0.08236378099084962,1.0
sub166,NB,5.0,EM,1,4.134288500004914,1.4193152459568643,4,1,1,-0.4331368047976231,0.13035821353171412,0.75
sub166,NB,11.0,EM,1,3.1255606000195257,1.1396136591057913,5,1,1,-0.7273647591966312,0.09628072678137647,1.0
sub166,NB,1.0,EM,1,11.061265700001968,2.4034494289680137,3,1,1,1.5873390160389231,0.3643697579295741,0.5
sub166,NB,13.0,BB,1,4.079235799988965,1.4059096669482263,4,1,0,-0.4491946964352685,0.1284983882454392,0.75
sub166,NB,37.0,BB,1,3.2236472999793477,1.1705134203905216,5,1,0,-0.6987546165770548,0.0995943539927519,1.0
sub166,NB,6.0,BB,1,3.891229000000749,1.358725046035893,3,1,0,-0.5040329299910544,0.12214702308971721,0.5
sub166,NB,25.0,BB,0,8.375194400025066,2.1252742893850285,2,1,0,0.8038598796201359,0.2736271908440885,0.25
sub166,NB,20.0,EM,1,2.7629359000129625,1.016293846255941,4,1,1,-0.8331359227572214,0.08403030879452607,0.75
sub166,NB,30.0,EM,1,3.6691597000171896,1.2999626712771164,4,1,1,-0.568806587852534,0.11464493691964488,0.75
sub166,NB,19.0,BB,1,2.5033849999890663,0.9176438160383847,5,1,0,-0.9088422954842558,0.07526199540026915,1.0
sub166,NB,28.0,EM,1,3.4321522999962326,1.2331875570968889,5,1,1,-0.637937423320259,0.10663820236410901,1.0
sub166,NB,18.0,EM,0,12.360685699997703,2.514520927836826,2,1,1,1.9663566763112743,0.4082675898757509,0.25
sub166,NB,29.0,BB,1,4.04229780001333,1.3968132926685772,4,1,0,-0.4599688528480921,0.12725052526398317,0.75
sub166,NB,17.0,BB,1,4.626301100011915,1.5317576503231356,3,1,0,-0.28962549630631007,0.1469796957549982,0.5
sub166,NB,10.0,BB,1,3.932124400016619,1.3691798396320172,4,1,0,-0.4921044705014607,0.12352857747342245,0.75
sub166,NB,40.0,EM,1,2.81995810000808,1.0367220266864756,5,1,1,-0.8165035630692049,0.08595666898029754,1.0
sub166,NB,33.0,BB,1,4.598187499999767,1.5256622041089056,5,1,0,-0.2978257324874308,0.14602994425914667,1.0
sub166,NB,8.0,BB,1,6.5187974000000395,1.8746899110732098,2,1,0,0.26238195293868793,0.2109132080419514,0.25
sub166,NB,4.0,EM,1,4.0015066000050865,1.3866709402063566,4,1,1,-0.4718669190521498,0.12587249103113263,0.75
sub166,NB,2.0,BB,1,9.721674899978098,2.2743579184404172,3,1,0,1.196604249182109,0.3191148504968076,0.5
sub166,NB,3.0,BB,1,2.506591199984541,0.9189237424512865,5,1,0,-0.9079071040752779,0.07537030928537762,1.0
sub166,NB,15.0,BB,1,3.4773722999962047,1.2462769223572183,5,1,0,-0.6247475550732247,0.10816585313184493,1.0
sub166,NB,22.0,EM,1,3.54813560002367,1.2664222824384566,5,1,1,-0.6041071613516809,0.11055642388846924,1.0
sub166,NB,38.0,EM,1,3.0575841999961995,1.1176251270376811,4,1,1,-0.7471922638453692,0.09398430485117695,0.75
sub166,NB,24.0,BB,1,3.805555600003572,1.3364619990517856,5,1,0,-0.5290223341980189,0.11925274986370409,1.0
sub166,NB,31.0,EM,1,5.071354099985911,1.6236078628084178,2,1,1,-0.15981146639458918,0.16201475893708278,0.25
sub166,NB,7.0,EM,1,9.903312200010987,2.29286926684361,3,1,1,1.2495846130959158,0.32525103715856996,0.5
sub166,NB,27.0,BB,1,13.14316529998905,2.575901874457154,3,1,0,2.194592033009293,0.43470181282279236,0.5
sub166,NB,9.0,EM,1,6.102972899971064,1.8087760131086295,1,1,1,0.14109335565265277,0.19686556061353344,0.0
sub167,NB,14.0,BB,1,10.311681199993473,2.3332773497200368,3,1,0,1.3686985738642814,0.3390468181480255,0.5
sub167,NB,8.0,BB,1,4.639479199977359,1.5346021185544385,5,1,0,-0.28578167936047727,0.14742488669992349,1.0
sub167,NB,27.0,BB,1,4.76701600002707,1.5617205326313772,5,1,0,-0.24858146730154107,0.15173341590183953,1.0
sub167,NB,6.0,BB,1,3.2692858000227716,1.184571551275304,5,1,0,-0.6854426793243922,0.10113614279482389,1.0
sub167,NB,39.0,BB,1,6.077282700018259,1.8045576717385245,5,1,0,0.13359998208746743,0.19599767795804435,1.0
sub167,NB,4.0,EM,0,9.014072299993131,2.1987869450919733,5,1,1,0.9902091791894856,0.2952101699324637,1.0
sub167,NB,5.0,EM,1,9.119037900003605,2.2103643051007604,4,1,1,1.0208257743820974,0.29875618451543495,0.75
sub167,NB,11.0,EM,1,2.4743455999996513,0.9059759570191978,5,1,1,-0.9173125710223705,0.07428096794143572,1.0
sub167,NB,12.0,EM,1,3.752846799994586,1.3225146986414626,5,1,1,-0.5443965519684355,0.11747210769651666,1.0
sub167,NB,34.0,BB,1,3.5701947000052314,1.2726201321210064,5,1,0,-0.5976729149473214,0.11130163841793443,1.0
sub167,NB,13.0,BB,1,8.332076600025175,2.120112716830443,3,1,0,0.7912831856550566,0.27217055793225836,0.5
sub167,NB,21.0,BB,1,5.78132729997742,1.7546332929961148,5,1,0,0.04727506537938637,0.1859995246168622,1.0
sub167,NB,10.0,BB,1,2.451210800005356,0.8965821065618356,5,1,0,-0.9240605799530746,0.0734994134307607,1.0
sub167,NB,40.0,EM,1,4.386714400025085,1.4785805186345438,5,1,1,-0.35950866761480177,0.1388858256494161,1.0
sub167,NB,30.0,EM,1,4.912697099993238,1.5918230985265365,3,1,1,-0.2060888862613378,0.15665490737039478,0.5
sub167,NB,19.0,BB,1,2.243109100003494,0.8078628945707311,5,1,0,-0.984760137781693,0.06646918959672289,1.0
sub167,NB,2.0,BB,1,2.427622599992901,0.8869124245395001,5,1,0,-0.9309408375901636,0.0727025418726325,1.0
sub167,NB,20.0,EM,1,2.464082499995129,0.9018195272516393,5,1,1,-0.9203061344205543,0.07393425337705561,1.0
sub167,NB,24.0,BB,1,2.5122260999924038,0.9211692525142384,5,1,0,-0.9062635041484983,0.07556067105722927,1.0
sub167,NB,1.0,EM,1,4.803886199981207,1.5694252153404067,5,1,1,-0.23782708694689306,0.15297898841989682,1.0
sub167,NB,3.0,BB,1,6.174980900017545,1.8205057893946894,5,1,0,0.16209680619104527,0.1992981806169435,1.0
sub167,NB,26.0,EM,1,5.4236131999932695,1.6907622354096172,5,1,1,-0.057063763654234524,0.1739149996396157,1.0
sub167,NB,7.0,EM,1,3.7856223999988288,1.3312103119438783,5,1,1,-0.5348364934595075,0.11857935383781514,1.0
sub167,NB,29.0,BB,1,2.6907061000238173,0.9898036498842612,5,1,0,-0.854204068386745,0.08159019580454603,1.0
sub167,NB,28.0,EM,1,3.6570808999822475,1.296665260875592,5,1,1,-0.5723297585965247,0.11423688322334415,1.0
sub167,NB,25.0,BB,1,3.150678899983177,1.1476179534198063,5,1,0,-0.7200381986678773,0.09712928914811059,1.0
sub167,NB,37.0,BB,1,2.462972000008449,0.9013687508271107,5,1,0,-0.9206300474792154,0.07389673776101793,1.0
sub167,NB,18.0,EM,1,2.196118199994089,0.786691347332684,5,1,1,-0.9984665460066819,0.06488171315983626,1.0
sub167,NB,35.0,EM,1,2.59358709998196,0.9530418981983334,5,1,1,-0.8825319501832203,0.07830926004656771,1.0
sub167,NB,36.0,BB,1,10.226374300022144,2.324970098767342,2,1,0,1.343816071184373,0.33616492625871874,0.25
sub167,NB,31.0,EM,1,2.9219927999947686,1.072265849257973,5,1,1,-0.7867418591892638,0.0894036700366988,1.0
sub167,NB,22.0,EM,1,2.6625549999880604,0.9792861880946959,5,1,1,-0.862415242656558,0.08063917745907365,1.0
sub167,NB,32.0,EM,1,1.7598296999931335,0.5652170430008395,5,1,1,-1.125724127446585,0.05014273788382514,1.0
sub167,NB,38.0,EM,1,3.223609900014708,1.1705018185686988,5,1,1,-0.6987655254803288,0.09959309052338668,1.0
sub167,NB,16.0,EM,0,5.213478000019677,1.6512471954284371,4,1,1,-0.11835645719067012,0.16681607881767413,0.75
sub167,NB,17.0,BB,1,11.01283500000136,2.399061410777042,2,1,0,1.5732126438115885,0.36273364125469654,0.25
sub167,NB,9.0,EM,1,2.9866479999909643,1.0941516882961728,5,1,1,-0.7678830894096087,0.09158789307766228,1.0
sub167,NB,15.0,BB,1,5.1363805000146385,1.6363486485373258,5,1,0,-0.14084442417967535,0.16421152209336431,1.0
sub167,NB,33.0,BB,1,3.6455038000131026,1.2934945726484166,5,1,0,-0.5757065923708693,0.11384577827739036,1.0
sub167,NB,23.0,EM,1,3.969286000006832,1.3785862296595748,3,1,1,-0.4812650939486034,0.12478399425262145,0.5
sub168,NB,35.0,EM,1,5.93011079999269,1.7800428974881455,5,1,1,0.09067256123377068,0.19102582333479462,1.0
sub168,NB,27.0,BB,1,9.56932319997577,2.258562481958348,5,1,0,1.1521659729715021,0.31396800858007673,1.0
sub168,NB,12.0,EM,1,7.454644499986898,2.008837260961225,5,1,1,0.5353518766052844,0.24252858930641935,1.0
sub168,NB,14.0,BB,1,8.352698899980169,2.122584708192442,5,1,0,0.7972983430932998,0.2728672335704438,1.0
sub168,NB,20.0,EM,1,7.992901899997378,2.078553885329153,5,1,1,0.6923519692442469,0.26071234274220123,1.0
sub168,NB,39.0,BB,1,11.962718299997505,2.4817950053061937,5,1,0,1.8502766769167436,0.3948232023449118,1.0
sub168,NB,15.0,BB,1,7.433392599981744,2.005982362857893,5,1,0,0.5291530760509432,0.24181064411936182,1.0
sub168,NB,19.0,BB,1,8.313656999991508,2.117899584265129,3,1,0,0.785910516535037,0.2715482953021646,0.5
sub168,NB,40.0,EM,1,6.095001699985005,1.807469041847881,5,1,1,0.13876829865161455,0.19659627247159434,1.0
sub168,NB,24.0,BB,1,4.1260966999980155,1.417331851116551,5,1,0,-0.4355262068939767,0.13008147293972638,1.0
sub168,NB,13.0,BB,1,7.752867099974537,2.048062723335036,2,1,0,0.6223380951397254,0.2526033346365299,0.25
sub168,NB,3.0,BB,1,2.7491336000093725,1.011285807496325,5,1,0,-0.8371618077318677,0.08356403072736511,1.0
sub168,NB,5.0,EM,1,11.267041299986886,2.4218817647461712,4,1,1,1.647360091940232,0.3713213999750954,0.75
sub168,NB,2.0,BB,1,4.471843600011198,1.4978007620773581,5,1,0,-0.33467799685423194,0.14176171436493157,1.0
sub168,NB,1.0,EM,1,6.087020899984054,1.8061587830501764,5,1,1,0.13644044149729045,0.19632666001585336,1.0
sub168,NB,21.0,BB,1,7.560475900012534,2.022934137947298,5,1,0,0.5662210102350541,0.24610385289553544,1.0
sub168,NB,30.0,EM,1,9.311916200007545,2.2312948918085063,4,1,1,1.0770849376896054,0.3052721217794951,0.75
sub168,NB,33.0,BB,1,4.55280470001162,1.5157434606405484,5,1,0,-0.3110630865901628,0.14449679367878532,1.0
sub168,NB,31.0,EM,1,2.6339799000124913,0.9684959723172167,5,1,1,-0.8707500901537678,0.07967383527827232,1.0
sub168,NB,4.0,EM,1,6.107946000003722,1.8095905464534745,5,1,1,0.14254392031895338,0.19703356503818897,1.0
sub168,NB,26.0,EM,1,5.605678399995668,1.723780083989597,4,1,1,-0.003958588943861263,0.18006564188998786,0.75
sub168,NB,9.0,EM,1,12.17178590002004,2.499120642331887,2,1,1,1.9112579705704948,0.401886056827073,0.25
sub168,NB,18.0,EM,1,6.3549673999950755,1.8492367748084448,5,1,1,0.2145956611434989,0.20537859890250176,1.0
sub168,NB,32.0,EM,1,2.235744999983581,0.8045745058483086,5,1,1,-0.9869081145402224,0.06622041089152361,1.0
sub168,NB,28.0,EM,1,2.1682053999975324,0.7738998207859675,5,1,1,-1.0066082124012117,0.06393874521767737,1.0
sub168,NB,29.0,BB,1,6.6558793999720365,1.8955005843601707,5,1,0,0.30236632973372835,0.21554419925159596,1.0
sub168,NB,11.0,EM,1,2.704882899997756,0.9950586211572401,5,1,1,-0.8500689484437789,0.08206912546762075,1.0
sub168,NB,25.0,BB,1,5.752624600019772,1.749656202844005,5,1,0,0.038902999241045504,0.18502987177240354,1.0
sub168,NB,17.0,BB,1,9.271137700008694,2.226906101282174,5,1,0,1.0651905758519924,0.30389451658643,1.0
sub168,NB,23.0,EM,1,4.323136299994076,1.4639811342178606,5,1,1,-0.3780532665269269,0.13673798988374553,1.0
sub168,NB,16.0,EM,1,3.8756586000090465,1.3547156096561832,5,1,1,-0.5085745382273283,0.12162101394550463,1.0
sub168,NB,37.0,BB,1,2.7952577999967616,1.0279243384883703,5,1,0,-0.8237082004599989,0.08512222775350362,1.0
sub168,NB,36.0,BB,1,11.528269900009036,2.4448022709846566,3,1,0,1.7235558198626453,0.38014639049651655,0.5
sub168,NB,34.0,BB,1,4.423675900005037,1.4869710020438938,4,1,0,-0.34872765666945377,0.14013448252294725,0.75
sub168,NB,7.0,EM,1,4.427053999999771,1.4877343515522246,5,1,1,-0.34774232509369357,0.14024860364303676,1.0
sub168,NB,38.0,EM,1,9.417856399988523,2.242607504305303,4,1,1,1.1079858063276955,0.3088510609178219,0.75
sub168,NB,10.0,BB,1,2.421101199986879,0.8842224779855837,5,1,0,-0.9328430137702984,0.07248223179465994,1.0
sub168,NB,22.0,EM,1,8.471512700023595,2.136709087761875,5,1,1,0.8319542114812531,0.27688107684452773,1.0
sub168,NB,6.0,BB,1,2.867129099991871,1.0533112155323088,5,1,0,-0.8027446228908004,0.08755022966893429,1.0
sub168,NB,8.0,BB,0,3.203299099986907,1.1641812474683007,5,1,0,-0.7046898239402739,0.09890693817363393,1.0
sub169,NB,15.0,BB,1,13.181519199977629,2.57881578798397,3,1,0,2.205779182226666,0.43599750863799036,0.5
sub169,NB,33.0,BB,1,8.113102300005266,2.0934803227264127,5,1,0,0.7274122841346905,0.2647730290171753,1.0
sub169,NB,7.0,EM,1,13.884530300012557,2.630775292315688,3,1,1,2.410834993497544,0.45974707623409594,0.5
sub169,NB,35.0,EM,1,5.4747798000171315,1.7001520557187986,5,1,1,-0.04213937813977495,0.17564354222716405,1.0
sub169,NB,37.0,BB,1,3.2700439000036567,1.1848034098966174,5,1,0,-0.6852215550681791,0.1011617534099902,1.0
sub169,NB,16.0,EM,0,19.654783500009216,2.9783207438047232,3,1,1,4.093915034630482,0.6546814356107207,0.5
sub169,NB,28.0,EM,1,2.8062039999931585,1.0318326803894566,5,1,1,-0.8205153889660084,0.08549201923577467,1.0
sub169,NB,17.0,BB,1,4.21584790002089,1.4388507337431362,5,1,0,-0.4093473810798309,0.1331135049967863,1.0
sub169,NB,6.0,BB,1,5.995804200007115,1.7910599246049461,5,1,0,0.10983415545956729,0.19324511950833023,1.0
sub169,NB,36.0,BB,1,3.656511299981503,1.296509496106017,5,1,0,-0.5724959007673194,0.11421764063425878,1.0
sub169,NB,31.0,EM,1,2.89570459999959,1.0632284665582619,5,1,1,-0.7944096587113405,0.08851558536387583,1.0
sub169,NB,4.0,EM,0,28.61946230000467,3.3540869863908336,2,1,1,6.708752103383141,0.957531909987709,0.25
sub169,NB,30.0,EM,1,7.164634800021304,1.9691570899910729,4,1,1,0.4507612146656444,0.23273129738241277,0.75
sub169,NB,13.0,BB,0,10.00362220001989,2.302947247410207,2,1,0,1.2788432527239182,0.32863977330464,0.25
sub169,NB,27.0,BB,1,4.804070200014394,1.569463516936615,5,1,0,-0.23777341741581867,0.15298520442591096,1.0
sub169,NB,9.0,EM,1,10.633583799994085,2.364017275703656,2,1,1,1.4625918264602236,0.34992153628220124,0.25
sub169,NB,20.0,EM,1,4.324740700016264,1.4643521848330796,5,1,1,-0.3775852916284701,0.13679219074455168,1.0
sub169,NB,29.0,BB,1,4.734640399983618,1.5549057786608502,5,1,0,-0.25802485294930905,0.1506396828133318,1.0
sub169,NB,39.0,BB,1,3.787355000007665,1.331667886276284,5,1,0,-0.534331124909278,0.11863788563201415,1.0
sub169,NB,8.0,BB,0,5.059619000006933,1.6212911840231372,5,1,0,-0.16323438595647746,0.16161831633442125,1.0
sub169,NB,11.0,EM,1,3.347051599994302,1.208079838899806,5,1,1,-0.66275978114327,0.10376327645316487,1.0
sub169,NB,5.0,EM,1,3.364566400006879,1.2132990989268628,5,1,1,-0.6576510260672153,0.10435497255413725,1.0
sub169,NB,40.0,EM,1,3.203914799989434,1.1643734370889482,5,1,1,-0.7045102352203926,0.0989277381422663,1.0
sub169,NB,25.0,BB,1,4.567765299987514,1.5190240918716518,5,1,0,-0.3066993461527736,0.14500220217146503,1.0
sub169,NB,1.0,EM,1,9.574115900002653,2.2590631966002666,5,1,1,1.1535639181705772,0.31412991861713113,1.0
sub169,NB,24.0,BB,1,5.669961200008402,1.7351822746842192,5,1,0,0.014791558396230324,0.1822372842781287,1.0
sub169,NB,10.0,BB,1,4.8260711999901105,1.5740327205109408,5,1,0,-0.23135611774790868,0.1537284561840685,1.0
sub169,NB,12.0,EM,1,3.1770569999935105,1.1559552965785926,5,1,1,-0.712344176913264,0.09802041088035794,1.0
sub169,NB,2.0,BB,1,5.934076800011098,1.780711464152775,5,1,0,0.09182937277093514,0.1911598052669699,1.0
sub169,NB,34.0,BB,1,8.424988800019491,2.131202146863001,4,1,0,0.818384018836567,0.27530937689849977,0.75
sub169,NB,21.0,BB,1,4.922500800021226,1.5938166940544876,5,1,0,-0.20322932165048685,0.15698610219291614,1.0
sub169,NB,22.0,EM,1,3.3726587000128347,1.2157013650757478,5,1,1,-0.655290646348195,0.10462835177388195,1.0
sub169,NB,26.0,EM,1,3.3880803999782074,1.2202635073164445,5,1,1,-0.6507924112599889,0.1051493374393377,1.0
sub169,NB,23.0,EM,1,5.720920299994759,1.7441296840575153,3,1,1,0.02965541984709107,0.18395881696758776,0.5
sub169,NB,3.0,BB,1,4.090198899997631,1.408593599678538,5,1,0,-0.4459969555088319,0.12886875065466113,1.0
sub169,NB,19.0,BB,0,7.598644899990177,2.0279699287616095,2,1,0,0.5773542274138793,0.24739330230109924,0.25
sub169,NB,18.0,EM,1,5.185704200004693,1.6459056473109241,5,1,1,-0.12645757976734734,0.16587780666119778,1.0
sub169,NB,38.0,EM,1,7.78414000000339,2.0520883303339112,3,1,1,0.6314598428417045,0.2536598156126121,0.5
sub169,NB,14.0,BB,1,2.639286900026491,0.9705087670446394,5,1,0,-0.8692021328125094,0.07985311972422027,1.0
sub169,NB,32.0,EM,1,4.321952900005272,1.463707360294002,4,1,1,-0.37839844321723815,0.13669801151352362,0.75
sub16,NB,4.0,EM,0,13.397753099998226,2.595087013792543,4,1,1,2.2688507578970736,0.44330245961935266,0.75
sub16,NB,40.0,EM,1,6.8477791999757756,1.9239243953254328,5,1,1,0.3583400820265883,0.22202708020701972,1.0
sub16,NB,8.0,BB,1,5.844170500000473,1.765444668685396,5,1,0,0.06560530705401288,0.1881225335235906,1.0
sub16,NB,23.0,EM,0,5.1927806999883614,1.6472693340433333,4,1,1,-0.12439349081478689,0.16611686947926374,0.75
sub16,NB,26.0,EM,0,5.324659200006863,1.6723487095486904,5,1,1,-0.0859268822375726,0.17057207274775665,1.0
sub16,NB,20.0,EM,0,6.470684500003699,1.8672818988988336,4,1,1,0.24834827730987635,0.20928782748871266,0.75
sub16,NB,5.0,EM,1,11.814620399993146,2.4693377814721336,2,1,1,1.8070791583691723,0.38982006500210165,0.25
sub16,NB,29.0,BB,0,5.979021400009515,1.7882569090877984,3,1,0,0.104938911744733,0.1926781522968949,0.5
sub16,NB,15.0,BB,1,4.289217099983944,1.4561042221096003,5,1,0,-0.38794689278032635,0.1355921099205324,1.0
sub16,NB,17.0,BB,0,6.004772999993293,1.7925546529845158,5,1,0,0.11245019460489603,0.19354810920723703,1.0
sub16,NB,21.0,BB,1,5.989591699995799,1.7900232461974024,4,1,0,0.10802207990375123,0.19303524488621943,0.75
sub16,NB,7.0,EM,0,5.294933500001207,1.666750419956791,5,1,1,-0.09459733926158222,0.1695678602657762,1.0
sub16,NB,9.0,EM,1,9.570740600000136,2.2587105901404074,2,1,1,1.152579403302655,0.3140158920881575,0.25
sub16,NB,10.0,BB,1,5.140283600019757,1.6371082530461039,5,1,0,-0.13970595945560327,0.164343379097331,1.0
sub16,NB,39.0,BB,1,9.580900600005407,2.259771595915556,5,1,0,1.1555428942681456,0.31435912366286467,1.0
sub16,NB,1.0,EM,0,6.6448683999769855,1.8938448876014526,4,1,1,0.2991546172347697,0.21517221865460368,0.75
sub16,NB,25.0,BB,0,4.442299400019692,1.49117212527639,4,1,0,-0.3432955135581734,0.14076363343173398,0.75
sub16,NB,12.0,EM,0,7.412202700012131,2.003127655595335,5,1,1,0.5229723598022212,0.2410947934568929,1.0
sub16,NB,3.0,BB,1,2.684162599995034,0.9873687984946737,5,1,0,-0.8561126907497297,0.08136913912956467,1.0
sub16,NB,22.0,EM,1,3.5080785999889486,1.2550684801850818,5,1,1,-0.6157910745058108,0.10920319286555288,1.0
sub16,NB,11.0,EM,1,4.750558700005058,1.5582622321834325,4,1,1,-0.2533817684734204,0.1511774449373658,0.75
sub16,NB,6.0,BB,1,3.6600947999977507,1.297489048716563,5,1,0,-0.5714506576652056,0.11433870070836329,1.0
sub16,NB,2.0,BB,1,8.223192699981155,2.10695853998162,5,1,0,0.7595236921609219,0.2684921728483037,1.0
sub16,NB,30.0,EM,1,4.445436399983009,1.4918780418707123,3,1,1,-0.34238050656553454,0.14086960955739414,0.5
sub16,NB,28.0,EM,1,3.962802899972303,1.376951577915275,5,1,1,-0.48315609870950205,0.1245649780486174,1.0
sub16,NB,13.0,BB,1,3.883895700011635,1.3568386963124943,3,1,0,-0.5061719229294102,0.12189928489072531,0.5
sub16,NB,16.0,EM,1,5.145012699998915,1.6380278376986934,4,1,1,-0.13832656525719123,0.1645031405571688,0.75
sub16,NB,36.0,BB,0,3.6248468999983743,1.28781205293153,2,1,0,-0.5817318420300156,0.11314793375800594,0.25
sub16,NB,19.0,BB,1,7.547982500022044,2.021280309011571,5,1,0,0.5625769080715831,0.2456817929201459,1.0
sub16,NB,35.0,EM,1,4.987950800015824,1.6070251640995012,4,1,1,-0.18413872287344826,0.1591971756723528,0.75
sub16,NB,33.0,BB,1,6.15196940000169,1.8167722581990495,4,1,0,0.15538476166703064,0.19852079150447122,0.75
sub16,NB,34.0,BB,1,4.989421000005677,1.6073198709681962,5,1,0,-0.18370989173317914,0.15924684290241087,1.0
sub16,NB,14.0,BB,1,9.623632800008636,2.264221823331903,1,1,0,1.1680071155850156,0.3158027299906404,0.0
sub16,NB,37.0,BB,1,6.742423699994106,1.908419459689499,2,1,0,0.32760975995981445,0.21846789377552261,0.25
sub16,NB,31.0,EM,1,3.63806779999868,1.2914527165354321,4,1,1,-0.5778755410766463,0.11359457060089934,0.75
sub16,NB,32.0,EM,1,3.9870158999983687,1.3830430563517297,5,1,1,-0.4760935980414471,0.12538295699773355,1.0
sub16,NB,27.0,BB,0,12.49397169999429,2.525246263981114,2,1,0,2.005233827552546,0.4127703422026718,0.25
sub16,NB,24.0,BB,1,4.528134099993622,1.510309956185318,4,1,0,-0.31825906102211515,0.1436633557960338,0.75
sub16,NB,38.0,EM,1,7.010403899999801,1.9473953170756508,1,1,1,0.4057748092939856,0.2275209711368003,0.0
sub16,NB,18.0,EM,0,9.162182200001553,2.215084381754653,1,1,1,1.0334101979244197,0.30021371266703456,0.0
sub170,NB,5.0,EM,0,10.305000599997584,2.3326292725663493,1,1,1,1.366749961883809,0.33882112987485735,0.0
sub170,NB,21.0,BB,1,13.359059099981096,2.592194738980305,3,1,0,2.2575644075614476,0.4419952743289285,0.5
sub170,NB,9.0,EM,1,18.76493879998452,2.9319901711899536,1,1,1,3.8343631913386895,0.624620136646561,0.0
sub170,NB,16.0,EM,1,18.87012519998825,2.93757999422799,1,1,1,3.8650441899550083,0.628173610435176,0.0
sub170,NB,30.0,EM,1,11.05923119999352,2.40326548192348,3,1,1,1.5867455886382142,0.36430102715779467,0.5
sub170,NB,2.0,BB,1,3.156511999986833,1.1494676204932204,4,1,0,-0.7183367873339532,0.09732634663813426,0.75
sub170,NB,22.0,EM,1,8.14990439999383,2.0980061971218666,4,1,1,0.7381468009428204,0.2660163009389324,0.75
sub170,NB,38.0,EM,1,4.924471299978904,1.5942169186035104,4,1,1,-0.20265456192420234,0.157052670874322,0.75
sub170,NB,7.0,EM,0,9.25769189998391,2.2254547627275834,1,1,1,1.061268675568866,0.30344028202803336,0.0
sub170,NB,13.0,BB,0,5.602681299991673,1.7232452867211918,4,1,0,-0.004832789611174502,0.17996439195363034,0.75
sub170,NB,19.0,BB,1,4.196550699998625,1.434262925963922,3,1,0,-0.4149760304790017,0.13246159472634877,0.5
sub170,NB,28.0,EM,1,2.7393378000124358,1.0077162123633665,5,1,1,-0.8400190680444279,0.08323310278871147,1.0
sub170,NB,12.0,EM,1,3.4724876999971457,1.2448712535226358,4,1,1,-0.6261723058566632,0.1080008384715475,0.75
sub170,NB,25.0,BB,1,5.225383999990299,1.6535282879715196,4,1,0,-0.11488368914640207,0.16721829487242418,0.75
sub170,NB,40.0,EM,1,4.709061600005953,1.549488652510738,4,1,1,-0.2654857331267276,0.149775563542574,0.75
sub170,NB,10.0,BB,1,5.283360600005835,1.664562372526248,3,1,0,-0.0979729479784144,0.1691768972060046,0.5
sub170,NB,39.0,BB,1,3.469034299982013,1.2438762555092162,4,1,0,-0.6271796011066396,0.10788417351833167,0.75
sub170,NB,17.0,BB,1,4.263451399980113,1.450079020045074,5,1,0,-0.3954622883650975,0.13472167667435525,1.0
sub170,NB,18.0,EM,1,5.3585355000104755,1.6786907101392607,2,1,1,-0.07604576915166074,0.17171650343569567,0.25
sub170,NB,15.0,BB,1,2.935794099990744,1.07697797886214,5,1,0,-0.78271626589902,0.08986991432096725,1.0
sub170,NB,29.0,BB,1,2.1563764000020456,0.7684292203702344,5,1,0,-1.0100585209247575,0.06353913042500454,1.0
sub170,NB,4.0,EM,1,4.655053900001803,1.5379534896097506,5,1,1,-0.2812388168812726,0.14795104111057394,1.0
sub170,NB,36.0,BB,1,3.918864700011909,1.3658019945112683,5,1,0,-0.49597208872475645,0.12308062986413108,1.0
sub170,NB,3.0,BB,1,3.929899699985981,1.3686139039234215,5,1,0,-0.49275337585956125,0.12345342124366153,1.0
sub170,NB,14.0,BB,1,4.296285399992485,1.4577507888901735,1,1,0,-0.3858851956143992,0.13583089572182921,0.0
sub170,NB,6.0,BB,1,4.720418600016274,1.5518974821091795,5,1,0,-0.26217309858851895,0.15015923293189187,1.0
sub170,NB,35.0,EM,1,2.637531599990325,0.9698434797693987,5,1,1,-0.8697141225562302,0.07979382106327694,1.0
sub170,NB,24.0,BB,1,2.5120422999898437,0.9210960876321065,4,1,0,-0.9063171153342032,0.0755544618087768,0.75
sub170,NB,27.0,BB,1,4.829239699989557,1.5746890432634668,2,1,0,-0.23043192275601446,0.15383549646396077,0.25
sub170,NB,8.0,BB,0,3.38193780000438,1.2184488588242295,2,1,0,-0.6525840982203841,0.10494182422469998,0.25
sub170,NB,26.0,EM,1,7.089277399994899,1.958583417154664,4,1,1,0.4287808038344201,0.2301855258210463,0.75
sub170,NB,34.0,BB,1,6.403934100002516,1.8569125046384414,2,1,0,0.22887837502210562,0.20703282307012466,0.25
sub170,NB,37.0,BB,1,3.3666338000039104,1.2139133727563756,5,1,0,-0.6570480023260659,0.104424814774232,1.0
sub170,NB,31.0,EM,1,6.561110699985875,1.8811599026462333,4,1,1,0.27472398858465774,0.2123426628232173,0.75
sub170,NB,11.0,EM,1,3.4367736999993213,1.2345331533954644,5,1,1,-0.6365894432858136,0.1067943254349347,1.0
sub170,NB,1.0,EM,1,3.57482420001179,1.2739160001149727,5,1,1,-0.5963225722861939,0.11145803512822318,1.0
sub170,NB,20.0,EM,1,4.070343100000173,1.4037272956558213,1,1,1,-0.4517885385673481,0.12819796940498962,0.0
sub170,NB,23.0,EM,1,2.969221399980597,1.0882997635573208,4,1,1,-0.7729661181166111,0.090999176605197,0.75
sub170,NB,32.0,EM,1,3.15795920000528,1.1499259961823163,4,1,1,-0.7179146648755182,0.09737523686854668,0.75
sub170,NB,33.0,BB,1,2.925476100004744,1.0734572366707367,5,1,0,-0.785725842643565,0.08952134509053553,1.0
sub171,NB,12.0,EM,0,2.681652100000065,0.9864330598162003,5,1,1,-0.8568449588648965,0.08128432782384336,1.0
sub171,NB,10.0,BB,1,13.824362100014696,2.626432405296106,1,1,0,2.3932850016657556,0.4577144358776148,0.0
sub171,NB,33.0,BB,1,4.694013900007121,1.546288058653063,5,1,0,-0.2698748790888153,0.1492672125815857,1.0
sub171,NB,15.0,BB,1,10.999408999981824,2.397841544080629,3,1,0,1.5692965188371866,0.3622800755926559,0.5
sub171,NB,11.0,EM,1,5.446566700004041,1.694985446862887,4,1,1,-0.05036863669822905,0.17469042935906953,0.75
sub171,NB,1.0,EM,1,7.461747800000012,2.0097896763183978,4,1,1,0.5374237826488975,0.24276855750010573,0.75
sub171,NB,23.0,EM,1,8.044101400009822,2.0849390775009975,3,1,1,0.7072859510991473,0.26244199677806485,0.5
sub171,NB,6.0,BB,1,5.650657300022431,1.7317718746789643,2,1,0,0.009160954737029917,0.18158514766526085,0.25
sub171,NB,27.0,BB,1,6.19310360000236,1.8234363503808924,4,1,0,0.16738287485713083,0.19991041318096975,0.75
sub171,NB,24.0,BB,1,6.993607800017344,1.9449965604341932,2,1,0,0.4008756862105543,0.22695355461682715,0.25
sub171,NB,29.0,BB,1,3.621705599973211,1.2869450750901528,5,1,0,-0.5826481032740742,0.11304181236492472,1.0
sub171,NB,39.0,BB,1,7.125366499996744,1.9636611634278294,4,1,0,0.4393073512510208,0.23140471072429158,0.75
sub171,NB,32.0,EM,1,3.8776464000111446,1.3552283716449471,5,1,1,-0.5079947323863476,0.12168816706800158,1.0
sub171,NB,26.0,EM,1,5.913300999993226,1.7772042203280072,4,1,1,0.08576944209949228,0.1904579439921435,0.75
sub171,NB,8.0,BB,0,4.552005600009579,1.5155679270538485,3,1,0,-0.311296169821988,0.14446979797485748,0.5
sub171,NB,35.0,EM,1,8.994323600025382,2.1965936672460065,1,1,1,0.9844488353012727,0.29454300680403517,0.0
sub171,NB,7.0,EM,0,7.227043199993204,1.9778299898660978,2,1,1,0.4689646329128381,0.23483961759758976,0.25
sub171,NB,17.0,BB,0,5.865397099987604,1.7690701865461957,2,1,0,0.07179672804390512,0.18883962400936644,0.25
sub171,NB,22.0,EM,0,7.299757100001443,1.9878410736283496,2,1,1,0.49017398189199096,0.2372960847619579,0.25
sub171,NB,18.0,EM,1,11.093890699994517,2.4063945694116704,2,1,1,1.5968551472079078,0.36547191640560317,0.25
sub171,NB,16.0,EM,1,6.704640999989351,1.9027999731658856,3,1,1,0.3165892195997913,0.2171914946010548,0.5
sub171,NB,14.0,BB,1,10.18415859999368,2.3208334345817665,3,1,0,1.3315025037068826,0.3347387686612169,0.5
sub171,NB,34.0,BB,1,11.289036000001943,2.423831989219488,1,1,0,1.6537755540218735,0.3720644389039796,0.0
sub171,NB,21.0,BB,1,6.135032500023954,1.8140153756262603,4,1,0,0.15044456973382236,0.19794861838960892,0.75
sub171,NB,20.0,EM,1,5.661027299996931,1.733605377511881,4,1,1,0.012185698951658275,0.18193547359233903,0.75
sub171,NB,38.0,EM,1,9.642781300004572,2.266209583607529,3,1,1,1.1735923918361186,0.3164496167823211,0.5
sub171,NB,4.0,EM,1,5.243923300004099,1.6570699395557587,4,1,1,-0.10947610567505299,0.1678446012832907,0.75
sub171,NB,19.0,BB,0,6.28175779999583,1.8376498457720976,4,1,0,0.19324172530960396,0.20290538568612504,0.75
sub171,NB,30.0,EM,1,5.464263800007757,1.698229400753093,3,1,1,-0.04520670796307327,0.17528828403415564,0.5
sub171,NB,13.0,BB,0,9.61289809999289,2.2631057487979,1,1,0,1.1648759948667666,0.31544008353507913,0.0
sub171,NB,3.0,BB,0,6.274852700007614,1.8365500106399542,3,1,0,0.19122763068162452,0.2026721132115939,0.5
sub171,NB,37.0,BB,1,2.737196900008712,1.0069343675545412,5,1,0,-0.8406435304278691,0.08316077754469696,1.0
sub171,NB,28.0,EM,1,9.017233899998246,2.1991376240724585,4,1,1,0.9911313615759807,0.295316977112364,0.75
sub171,NB,31.0,EM,1,5.2540800999850035,1.6590049366714994,3,1,1,-0.10651354809965052,0.1681877247527418,0.5
sub171,NB,36.0,BB,0,7.094251000002259,1.9592847377387885,2,1,0,0.43023151433443285,0.23035354713616485,0.25
sub171,NB,40.0,EM,1,9.497142100008205,2.250990921769515,1,1,1,1.1311120322705115,0.31152954080516426,0.0
sub171,NB,25.0,BB,0,19.655719100002898,2.97836834431512,1,1,0,4.094187932477642,0.654713042644083,0.0
sub171,NB,9.0,EM,0,11.496260299987625,2.442021791177622,2,1,1,1.714219189899732,0.3790650218532689,0.25
sub171,NB,2.0,BB,1,6.234136000013677,1.8300399969579495,3,1,0,0.179351294804261,0.2012965957855557,0.5
sub171,NB,5.0,EM,1,3.6034714999841526,1.2818976863693017,3,1,1,-0.5879666653364157,0.112425816415184,0.5
sub172,NB,20.0,EM,1,3.7398217000009026,1.319037936493459,5,1,1,-0.5481957415487371,0.11703208549383641,1.0
sub172,NB,21.0,BB,1,8.054923499992583,2.0862835193762144,5,1,0,0.7104425648304373,0.262807595834836,1.0
sub172,NB,18.0,EM,1,4.811958199978108,1.5711041114533626,4,1,1,-0.2354726283787983,0.15325168185183924,0.75
sub172,NB,10.0,BB,1,3.739716599986423,1.3190098331506397,4,1,0,-0.5482263973502354,0.11702853493837846,0.75
sub172,NB,22.0,EM,1,3.746091899985913,1.3207131365522353,5,1,1,-0.5463668359387217,0.11724390937311473,1.0
sub172,NB,16.0,EM,1,10.496422100026393,2.3510344467157553,3,1,1,1.4225842025965743,0.34528785259666966,0.5
sub172,NB,30.0,EM,1,4.828206999984104,1.5744751772093282,4,1,1,-0.2307331429464312,0.15380060913631433,0.75
sub172,NB,6.0,BB,1,2.972065699985251,1.0892572329319155,5,1,0,-0.7721364864864376,0.09109526455490471,1.0
sub172,NB,36.0,BB,0,11.470047500013607,2.439739072371903,1,1,0,1.7065733832203118,0.3781794843918615,0.0
sub172,NB,4.0,EM,1,6.6409440000134055,1.8932541220600516,3,1,1,0.2980099396923478,0.21503964208190862,0.5
sub172,NB,23.0,EM,1,3.7284119999967515,1.3159824057375975,5,1,1,-0.5515237477361107,0.11664663575984728,1.0
sub172,NB,24.0,BB,1,4.935882399993716,1.5965314613585133,4,1,0,-0.19932614737866525,0.15743816790436072,0.75
sub172,NB,7.0,EM,0,8.051585000008345,2.085868966460286,4,1,1,0.7094687838721255,0.26269481250745846,0.75
sub172,NB,19.0,BB,1,8.14999980002176,2.0980179027155637,4,1,0,0.7381746274310815,0.26601952380328253,0.75
sub172,NB,5.0,EM,1,15.673937499988824,2.7519993011267947,1,1,1,2.9327731891630955,0.5201979670531497,0.0
sub172,NB,13.0,BB,1,3.3786256999883335,1.2174690291751074,3,1,0,-0.6535501787783823,0.10482993275781952,0.5
sub172,NB,35.0,EM,1,6.20259050000459,1.8249670273688827,2,1,1,0.1701500345453723,0.20023090566376167,0.25
sub172,NB,25.0,BB,1,6.13336970002274,1.8137443052807853,2,1,0,0.1499595606020845,0.19789244462361055,0.25
sub172,NB,31.0,EM,1,3.5061473000096157,1.2545177993100507,5,1,1,-0.6163544002968969,0.10913794846271878,1.0
sub172,NB,17.0,BB,1,5.777899700013222,1.754040242947931,3,1,0,0.046275295544549226,0.18588373125735752,0.5
sub172,NB,1.0,EM,1,10.727524799993262,2.37281284969567,5,1,1,1.48999274227147,0.35309511082379147,1.0
sub172,NB,28.0,EM,1,4.22137779998593,1.440161567648377,5,1,1,-0.4077344077945985,0.13330031959048605,1.0
sub172,NB,9.0,EM,1,6.518677600019146,1.8746715332844281,1,1,1,0.26234700941891825,0.21090916088288936,0.0
sub172,NB,11.0,EM,1,2.4102467999910004,0.879729148894632,5,1,1,-0.9360090488398768,0.07211554155832588,1.0
sub172,NB,12.0,EM,1,4.22622229999979,1.4413085207445462,5,1,1,-0.40632135346232057,0.13346397956760842,1.0
sub172,NB,14.0,BB,0,7.187550100003136,1.9723503765343944,2,1,0,0.45744519935387584,0.23350543660422096,0.25
sub172,NB,33.0,BB,0,12.269674300012412,2.5071307139542442,2,1,0,1.9398102726229753,0.40519298494297035,0.25
sub172,NB,40.0,EM,1,7.799077299976489,2.0540054318233465,1,1,1,0.6358167870834499,0.2541644369697952,0.0
sub172,NB,8.0,BB,0,3.983431800006656,1.382143709070827,2,1,0,-0.4771390161457133,0.1252618766548767,0.25
sub172,NB,39.0,BB,1,6.525391200004378,1.875700905435246,3,1,0,0.26430524690827173,0.211135963982662,0.5
sub172,NB,15.0,BB,1,6.780847800022457,1.9141021383860233,4,1,0,0.3388173852779288,0.21976596113306152,0.75
sub172,NB,38.0,EM,1,6.374454200005857,1.8522984716939022,2,1,1,0.22027961348093095,0.20603691436020205,0.25
sub172,NB,34.0,BB,1,6.171516300004441,1.8199445613722127,1,1,0,0.16108624410122804,0.19918113729828096,0.0
sub172,NB,29.0,BB,1,4.052843599987682,1.3994187581988404,4,1,0,-0.45689283090600075,0.12760679017834003,0.75
sub172,NB,37.0,BB,1,2.283323700015899,0.8256321446259851,5,1,0,-0.9730302555222694,0.06782774476220677,1.0
sub172,NB,3.0,BB,1,2.4807656000193674,0.9085672222210893,5,1,0,-0.9154399714114447,0.07449785246065266,1.0
sub172,NB,26.0,EM,1,2.4843889999901876,0.910026754060858,5,1,1,-0.9143830902035399,0.07462026046037051,1.0
sub172,NB,2.0,BB,1,8.422517800005153,2.130908809683711,5,1,0,0.8176632721619193,0.275225900006218,1.0
sub172,NB,27.0,BB,1,6.395960299996659,1.8556665879475442,4,1,0,0.2265525596416209,0.20676344709266498,0.75
sub172,NB,32.0,EM,1,1.9854659000120591,0.6858535969325237,5,1,1,-1.0599100684016278,0.05776532333690208,1.0
sub173,NB,39.0,BB,0,17.383710499998415,2.855533589571008,5,1,0,3.4314835076610417,0.5779586047382538,1.0
sub173,NB,13.0,BB,1,9.468494999979157,2.2479699716517345,5,1,0,1.1227561836406357,0.3105617662728155,1.0
sub173,NB,19.0,BB,0,12.547281600011047,2.529504036538608,5,1,0,2.0207833754845237,0.41457129111219354,1.0
sub173,NB,17.0,BB,1,8.324848000018392,2.1192447774437744,3,1,0,0.7891747318359491,0.2719263567745842,0.5
sub173,NB,28.0,EM,1,3.2915703999751713,1.1913647761142525,5,1,1,-0.6789426585966124,0.10188897530756144,1.0
sub173,NB,22.0,EM,1,3.8525991999777034,1.3487480373881364,5,1,1,-0.515300554332354,0.12084200664427878,1.0
sub173,NB,16.0,EM,0,4.452054000023054,1.4933655627249702,5,1,1,-0.3404502705496166,0.1410931695260308,1.0
sub173,NB,34.0,BB,1,7.602265699999407,2.028446321284793,3,1,0,0.5784103502593158,0.24751562246726289,0.5
sub173,NB,36.0,BB,1,6.3555028999981005,1.8493210360498784,5,1,0,0.21475185695256988,0.20539668950380086,1.0
sub173,NB,35.0,EM,1,6.727669699990656,1.90622882812288,4,1,1,0.3233062810530837,0.21796946477436252,0.75
sub173,NB,29.0,BB,1,4.217605199984973,1.4392674788103532,5,1,0,-0.4088348079927722,0.1331728712205651,1.0
sub173,NB,40.0,EM,1,2.9429935999796726,1.0794272945903483,5,1,1,-0.7806163000366018,0.09011313240335132,1.0
sub173,NB,18.0,EM,1,12.937215799989644,2.5601081036337474,4,1,1,2.1345202335723967,0.427744295976505,0.75
sub173,NB,31.0,EM,1,6.933375399996294,1.9363467653279143,3,1,1,0.3833069683759499,0.22491874541437712,0.5
sub173,NB,32.0,EM,1,5.230368399992585,1.6544817153652043,5,1,1,-0.11342982848030944,0.1673866810398324,1.0
sub173,NB,5.0,EM,1,6.151817099977052,1.8167475015886116,3,1,1,0.15534033846360304,0.19851564640828445,0.5
sub173,NB,11.0,EM,1,5.259335400012787,1.6600046689593544,5,1,1,-0.10498067072315452,0.16836526263691104,1.0
sub173,NB,37.0,BB,1,4.814990399987437,1.5717340514760216,5,1,0,-0.2345881896653588,0.15335411755887557,1.0
sub173,NB,25.0,BB,1,10.012203299993416,2.3038046789959536,5,1,0,1.2813462066837924,0.328929665475418,1.0
sub173,NB,27.0,BB,1,6.5188893000013195,1.8747040086663482,3,1,0,0.2624087585315404,0.21091631266617766,0.5
sub173,NB,14.0,BB,0,8.636459199973615,2.1559926840010535,2,1,0,0.8800661664160511,0.28245340429442056,0.25
sub173,NB,21.0,BB,0,7.889693700009957,2.0655573128127034,4,1,0,0.6622479763241121,0.25722569776326437,0.75
sub173,NB,7.0,EM,1,7.702793300006306,2.0415830293104618,5,1,1,0.607732459929426,0.25091170971470395,1.0
sub173,NB,30.0,EM,1,7.372435299999779,1.9977480858125338,4,1,1,0.5113729178143761,0.23975134588591168,0.75
sub173,NB,15.0,BB,1,3.4617175000021234,1.2417648531940706,5,1,0,-0.6293137812863103,0.10763699273313362,1.0
sub173,NB,1.0,EM,1,8.014229199994588,2.081218611754394,5,1,1,0.6985727626327555,0.2614328351396911,1.0
sub173,NB,23.0,EM,0,4.449855999991996,1.4928717361022068,4,1,1,-0.34109138799359373,0.1410189152926179,0.75
sub173,NB,3.0,BB,1,6.972265399992466,1.9419401934841032,5,1,0,0.3946504884130352,0.22623255210060972,1.0
sub173,NB,8.0,BB,1,4.572378999990178,1.520033638382756,5,1,0,-0.30535361207124934,0.14515806511598467,1.0
sub173,NB,6.0,BB,1,9.066871700022602,2.204627298351231,3,1,0,1.0056098233715205,0.2969938728071003,0.5
sub173,NB,20.0,EM,1,2.2496614000119735,0.8107797160081732,5,1,1,-0.9828489486214333,0.06669054355820886,1.0
sub173,NB,12.0,EM,0,7.706205800001044,2.0420259523099866,4,1,1,0.6087278253722307,0.2510269929574475,0.75
sub173,NB,33.0,BB,0,4.49564609999652,1.5031093950796626,4,1,0,-0.32773523173356334,0.14256582554088543,0.75
sub173,NB,4.0,EM,1,7.944802000012714,2.0725178783455656,5,1,1,0.6783220854872006,0.2590874013636157,1.0
sub173,NB,2.0,BB,1,8.954602499987232,2.1921676459163306,3,1,0,0.9728628981909057,0.2932011233681963,0.5
sub173,NB,24.0,BB,1,9.94049310000264,2.296616627084205,5,1,0,1.2604296191152962,0.32650710594267873,1.0
sub173,NB,10.0,BB,1,4.1405102999997325,1.4208190411107269,2,1,0,-0.431322016602331,0.13056840233177586,0.25
sub173,NB,38.0,EM,1,9.19845820000046,2.21903588305426,3,1,1,1.043991260739884,0.3014392115447159,0.5
sub173,NB,9.0,EM,1,4.803014900011476,1.5692438249080392,3,1,1,-0.2380812296227976,0.15294955361079265,0.5
sub173,NB,26.0,EM,1,6.010878099972615,1.7935708443592315,5,1,1,0.11423094348508808,0.19375435557323706,1.0
sub174,NB,17.0,BB,1,4.54418850003276,1.5138491638403002,5,1,0,-0.31357627859616316,0.14420571573732843,1.0
sub174,NB,38.0,EM,1,18.09294979996048,2.8955223485772312,4,1,1,3.638355973873432,0.6019185773410003,0.75
sub174,NB,9.0,EM,1,3.047483199974522,1.1143160696343937,5,1,1,-0.750138545566937,0.09364306645139753,1.0
sub174,NB,19.0,BB,1,2.8428256000042893,1.0447984871377,5,1,0,-0.8098335207850552,0.08672919339262465,1.0
sub174,NB,34.0,BB,1,5.0429247000138275,1.6179862113975128,3,1,0,-0.16810381579693878,0.16105433888636078,0.5
sub174,NB,14.0,BB,1,7.090424499998335,1.95874521181213,4,1,0,0.42911539246581115,0.2302242778821016,0.75
sub174,NB,20.0,EM,1,9.814651099964976,2.2838762794618472,3,1,1,1.2237237500210654,0.32225583155145626,0.5
sub174,NB,32.0,EM,1,5.449199800030328,1.6954687722126984,5,1,1,-0.04960060833847647,0.17477938241693525,1.0
sub174,NB,6.0,BB,1,4.183040099975187,1.431038278829409,4,1,0,-0.4189168317670961,0.1320051710532309,0.75
sub174,NB,10.0,BB,1,4.42749069997808,1.487832990159507,4,1,0,-0.34761494749136324,0.14026335651913435,0.75
sub174,NB,21.0,BB,1,2.524822899955325,0.9261709216359398,5,1,0,-0.9025892420555024,0.07598622415617629,1.0
sub174,NB,23.0,EM,1,4.878841300029308,1.5849077531534834,4,1,1,-0.21596401985095462,0.1555111692278197,0.75
sub174,NB,25.0,BB,1,3.14997820003191,1.1473955321888036,5,1,0,-0.7202425803582337,0.0971056176572104,1.0
sub174,NB,4.0,EM,1,4.713945300027262,1.5505252007188393,5,1,1,-0.2640612448507622,0.14994054779925137,1.0
sub174,NB,31.0,EM,1,4.20545549999224,1.4363826109810023,3,1,1,-0.41237865899111903,0.13276242233684832,0.5
sub174,NB,22.0,EM,1,4.151949999970384,1.4235781033947343,5,1,1,-0.4279852599592839,0.1309548655436919,1.0
sub174,NB,27.0,BB,1,4.09519410005305,1.4098141154620762,4,1,0,-0.44453994465968133,0.12903750167632544,0.75
sub174,NB,3.0,BB,1,7.150938100006897,1.9672435508977493,4,1,0,0.44676613132620846,0.23226858676117285,0.75
sub174,NB,18.0,EM,1,4.544900099979714,1.5140057471853907,4,1,1,-0.3133687175712866,0.1442297554588075,0.75
sub174,NB,36.0,BB,1,4.017629800015129,1.3906921267610408,4,1,0,-0.46716406890059786,0.12641717521675222,0.75
sub174,NB,30.0,EM,1,8.592209499969613,2.150855920612822,5,1,1,0.8671593173885424,0.2809585328175688,1.0
sub174,NB,11.0,EM,1,3.031357300002128,1.1090104730160104,4,1,1,-0.7548421832493976,0.09309829105393455,0.75
sub174,NB,39.0,BB,1,6.056615099951159,1.8011510796615393,4,1,0,0.12757161141370338,0.19529947196269315,0.75
sub174,NB,24.0,BB,1,2.3762658999767154,0.8655303060034669,5,1,0,-0.9459206718850857,0.07096757720637516,1.0
sub174,NB,37.0,BB,0,10.102930199995171,2.312825500582292,3,1,0,1.3078096267962591,0.3319946592490153,0.5
sub174,NB,7.0,EM,1,3.515271499985829,1.257116762674004,4,1,1,-0.613693033743471,0.10944618798281269,0.75
sub174,NB,40.0,EM,1,3.8129398000310175,1.3384004926655635,4,1,1,-0.5268684946254445,0.11950220760012713,0.75
sub174,NB,15.0,BB,1,2.5458998999674805,0.9344841827745051,4,1,0,-0.896441456712662,0.0766982607605584,0.75
sub174,NB,29.0,BB,1,7.692944500013255,2.0403036101017884,4,1,0,0.6048597404623801,0.2505789912965113,0.75
sub174,NB,1.0,EM,1,3.170145299984142,1.1537774227958966,4,1,1,-0.714360196649811,0.09778691543971933,0.75
sub174,NB,26.0,EM,1,4.963505199993961,1.6021121846937032,5,1,1,-0.19126906881569233,0.15837133888241056,1.0
sub174,NB,8.0,BB,0,10.27641869999934,2.3298518238437365,3,1,0,1.3584131309411511,0.33785555797137007,0.5
sub174,NB,13.0,BB,1,4.000340799975675,1.386379557484496,3,1,0,-0.4722069621479114,0.12583310723391994,0.5
sub174,NB,33.0,BB,1,7.797890499990899,2.0538532483985805,3,1,0,0.6354706186746591,0.25412434373872184,0.5
sub174,NB,12.0,EM,1,3.4102204000228085,1.2267769226445486,5,1,1,-0.6443345677487592,0.10589728498612738,1.0
sub174,NB,5.0,EM,1,7.199382800026797,1.97399530012915,4,1,1,0.4608965871097108,0.23390517639359615,0.75
sub174,NB,35.0,EM,1,4.1612284000148065,1.4258103191492115,4,1,1,-0.42527891599357653,0.13126831434845154,0.75
sub174,NB,2.0,BB,1,4.276987100020051,1.4532488131121077,5,1,0,-0.3915141658494347,0.1351789482921763,1.0
sub174,NB,16.0,EM,1,8.839357700024266,2.179214215641509,3,1,1,0.9392480435321642,0.28930785032217454,0.5
sub174,NB,28.0,EM,1,5.458848099980969,1.6972377967999088,5,1,1,-0.046786371161189944,0.1751053274153198,1.0
sub175,NB,35.0,EM,1,5.5944292999920435,1.7217713347726202,4,1,1,-0.0072397509727336745,0.17968561764724383,0.75
sub175,NB,18.0,EM,1,8.62295940000331,2.154428343621322,3,1,1,0.8761285153110147,0.28199734547555877,0.5
sub175,NB,4.0,EM,0,8.939355700043961,2.1904635172419895,4,1,1,0.9684156783226892,0.29268604628639916,0.75
sub175,NB,31.0,EM,0,5.311490899999626,1.6698725679727198,4,1,1,-0.08976784071021714,0.17012721287124521,0.75
sub175,NB,19.0,BB,1,6.456193700025324,1.8650399336193795,4,1,0,0.24412156916062783,0.20879829007800754,0.75
sub175,NB,34.0,BB,1,6.201136299991049,1.8247325494504876,5,1,0,0.1697258703130979,0.20018177895506795,1.0
sub175,NB,7.0,EM,1,3.4242843000101857,1.2308924863775985,5,1,1,-0.6402323787201637,0.10637240059013205,1.0
sub175,NB,36.0,BB,1,3.2032047000247985,1.164151777428147,5,1,0,-0.7047173587271545,0.09890374909414278,1.0
sub175,NB,17.0,BB,1,4.58700180001324,1.5232266080311865,4,1,0,-0.30108840186100966,0.1456520618360575,0.75
sub175,NB,8.0,BB,1,4.894841400033329,1.5881818750557979,4,1,0,-0.21129707577770068,0.15605169477083186,0.75
sub175,NB,10.0,BB,1,3.5533817000105046,1.2678997416121778,5,1,0,-0.6025769674631988,0.11073365097101041,1.0
sub175,NB,38.0,EM,1,5.82944529998349,1.7629218500353216,4,1,1,0.061310228590161664,0.18762507746186963,0.75
sub175,NB,29.0,BB,1,4.960295099997893,1.6014652349343383,4,1,0,-0.19220539778535098,0.15826289324500448,0.75
sub175,NB,16.0,EM,1,4.735062699997798,1.5549949683661664,5,1,1,-0.2579016755599294,0.15065394922069308,1.0
sub175,NB,1.0,EM,0,4.369714699976612,1.4746977209297303,5,1,1,-0.3644671772096403,0.13831153098266807,1.0
sub175,NB,14.0,BB,1,4.126672599988524,1.4174714163874336,4,1,0,-0.4353582271284243,0.13010092835906828,0.75
sub175,NB,22.0,EM,1,3.226595100015402,1.1714274326271088,5,1,1,-0.697894795831938,0.09969393844627275,1.0
sub175,NB,15.0,BB,1,10.637602799979504,2.3643951577756646,4,1,0,1.4637640971433847,0.35005730869293233,0.75
sub175,NB,28.0,EM,1,2.969405999989249,1.0883619328083205,5,1,1,-0.7729122735833843,0.0910054128799635,1.0
sub175,NB,27.0,BB,1,6.39282850001473,1.8551768152108905,5,1,0,0.22563906939089692,0.20665764663607955,1.0
sub175,NB,12.0,EM,1,3.3544060999993235,1.2102747353795962,5,1,1,-0.6606146045380266,0.1040117308445623,1.0
sub175,NB,37.0,BB,1,2.61991340003442,0.9631412638047521,4,1,0,-0.8748530375533208,0.07919863183973029,0.75
sub175,NB,33.0,BB,1,5.839950699999463,1.7647223550235898,4,1,0,0.06437446658426066,0.1879799775591669,0.75
sub175,NB,24.0,BB,1,7.411637499986682,2.0030514000477715,4,1,0,0.5228075010258193,0.24107569951056818,0.75
sub175,NB,32.0,EM,1,2.7335922000347637,1.0056165684474334,5,1,1,-0.8416949571798924,0.08303900128015333,1.0
sub175,NB,6.0,BB,1,2.810014399990905,1.0331896078844474,5,1,0,-0.8194039631823108,0.08562074458920108,1.0
sub175,NB,20.0,EM,1,3.49722209997708,1.2519689676392654,5,1,1,-0.6189577221126344,0.10883643168514451,1.0
sub175,NB,39.0,BB,0,3.4505768999806605,1.2385414344496983,5,1,0,-0.6325632958036941,0.10726063390571573,1.0
sub175,NB,26.0,EM,1,4.932557700027246,1.5958576567736833,4,1,1,-0.20029590311768963,0.15732585077795042,0.75
sub175,NB,11.0,EM,1,2.8200378000037745,1.0367502891168436,5,1,1,-0.8164803160005958,0.08595936145618457,1.0
sub175,NB,23.0,EM,1,10.815419099992141,2.3809728103871697,3,1,1,1.5156299434358054,0.35606441190457394,0.5
sub175,NB,2.0,BB,1,3.755284800019581,1.3231641278844657,5,1,0,-0.5436854308026688,0.1175544697621939,1.0
sub175,NB,30.0,EM,1,4.7863745000213385,1.5657732354890994,5,1,1,-0.24293493779281095,0.15238739704687443,1.0
sub175,NB,9.0,EM,1,5.364420700003393,1.6797883926204848,4,1,1,-0.07432916117921322,0.1719153210006551,0.75
sub175,NB,25.0,BB,1,3.3208855999982916,1.2002314943451822,5,1,0,-0.670391937103011,0.10287932001834604,1.0
sub175,NB,5.0,EM,1,3.6981734999571927,1.3078390491053469,4,1,1,-0.560343779392678,0.11562509954134567,0.75
sub175,NB,40.0,EM,1,10.012097600032575,2.3037941218273046,4,1,1,1.2813153758886306,0.32892609465219097,0.75
sub175,NB,13.0,BB,1,5.6725257000071,1.7356344682930815,3,1,0,0.015539577350285333,0.18232391984628155,0.5
sub175,NB,3.0,BB,1,3.5425307999830693,1.2648413869649642,5,1,0,-0.6057419816543466,0.11036707897283378,1.0
sub175,NB,21.0,BB,1,5.85130839998601,1.766665294353284,5,1,0,0.06768730529306195,0.1883636705955264,1.0
sub176,NB,10.0,BB,1,11.331416699977126,2.4275791069386465,3,1,0,1.6661372490437687,0.373496170634504,0.5
sub176,NB,13.0,BB,1,8.402055700018536,2.1284764021013807,3,1,0,0.8116948421999272,0.2745346363451375,0.5
sub176,NB,33.0,BB,0,7.962403999990784,2.07473096430953,3,1,0,0.683456275239416,0.25968204330921946,0.5
sub176,NB,19.0,BB,0,13.046165699954145,2.568494274500829,3,1,0,2.1662989780673154,0.4314249107117023,0.5
sub176,NB,39.0,BB,1,7.05638419999741,1.9539327673351483,3,1,0,0.4191864435029187,0.2290743068420661,0.5
sub176,NB,30.0,EM,0,7.106482599978335,1.9610074097282084,3,1,1,0.4337992540985852,0.23076676281714897,0.5
sub176,NB,7.0,EM,0,5.107577300048433,1.6307251822105673,5,1,1,-0.14924580437975202,0.16323847409377007,1.0
sub176,NB,32.0,EM,1,4.024002699996345,1.3922771037704598,5,1,1,-0.46530520753165017,0.1266324685725464,1.0
sub176,NB,16.0,EM,1,7.237429999979213,1.979266171001455,5,1,1,0.4719942773914722,0.23519051107332956,1.0
sub176,NB,37.0,BB,1,8.788293099962175,2.1734205062604732,4,1,0,0.9243534095890661,0.2875827535621341,0.75
sub176,NB,40.0,EM,1,5.434761899989098,1.692815710963886,4,1,1,-0.05381188651865767,0.17429163210551346,0.75
sub176,NB,12.0,EM,1,4.171000499976799,1.4281559350845683,4,1,1,-0.42242856855891026,0.13159844163746837,0.75
sub176,NB,36.0,BB,0,7.096918499970343,1.9596606757472106,4,1,0,0.4310095765442518,0.2304436623147182,0.75
sub176,NB,18.0,EM,1,6.807542000024114,1.9180311152160974,5,1,1,0.3466036077675807,0.22066776155603035,1.0
sub176,NB,9.0,EM,1,3.598257699981332,1.2804497560822976,2,1,1,-0.5894874378950985,0.11224968051122257,0.25
sub176,NB,29.0,BB,1,3.7301715000066906,1.3164542111528155,5,1,0,-0.5510105329348775,0.11670607630697281,1.0
sub176,NB,14.0,BB,1,4.694999200000893,1.5464979422663658,4,1,0,-0.2695874846372084,0.1493004986119249,0.75
sub176,NB,8.0,BB,0,7.235396799980663,1.978985203082744,4,1,0,0.47140122918048677,0.23512182421931038,0.75
sub176,NB,25.0,BB,0,6.410250899964012,1.8578984121266164,4,1,0,0.2307208730149198,0.20724622121941305,0.75
sub176,NB,35.0,EM,1,5.294824999989942,1.666729928458091,4,1,1,-0.09462898678155991,0.16956419484946683,0.75
sub176,NB,27.0,BB,1,4.096820499980822,1.41021118505449,4,1,0,-0.4440655527807711,0.1290924457519183,0.75
sub176,NB,28.0,EM,1,8.120506499952171,2.0943925290696326,5,1,1,0.7295719573274023,0.2650231624035832,1.0
sub176,NB,24.0,BB,0,5.307062099978793,1.6690384052995857,4,1,0,-0.09105964276168288,0.16997759633537662,0.75
sub176,NB,21.0,BB,0,7.595883700007107,2.0276064821439284,4,1,0,0.5765488345792835,0.24730002168911314,0.75
sub176,NB,5.0,EM,1,4.982992799952626,1.6060306743760133,4,1,1,-0.18558488314771643,0.15902968136445844,0.75
sub176,NB,1.0,EM,1,8.940995200013276,2.1906469029018205,4,1,1,0.968893891250294,0.2927414329159177,0.75
sub176,NB,34.0,BB,0,5.1200876999646425,1.6331715678040628,2,1,0,-0.1455967436408619,0.16366110837145015,0.25
sub176,NB,17.0,BB,1,7.071278699964751,1.9560413263503578,3,1,0,0.4235309037456166,0.22957748230226432,0.5
sub176,NB,11.0,EM,1,4.173646699986421,1.428790162041062,5,1,1,-0.4216567191674412,0.13168783724729327,1.0
sub176,NB,38.0,EM,1,4.92389140004525,1.594099152848534,5,1,1,-0.2028237084018975,0.15703308032635965,1.0
sub176,NB,2.0,BB,1,4.80253270000685,1.5691434245924902,5,1,0,-0.2382218787720621,0.15293326362390036,1.0
sub176,NB,23.0,EM,0,8.51002809999045,2.141245244576359,5,1,1,0.8431884673646003,0.2781822285545909,1.0
sub176,NB,22.0,EM,0,6.6463944999850355,1.8940745271814146,5,1,1,0.29959975341429185,0.2152237743345891,1.0
sub176,NB,20.0,EM,0,4.137588899990078,1.4201132268747876,3,1,1,-0.43217413693015605,0.13046970974071842,0.5
sub176,NB,3.0,BB,1,5.645401999994647,1.7308414085283605,2,1,0,0.007628077360533913,0.1814076097810916,0.25
sub176,NB,15.0,BB,1,3.7291374999913387,1.3161769736709052,5,1,0,-0.5513121323150175,0.11667114506156608,1.0
sub176,NB,31.0,EM,1,4.121287000016309,1.4161654932261198,5,1,1,-0.43692911067696005,0.12991898859939827,1.0
sub176,NB,6.0,BB,1,5.501088199962396,1.704945927206415,4,1,0,-0.0344656866521911,0.17653230930753366,0.75
sub176,NB,26.0,EM,1,5.0153199000051245,1.6124972080146098,5,1,1,-0.17615564408311196,0.16012177599546035,1.0
sub176,NB,4.0,EM,0,5.78358859999571,1.7550243550784796,4,1,1,0.04793464630172782,0.18607591729065753,0.75
sub177,NB,5.0,EM,1,8.873424599994905,2.183060809745011,2,1,1,0.9491847512322507,0.2904587199792856,0.25
sub177,NB,23.0,EM,1,2.402071700023953,0.8763315733471534,5,1,1,-0.9383935798321758,0.07183936513769373,1.0
sub177,NB,18.0,EM,1,4.331218799983617,1.4658489804631452,5,1,1,-0.37569574529807304,0.13701103803310988,1.0
sub177,NB,26.0,EM,1,2.1560445000068285,0.768275292911126,5,1,1,-1.0101553302393993,0.06352791796851394,1.0
sub177,NB,19.0,BB,1,4.029046700045001,1.3935297971187046,5,1,0,-0.4638339625940153,0.12680286818658432,1.0
sub177,NB,15.0,BB,1,11.606808799959254,2.4515918914291697,5,1,0,1.746464217532062,0.38279964150947887,1.0
sub177,NB,12.0,EM,1,2.8652021999587305,1.0526389235781668,5,1,1,-0.8033066652959827,0.0874851339078777,1.0
sub177,NB,11.0,EM,1,2.385074399993755,0.8692303188196867,5,1,1,-0.9433513893844483,0.07126515154988777,1.0
sub177,NB,2.0,BB,1,3.6443059999728575,1.2931659495199979,5,1,0,-0.5760559692995985,0.11380531343548245,1.0
sub177,NB,9.0,EM,1,9.77477880002698,2.279805476462136,3,1,1,1.21209371059407,0.32090884018454524,0.5
sub177,NB,25.0,BB,1,3.1986152000026777,1.1627179661432139,4,1,0,-0.7060560341055616,0.09874870368873984,0.75
sub177,NB,30.0,EM,1,2.9231591999996454,1.072664949237019,5,1,1,-0.7864016410913497,0.08944307410266383,1.0
sub177,NB,16.0,EM,0,3.017793499981053,1.1045259352018784,5,1,1,-0.7587985020288581,0.09264007014469917,1.0
sub177,NB,21.0,BB,1,2.8409863999695517,1.0441513158030609,5,1,0,-0.8103699826633866,0.08666706036862888,1.0
sub177,NB,31.0,EM,1,3.5034775999956764,1.2537560752003847,5,1,1,-0.6171331042208904,0.1090477589608187,1.0
sub177,NB,10.0,BB,1,3.6766099999658763,1.3019911319579134,3,1,0,-0.5666334681107356,0.1148966276855998,0.5
sub177,NB,33.0,BB,1,7.865550499991514,2.0624925277024424,5,1,0,0.6552058350745487,0.2564100768423489,1.0
sub177,NB,1.0,EM,1,3.5469625999685377,1.2660916316052317,5,1,1,-0.6044493045666515,0.11051679685541355,1.0
sub177,NB,20.0,EM,1,3.6550454999669455,1.2961085418156242,5,1,1,-0.5729234485131957,0.1141681220469614,1.0
sub177,NB,27.0,BB,1,6.760998899990227,1.9111706454092563,3,1,0,0.3330278148163227,0.21909541298239876,0.5
sub177,NB,40.0,EM,1,2.9726746999658644,1.0894621199216818,5,1,1,-0.7719588520435641,0.09111583817914037,1.0
sub177,NB,36.0,BB,1,3.1633895999984816,1.15164411093942,2,1,0,-0.7163307139591301,0.09755869009098658,0.25
sub177,NB,29.0,BB,1,3.1336521000484936,1.14219912949132,5,1,0,-0.7250046128166439,0.09655407897579035,1.0
sub177,NB,32.0,EM,1,2.373708200000692,0.8644533737215694,5,1,1,-0.9466667073936927,0.07088117136090827,1.0
sub177,NB,28.0,EM,1,3.52272319997428,1.2592343268639836,5,1,1,-0.61151950563502,0.10969792604580035,1.0
sub177,NB,14.0,BB,1,5.697247800009791,1.7399832161311741,1,1,0,0.0227505734101196,0.18315909753423332,0.0
sub177,NB,8.0,BB,1,6.45074790000217,1.8641960775743036,5,1,0,0.24253312632990834,0.20861431660197233,1.0
sub177,NB,38.0,EM,1,4.033551500004251,1.39464725338187,5,1,1,-0.46251999271471883,0.1269550522006544,1.0
sub177,NB,34.0,BB,1,3.9805266999755986,1.381414147217907,5,1,0,-0.4779863820602229,0.1251637347200515,1.0
sub177,NB,4.0,EM,1,6.320476699969731,1.8437946325246777,3,1,1,0.20453533851893993,0.20421341216270744,0.5
sub177,NB,39.0,BB,0,6.05271180003183,1.8005064030272795,4,1,0,0.126433088378218,0.1951676082050976,0.75
sub177,NB,13.0,BB,1,4.857841600023676,1.580594224042563,1,1,0,-0.22208925815926295,0.15480174402136576,0.0
sub177,NB,35.0,EM,1,2.6675566000049002,0.9811629223397615,5,1,1,-0.8609563650526986,0.0808081446883005,1.0
sub177,NB,24.0,BB,1,3.3357061000424437,1.20468438110785,5,1,0,-0.6660690613193389,0.10337999556612784,1.0
sub177,NB,37.0,BB,1,2.577561100013554,0.9468436417739142,5,1,0,-0.8872064488145865,0.07776785953450477,1.0
sub177,NB,3.0,BB,1,1.884387300000526,0.6336027282755733,5,1,0,-1.0893928949550915,0.05435062185726065,1.0
sub177,NB,6.0,BB,1,2.8038891999749467,1.0310074534040692,5,1,0,-0.8211905748850369,0.08541381919099407,1.0
sub177,NB,22.0,EM,1,3.0333377000060864,1.1096635644161046,5,1,1,-0.7542645358560174,0.09316519418499322,1.0
sub177,NB,7.0,EM,1,3.328715499956161,1.2025864938282809,5,1,1,-0.66810809480244,0.1031438346729666,1.0
sub177,NB,17.0,BB,1,3.0771496999659576,1.1240037464291244,5,1,0,-0.7414853561322197,0.09464527900088851,1.0
sub178,NB,25.0,BB,1,5.471614599984605,1.6995737465504865,5,1,0,-0.043062610590119066,0.17553661342885074,1.0
sub178,NB,12.0,EM,1,9.682074600015767,2.2702761965090716,5,1,1,1.1850535473013815,0.317777048005873,1.0
sub178,NB,10.0,BB,1,5.310615300026257,1.6697077042519353,5,1,0,-0.09002323762056337,0.17009763279668644,1.0
sub178,NB,7.0,EM,0,11.507649699982721,2.4430120055303775,4,1,1,1.71754127493618,0.37944978579945576,0.75
sub178,NB,17.0,BB,1,3.0907148999976926,1.1284024233727907,5,1,0,-0.7375286289945955,0.09510354720617342,1.0
sub178,NB,39.0,BB,0,5.507754700025544,1.7061570446578278,3,1,0,-0.0325211873708595,0.17675752124781635,0.5
sub178,NB,37.0,BB,1,2.795507999951951,1.0280138432053658,5,1,0,-0.8236352215912602,0.08513068016733893,1.0
sub178,NB,27.0,BB,1,4.184393500036094,1.4313617711061108,5,1,0,-0.4185220690849001,0.13205089247388768,1.0
sub178,NB,30.0,EM,1,4.6221706999931484,1.5308644432327763,5,1,1,-0.2908302603942161,0.14684015995756938,1.0
sub178,NB,35.0,EM,1,3.1848828999791294,1.1584155222506325,5,1,1,-0.710061501333325,0.09828479040537481,1.0
sub178,NB,28.0,EM,1,3.207714499963913,1.1655586897732644,5,1,1,-0.7034019304428235,0.09905610202070908,1.0
sub178,NB,20.0,EM,1,2.07015029998729,0.7276212133309065,5,1,1,-1.0352091378785595,0.060626185535873706,1.0
sub178,NB,3.0,BB,1,2.2470885000075214,0.8096353782787342,5,1,0,-0.9835994177074913,0.0666036242157252,1.0
sub178,NB,31.0,EM,1,3.640549400006421,1.292134604326947,5,1,1,-0.5771517025727994,0.11367840558889228,1.0
sub178,NB,6.0,BB,1,5.065980300016236,1.6225476629055655,5,1,0,-0.16137890809264258,0.16183321781259502,1.0
sub178,NB,14.0,BB,1,4.842436800012365,1.5774180651064371,3,1,0,-0.2265825638320013,0.1542813292808945,0.5
sub178,NB,22.0,EM,1,2.50343950005481,0.9176655863503842,5,1,1,-0.9088263987861881,0.07526383655611336,1.0
sub178,NB,33.0,BB,1,2.7489115000353195,1.0112050151528165,5,1,0,-0.8372265903368087,0.08355652760494414,1.0
sub178,NB,13.0,BB,0,3.8893670000252314,1.3582464194599708,5,1,0,-0.5045760422058504,0.1220841198236375,1.0
sub178,NB,40.0,EM,1,3.0013323000166565,1.0990562900904406,5,1,1,-0.76359994074444,0.0920839674298942,1.0
sub178,NB,34.0,BB,1,4.917682299972512,1.5928373422711153,5,1,0,-0.20463479225621226,0.1568233205631338,1.0
sub178,NB,15.0,BB,1,4.944317399989814,1.5982389171217861,5,1,0,-0.19686580817892324,0.15772312443288566,1.0
sub178,NB,4.0,EM,0,2.77896339999279,1.0220779804659346,5,1,1,-0.8284609865992514,0.0845717599809278,1.0
sub178,NB,36.0,BB,0,4.025337299972307,1.3926087085947552,4,1,0,-0.4649159284992431,0.1266775548767901,0.75
sub178,NB,9.0,EM,1,4.661816000007093,1.5394050717967354,5,1,1,-0.27926643280026653,0.14817948266883568,1.0
sub178,NB,32.0,EM,1,3.476046999974642,1.2458957285932766,5,1,1,-0.6251341214746446,0.1081210810045689,1.0
sub178,NB,11.0,EM,1,2.9544155999901704,1.0833008647989,5,1,1,-0.7772847061565447,0.09049899766396892,1.0
sub178,NB,2.0,BB,1,2.376527199987322,0.8656402624039977,5,1,0,-0.9458444553279681,0.0709764046093343,1.0
sub178,NB,26.0,EM,0,2.907472899998538,1.0672842846444714,3,1,1,-0.7909770552952017,0.08891314955070359,0.5
sub178,NB,24.0,BB,1,4.5805270000128075,1.521814057011546,5,1,0,-0.30297698564985664,0.1454333260290782,1.0
sub178,NB,23.0,EM,1,3.508336699975189,1.2551420505127555,3,1,1,-0.6157157913387813,0.10921191216325594,0.5
sub178,NB,18.0,EM,1,3.5887284000054933,1.277797933627777,5,1,1,-0.5922669649001373,0.11192775564558602,1.0
sub178,NB,29.0,BB,1,4.308084499964025,1.460493373763807,5,1,0,-0.38244360839506486,0.13622950041289794,1.0
sub178,NB,21.0,BB,1,2.4258874999941327,0.8861974368143527,5,1,0,-0.9314469353429101,0.07264392562218538,1.0
sub178,NB,8.0,BB,1,3.692768399952911,1.3063764206498496,3,1,0,-0.5619203507531062,0.11544250101920422,0.5
sub178,NB,38.0,EM,1,2.9729163000010885,1.089543390239589,3,1,1,-0.7718883816182415,0.09112400006501599,0.5
sub178,NB,1.0,EM,1,2.4962330000125803,0.914782795514415,5,1,1,-0.9109284064394239,0.0750203819934816,1.0
sub178,NB,19.0,BB,0,2.6622549000312574,0.9791734704718116,3,1,0,-0.8625027764666239,0.08062903929168294,0.5
sub178,NB,5.0,EM,1,2.688640900014434,0.9890358243058661,5,1,1,-0.854806450430698,0.08152042790583164,1.0
sub178,NB,16.0,EM,1,2.926349199959077,1.0737556392771224,5,1,1,-0.7854711749442251,0.089550840707863,1.0
sub179,NB,30.0,EM,1,10.310174699989147,2.333131242598126,5,1,1,1.368259154656603,0.3389959246078176,1.0
sub179,NB,14.0,BB,1,5.246281799976714,1.6575195971153347,5,1,0,-0.10878817325799306,0.16792427762769302,1.0
sub179,NB,28.0,EM,1,4.944229800021276,1.5982211996620284,5,1,1,-0.19689135952884487,0.15772016507509729,1.0
sub179,NB,24.0,BB,1,7.589510400022846,2.026767083401098,5,1,0,0.5746898565365748,0.24708471482016192,1.0
sub179,NB,32.0,EM,1,3.6895023999968544,1.3054915980098671,5,1,1,-0.5628729847450397,0.11533216693383717,1.0
sub179,NB,27.0,BB,1,11.568449300015345,2.448281504566667,4,1,0,1.7352754349075024,0.3815037565130323,0.75
sub179,NB,12.0,EM,1,10.523294700018596,2.353591342689977,3,1,1,1.4304224611846463,0.3461956798414546,0.5
sub179,NB,7.0,EM,0,12.270055699977092,2.5071617982379517,4,1,1,1.9399215201966944,0.40520586963887617,0.75
sub179,NB,17.0,BB,1,6.027618699998129,1.7963520239523862,2,1,0,0.11911387822000555,0.1943198971584063,0.25
sub179,NB,6.0,BB,1,4.675923599977978,1.5424267047205642,5,1,0,-0.2751514972651504,0.14865607457344526,1.0
sub179,NB,22.0,EM,1,5.126566799997818,1.6344361953752746,5,1,1,-0.14370690560908414,0.1638799894448673,1.0
sub179,NB,18.0,EM,1,4.785133400000632,1.5655139033043222,5,1,1,-0.2432969445542997,0.15234546941751864,1.0
sub179,NB,3.0,BB,1,5.769720700045582,1.7526236738103949,5,1,0,0.043889626991569564,0.18560742308442774,1.0
sub179,NB,33.0,BB,1,12.679042699979618,2.539950449312016,5,1,0,2.059215740559067,0.4190225282976168,1.0
sub179,NB,15.0,BB,1,5.528967499965802,1.7100010892350295,5,1,0,-0.026333791608743672,0.17747414553164176,1.0
sub179,NB,4.0,EM,0,13.270177000027616,2.5855191866144387,2,1,1,2.231639082751477,0.438992602762542,0.25
sub179,NB,2.0,BB,1,4.659852500015404,1.5389837952793985,5,1,0,-0.27983915076120075,0.14811315046472784,1.0
sub179,NB,26.0,EM,1,4.278652599954512,1.4536381469349204,5,1,1,-0.3910283691952773,0.13523521326903487,1.0
sub179,NB,29.0,BB,0,7.130796500016004,1.9644229392691748,3,1,0,0.44089118550213696,0.23158815043455772,0.5
sub179,NB,31.0,EM,1,10.3586890999577,2.337825694072022,5,1,1,1.3824099406731785,0.34063486888818584,1.0
sub179,NB,11.0,EM,1,4.347664000000805,1.4696386893642104,5,1,1,-0.3708989734819968,0.13756660022753364,1.0
sub179,NB,40.0,EM,1,5.25763680000091,1.6596816482278465,5,1,1,-0.10547612208010038,0.16830787945220904,1.0
sub179,NB,38.0,EM,0,10.316116700007115,2.333707400480036,2,1,1,1.3699923301842658,0.3391966610273076,0.25
sub179,NB,9.0,EM,1,7.795800100022461,2.0535851399649094,5,1,1,0.6348608862516756,0.25405372451898145,1.0
sub179,NB,19.0,BB,1,8.512725799984764,2.1415621968195446,2,1,0,0.8439753383839513,0.27827336396961605,0.25
sub179,NB,8.0,BB,1,6.158787099993788,1.8178798588065483,5,1,0,0.15737336327347987,0.1987511113768093,1.0
sub179,NB,36.0,BB,1,4.502246499992907,1.5045764944269644,5,1,0,-0.3258100126639012,0.14278880444672026,1.0
sub179,NB,16.0,EM,1,7.719681900052819,2.043773158531379,5,1,1,0.6126585636333294,0.25148225113060524,1.0
sub179,NB,1.0,EM,1,6.612028300005477,1.8888904600472403,5,1,1,0.28957574523468343,0.21406279353443497,1.0
sub179,NB,21.0,BB,1,6.574640000006184,1.8832198237140656,5,1,0,0.2786702443286336,0.21279971823150934,1.0
sub179,NB,37.0,BB,1,2.956982599978801,1.0841693565036195,5,1,0,-0.7765359579999724,0.09058571768836989,1.0
sub179,NB,5.0,EM,1,6.061312100035138,1.8019262948021633,4,1,1,0.12894164264466387,0.1954581490034793,0.75
sub179,NB,39.0,BB,0,9.18549309996888,2.2176254025792534,2,1,0,1.0402095720794184,0.30100121629887283,0.25
sub179,NB,13.0,BB,0,9.312185199989472,2.2313237791063325,1,1,0,1.077163400191155,0.3052812093077771,0.0
sub179,NB,10.0,BB,1,3.943336799973622,1.372027268435989,5,1,0,-0.4888340132222477,0.12390736189187641,1.0
sub179,NB,23.0,EM,1,3.1461081000161357,1.146166165144338,5,1,1,-0.7213714195734249,0.09697487547984826,1.0
sub179,NB,34.0,BB,1,3.992275799973868,1.3843614442325465,3,1,0,-0.47455937894216677,0.12556065028025876,0.5
sub179,NB,35.0,EM,1,4.1540824000258,1.4240915615657537,5,1,1,-0.42736327685930775,0.13102690363705277,1.0
sub179,NB,20.0,EM,1,4.660926099983044,1.5392141622945292,5,1,1,-0.2795260007805904,0.14814941950088018,1.0
sub179,NB,25.0,BB,1,6.469690700003412,1.8671283021156058,5,1,0,0.2480584035578263,0.20925425430575345,1.0
sub17,NB,30.0,EM,1,9.871299599995837,2.2896315165095293,5,1,1,1.2402471080882842,0.32416956716762796,1.0
sub17,NB,29.0,BB,1,9.325078800000483,2.2327074158963716,3,1,0,1.0809242335696447,0.3057167890945023,0.5
sub17,NB,38.0,EM,1,10.023466899991035,2.3049290338163106,4,1,1,1.284631598102545,0.32931017956617087,0.75
sub17,NB,40.0,EM,1,10.45599780001794,2.347175765918106,5,1,1,1.4107931545848444,0.34392221321269933,1.0
sub17,NB,22.0,EM,1,5.125016800011508,1.6341338030701251,5,1,1,-0.1441590129864026,0.16382762636063292,1.0
sub17,NB,32.0,EM,1,3.8446072000078857,1.3466714390935142,5,1,1,-0.5176316783180299,0.12057201582407433,1.0
sub17,NB,17.0,BB,1,5.903580800018972,1.7755590820705462,3,1,0,0.08293423296646898,0.19012957002148395,0.5
sub17,NB,2.0,BB,1,5.792826700024307,1.756620376256052,5,1,0,0.050629235470905,0.18638800465468042,1.0
sub17,NB,12.0,EM,1,7.642187599994941,2.0336838972702362,5,1,1,0.5900548571392958,0.24886428945482797,1.0
sub17,NB,25.0,BB,1,5.216594900004566,1.6518448710357985,5,1,0,-0.11744731300358716,0.16692137591309375,1.0
sub17,NB,28.0,EM,1,3.489486200007377,1.2497545047480567,5,1,1,-0.6212141462915968,0.10857509259784129,1.0
sub17,NB,26.0,EM,1,11.110917499987409,2.4079281834989215,5,1,1,1.6018215613736526,0.3660471265798898,1.0
sub17,NB,20.0,EM,1,7.819020599999931,2.0565593037469037,2,1,1,0.6416338923404256,0.25483817420093224,0.25
sub17,NB,6.0,BB,1,3.073660199996084,1.1228690989921202,5,1,0,-0.7425031810957466,0.09452739449606774,1.0
sub17,NB,35.0,EM,1,4.070915299991611,1.403867863603494,5,1,1,-0.4516216380255959,0.12821729982861235,1.0
sub17,NB,24.0,BB,1,5.6190683000022545,1.7261658672443445,5,1,0,-5.29936999879308e-05,0.18051798799845714,1.0
sub17,NB,4.0,EM,1,11.334360000008019,2.427838820081187,5,1,1,1.6669957572175633,0.3735956030659917,1.0
sub17,NB,37.0,BB,1,2.3122203999955673,0.8382082749844435,5,1,0,-0.9646016030342963,0.0688039514386553,1.0
sub17,NB,9.0,EM,1,6.852377000002889,1.9245955993807173,2,1,1,0.3596811783685581,0.22218240600846423,0.25
sub17,NB,21.0,BB,1,3.5524566000094637,1.2676393641683892,5,1,0,-0.6028468026496001,0.11070239865507005,1.0
sub17,NB,15.0,BB,1,3.7897295000148006,1.3322946445194734,5,1,0,-0.5336385255672453,0.11871810249974728,1.0
sub17,NB,7.0,EM,1,8.327367299993057,2.11954735580329,2,1,1,0.7899095667483906,0.27201146536681015,0.25
sub17,NB,23.0,EM,1,2.9471095000044443,1.0808248594970506,5,1,1,-0.7794157653385757,0.09025217835277129,1.0
sub17,NB,36.0,BB,1,3.6766563999990467,1.3020037522087373,5,1,0,-0.5666199340478392,0.11489819520099775,1.0
sub17,NB,19.0,BB,1,9.824885699985316,2.2849185240983734,3,1,0,1.2267090004816903,0.322601583311265,0.5
sub17,NB,13.0,BB,0,7.849243499978911,2.060417157721047,1,1,0,0.650449373737292,0.25585918340827685,0.0
sub17,NB,10.0,BB,1,5.81749490002403,1.7608697395328219,5,1,0,0.05782450986029129,0.1872213614584899,1.0
sub17,NB,27.0,BB,1,4.964092799986247,1.6022305617659764,4,1,0,-0.1910976763680979,0.1583911895586454,0.75
sub17,NB,34.0,BB,1,7.515213100006804,2.016929379423895,2,1,0,0.5530186579889724,0.24457475623081465,0.25
sub17,NB,33.0,BB,1,4.850421200011624,1.5790655465417731,5,1,0,-0.22425365662231722,0.15455106335406532,1.0
sub17,NB,1.0,EM,1,8.071044100011932,2.0882828543357244,5,1,1,0.7151446566110318,0.26335219218591815,1.0
sub17,NB,39.0,BB,1,4.175599200010765,1.4292578689653335,5,1,0,-0.42108720970097824,0.13175379784351615,1.0
sub17,NB,31.0,EM,1,3.382251799979713,1.218541700685303,5,1,1,-0.6524925100225907,0.10495243197134718,1.0
sub17,NB,3.0,BB,1,4.641778299992438,1.5350975471237058,5,1,0,-0.28511107285261184,0.14750255635722426,1.0
sub17,NB,5.0,EM,1,4.79356310001458,1.5672739971104375,5,1,1,-0.24083815126491284,0.1526302468986796,1.0
sub17,NB,16.0,EM,1,7.121916300005978,1.9631768324706014,2,1,1,0.4383009893911324,0.23128815387633184,0.25
sub17,NB,11.0,EM,1,2.654961199994432,0.9764300406490504,5,1,1,-0.8646302188045093,0.08038263888343661,1.0
sub17,NB,18.0,EM,1,3.2403577999793924,1.1756837557994684,5,1,1,-0.6938804614832292,0.10015887871973853,1.0
sub17,NB,14.0,BB,1,3.181774900003802,1.1574391857425754,5,1,0,-0.7109680495462037,0.09817979397573229,1.0
sub17,NB,8.0,BB,1,3.3098262999847066,1.1968957106659774,5,1,0,-0.6736177378567417,0.10250570771944323,1.0
sub180,NB,2.0,BB,1,7.46800480003003,2.0106278684256584,5,1,0,0.5392488380672452,0.2429799354501187,1.0
sub180,NB,29.0,BB,1,7.158193499955814,1.9682576446629805,4,1,0,0.44888240221090153,0.23251369329151783,0.75
sub180,NB,40.0,EM,1,8.30289700004505,2.1166044900536116,5,1,1,0.7827720162778063,0.27118479414827135,1.0
sub180,NB,33.0,BB,1,3.3025153999915347,1.194684420534897,5,1,0,-0.6757501971154158,0.10225872625134468,1.0
sub180,NB,15.0,BB,1,7.9797167999786325,2.0769029221074957,5,1,0,0.6885061105075966,0.2602669153170282,1.0
sub180,NB,4.0,EM,1,6.994338000018615,1.9451009646136737,5,1,1,0.40108867253985026,0.22697822269715762,1.0
sub180,NB,37.0,BB,1,5.306690400000662,1.66896836410006,5,1,0,-0.09116806102216468,0.16996503933057877,1.0
sub180,NB,32.0,EM,1,4.417014799953904,1.4854640832888537,3,1,1,-0.3506705808635009,0.13990945300930097,0.5
sub180,NB,31.0,EM,1,3.698041399999056,1.3078033281426822,5,1,1,-0.5603823105966422,0.11562063685663833,1.0
sub180,NB,7.0,EM,0,8.13406319997739,2.096060577306998,3,1,1,0.7335262051645833,0.26548114345624807,0.5
sub180,NB,3.0,BB,1,3.584555199951865,1.2766343938161155,5,1,0,-0.5934842129955799,0.11178677395018918,1.0
sub180,NB,6.0,BB,1,2.7702916000271216,1.0189525854265826,5,1,0,-0.8309903961306949,0.08427880372539454,1.0
sub180,NB,34.0,BB,1,5.354560400010087,1.677948609028636,5,1,0,-0.07720523499142078,0.17158221408214802,1.0
sub180,NB,12.0,EM,1,2.6457602999871597,0.972958472015267,5,1,1,-0.8673139573903149,0.08007180823416683,1.0
sub180,NB,10.0,BB,1,4.949818300025072,1.5993508688412361,5,1,0,-0.19526129365647277,0.15790895933253418,1.0
sub180,NB,22.0,EM,1,2.180316000012681,0.7794698204304196,5,1,1,-1.003075766169623,0.06434787320111159,1.0
sub180,NB,24.0,BB,1,3.082154800009448,1.125628962764893,5,1,0,-0.7400254576329515,0.09481436447023919,1.0
sub180,NB,23.0,EM,1,16.494415699969977,2.80302188119591,1,1,1,3.172092060399761,0.5479158828451126,0.0
sub180,NB,5.0,EM,1,6.0111789999646135,1.7936209023467389,5,1,1,0.11431871065116493,0.193764520767925,1.0
sub180,NB,38.0,EM,1,6.196933900006115,1.8240546374725615,5,1,1,0.16850010511799296,0.20003981080904143,1.0
sub180,NB,19.0,BB,0,8.243878300010692,2.109470900669212,3,1,0,0.7655573131029966,0.26919098692982113,0.5
sub180,NB,14.0,BB,1,3.957656499987934,1.3756520571554955,5,1,0,-0.4846572118837703,0.12439111909489776,1.0
sub180,NB,28.0,EM,1,4.275398099969607,1.4528772208529728,5,1,1,-0.3919776488505382,0.13512526768299904,1.0
sub180,NB,1.0,EM,1,7.363671600003727,1.9965586670483106,5,1,1,0.5088167026815912,0.239455285005169,1.0
sub180,NB,39.0,BB,1,4.04398100002436,1.397229602834715,4,1,0,-0.45947789339698847,0.12730738819607307,0.75
sub180,NB,30.0,EM,1,5.39761590003036,1.6859573560860328,5,1,1,-0.06464671282030318,0.1730367423364882,1.0
sub180,NB,16.0,EM,0,4.614135499985423,1.529124526460673,5,1,1,-0.29317398506118947,0.14656870972623987,1.0
sub180,NB,27.0,BB,1,6.379551599966362,1.8530978127498596,5,1,0,0.22176643422134534,0.20620911796398633,1.0
sub180,NB,26.0,EM,1,3.9246607999666594,1.3672799271092546,5,1,1,-0.4942814696458125,0.12327643739499693,1.0
sub180,NB,13.0,BB,1,11.639840500021819,2.454433739462142,1,1,0,1.7560989758646817,0.383915539385645,0.0
sub180,NB,35.0,EM,1,7.091607499984093,1.9589120426285467,5,1,1,0.4294604524823615,0.2302642427391665,1.0
sub180,NB,36.0,BB,1,3.5794120999635197,1.2751985690400904,5,1,0,-0.5949843636198089,0.11161302647903167,1.0
sub180,NB,11.0,EM,1,3.519322899985127,1.25826861314807,5,1,1,-0.6125113125535813,0.109583054951396,1.0
sub180,NB,18.0,EM,1,9.311777899973094,2.231280039756737,2,1,1,1.0770445980338565,0.3052674496398709,0.25
sub180,NB,9.0,EM,1,3.7649766000104137,1.3257416460958666,5,1,1,-0.5408585054387641,0.11788188430657136,1.0
sub180,NB,17.0,BB,1,6.805903400003444,1.9177903826196923,1,1,0,0.34612565733895995,0.22061240532914872,0.0
sub180,NB,8.0,BB,1,4.2276500999578275,1.441646306768291,5,1,0,-0.40590488965582694,0.13351221441285543,1.0
sub180,NB,21.0,BB,1,4.154275799985044,1.4241381170836123,5,1,0,-0.42730686553729513,0.13103343719734067,1.0
sub180,NB,20.0,EM,1,4.203288699965924,1.4358672426875332,5,1,1,-0.41301067594965063,0.1326892221218166,1.0
sub180,NB,25.0,BB,0,7.913037999998778,2.0685117788395595,5,1,0,0.6690570926702418,0.25801432973584737,1.0
sub181,NB,16.0,EM,1,4.655975800007582,1.5381515128227559,5,1,1,-0.28096991507647023,0.14798218532224144,1.0
sub181,NB,32.0,EM,1,4.139504300022963,1.42057604637453,5,1,1,-0.4316154488701353,0.13053441700146062,1.0
sub181,NB,14.0,BB,1,4.9243145999498665,1.5941850974164842,3,1,0,-0.20270026853051187,0.15704737713439137,0.5
sub181,NB,28.0,EM,1,2.5676604000036605,0.9429951340936109,5,1,1,-0.8900943065917646,0.07743338779697168,1.0
sub181,NB,27.0,BB,1,3.3144675999647006,1.1982970074108314,5,1,0,-0.672263953353621,0.10266250306393095,1.0
sub181,NB,33.0,BB,1,3.19294350000564,1.1609432186201338,5,1,0,-0.7077103679334624,0.09855709871627527,1.0
sub181,NB,39.0,BB,1,2.814126400044188,1.0346518759649181,5,1,0,-0.8182045660364764,0.0857596587873066,1.0
sub181,NB,29.0,BB,1,2.464650999987498,0.9020502153157807,5,1,0,-0.9201403131026022,0.07395345880495921,1.0
sub181,NB,36.0,BB,1,2.821245300001465,1.0371783832205166,4,1,0,-0.8161281097671186,0.08600015398821717,0.75
sub181,NB,15.0,BB,1,3.9198496000026353,1.3660532857200591,5,1,0,-0.4956848109469105,0.12311390238131324,1.0
sub181,NB,9.0,EM,0,8.098249700036831,2.0916479519131537,2,1,1,0.7230800453750778,0.26427126904935866,0.25
sub181,NB,22.0,EM,1,2.3853126000030898,0.869330184935175,5,1,1,-0.9432819106860942,0.07127319857392879,1.0
sub181,NB,12.0,EM,1,4.090425500005949,1.4086489988748085,5,1,1,-0.4459308603240797,0.12887640580009846,1.0
sub181,NB,38.0,EM,1,6.226943400048185,1.8288855864075708,3,1,1,0.17725334155573105,0.2010536108041468,0.5
sub181,NB,25.0,BB,1,2.9427724999841303,1.0793521641852688,5,1,0,-0.7806807909656293,0.09010566306283968,1.0
sub181,NB,35.0,EM,1,2.8192497999989428,1.0364708211890294,5,1,1,-0.8167101615610204,0.08593274073941416,1.0
sub181,NB,7.0,EM,1,2.5592648000456393,0.9397200297630769,5,1,1,-0.8925431535024495,0.07714976230556339,1.0
sub181,NB,11.0,EM,1,2.596003299986478,0.9539730700222675,5,1,1,-0.8818271876949829,0.07839088565010392,1.0
sub181,NB,23.0,EM,1,4.144699100055732,1.4218301924795422,2,1,1,-0.43010021826416567,0.13070991103636326,0.25
sub181,NB,20.0,EM,1,5.372031799983233,1.6812061982233724,5,1,1,-0.07210913893354404,0.17217244401541681,1.0
sub181,NB,19.0,BB,1,2.1002090999973007,0.7420369111997578,5,1,0,-1.026441521518625,0.0616416510138158,1.0
sub181,NB,1.0,EM,1,1.678481799957808,0.5178896943394333,5,1,1,-1.1494518603886354,0.047394591445462764,1.0
sub181,NB,8.0,BB,0,2.147656699991785,0.7643773407784743,5,1,0,-1.012601902045701,0.06324455597973454,1.0
sub181,NB,37.0,BB,1,1.9265604999964125,0.6557362886898155,5,1,0,-1.077091723979817,0.05577534369166216,1.0
sub181,NB,18.0,EM,1,2.437289299967233,0.8908864791145394,5,1,1,-0.9281212334538272,0.07302910847230677,1.0
sub181,NB,13.0,BB,0,3.30761929997243,1.1962286858870748,5,1,0,-0.6742614804348742,0.1024311494429472,1.0
sub181,NB,26.0,EM,1,1.966932800016366,0.6764753751305824,5,1,1,-1.0653158434381704,0.05713922637898601,1.0
sub181,NB,5.0,EM,1,2.2749048999976367,0.8219382493303364,5,1,1,-0.9754858694771362,0.0675433355116247,1.0
sub181,NB,24.0,BB,1,1.7923476999858394,0.5835263247414999,5,1,0,-1.116239206270974,0.05124128161788361,1.0
sub181,NB,21.0,BB,1,1.7643227000371553,0.5677668773827528,5,1,0,-1.1244135993923035,0.05029452326566263,1.0
sub181,NB,40.0,EM,1,2.2294171000248753,0.8017401611803004,5,1,1,-0.9887538502044372,0.06600663775507783,1.0
sub181,NB,3.0,BB,1,5.705587599950377,1.741445975372204,5,1,0,0.02518314444999186,0.1834408379540035,1.0
sub181,NB,31.0,EM,1,3.3426514000166208,1.206764324410673,5,1,1,-0.6640432410717586,0.1036146261021233,1.0
sub181,NB,2.0,BB,1,2.3067584999953397,0.8358432923056943,5,1,0,-0.9661947419414508,0.06861943406296644,1.0
sub181,NB,34.0,BB,1,4.3800587999867275,1.477062148952749,4,1,0,-0.3614499875531242,0.13866098194069548,0.75
sub181,NB,6.0,BB,1,4.363428900018334,1.4732581932334823,5,1,0,-0.3663006330538894,0.13809918009518235,1.0
sub181,NB,4.0,EM,1,2.1711116999504156,0.7752393404940274,5,1,1,-1.0057604964908862,0.06403692768902401,1.0
sub181,NB,10.0,BB,1,2.452045099984389,0.8969224110468967,5,1,0,-0.923817229515172,0.07352759828267341,1.0
sub181,NB,30.0,EM,1,3.3519517999957316,1.2095428030402373,5,1,1,-0.6613304801171087,0.1039288181226529,1.0
sub181,NB,17.0,BB,1,2.478884599986486,0.9078087009354285,5,1,0,-0.915988625604421,0.07443430732256455,1.0
sub182,NB,20.0,EM,1,6.182947000022978,1.8217950186527412,3,1,1,0.16442037561860887,0.19956729646809718,0.5
sub182,NB,35.0,EM,1,10.571533799986355,2.3581648981520784,2,1,1,1.4444929470964256,0.3478253237623012,0.25
sub182,NB,16.0,EM,1,10.848952600033954,2.3840685407676254,3,1,1,1.5254110678810444,0.35719726190642664,0.5
sub182,NB,39.0,BB,1,5.30112050002208,1.667918213311559,4,1,0,-0.0927927015986065,0.16977687343101,0.75
sub182,NB,26.0,EM,1,4.396824499999639,1.4808825758245836,5,1,1,-0.3565597315991274,0.1392273714695847,1.0
sub182,NB,18.0,EM,1,3.7700089999707416,1.3270773887172136,3,1,1,-0.5393906440401983,0.11805189203905596,0.5
sub182,NB,21.0,BB,1,4.307758099981584,1.4604176063669887,5,1,0,-0.3825388134539821,0.136218473761333,1.0
sub182,NB,34.0,BB,1,3.854221799992956,1.3491691189311577,5,1,0,-0.5148272708202171,0.12089682234881284,1.0
sub182,NB,33.0,BB,1,15.462672099994961,2.738428867809938,2,1,0,2.871150836419226,0.5130608650961205,0.25
sub182,NB,3.0,BB,1,5.2447282000212,1.6572234197278626,5,1,0,-0.10924133068218239,0.167871792927012,1.0
sub182,NB,30.0,EM,1,5.116612000041641,1.6324925012770721,4,1,1,-0.14661054337661247,0.16354369006857983,0.75
sub182,NB,1.0,EM,1,8.09170869999798,2.0908399201402332,4,1,1,0.7211721522146102,0.2640502968306254,0.75
sub182,NB,22.0,EM,1,2.8024679999798536,1.0305004575153494,4,1,1,-0.8216051135999413,0.08536580730988812,0.75
sub182,NB,31.0,EM,1,3.991801099968143,1.384242532550649,2,1,1,-0.47469784047539065,0.125544613663094,0.25
sub182,NB,9.0,EM,1,3.6149345000158064,1.285073736502126,2,1,1,-0.5846231124807466,0.11281306676456311,0.25
sub182,NB,40.0,EM,0,8.228913299972191,2.1076539646551056,3,1,1,0.7611922892457472,0.2686854297914311,0.5
sub182,NB,6.0,BB,1,3.068747900018934,1.1212696282489105,4,1,0,-0.743936011469222,0.09436144405751297,0.75
sub182,NB,17.0,BB,0,2.770470999996178,1.0190173418444513,3,1,0,-0.8309380683563611,0.0842848643291199,0.5
sub182,NB,4.0,EM,1,5.531943099980708,1.7105391281351365,4,1,1,-0.025465862105149846,0.17757466914170922,0.75
sub182,NB,12.0,EM,1,2.527774700021837,0.92733935048622,5,1,1,-0.9017282545727756,0.07608594374126725,1.0
sub182,NB,13.0,BB,1,9.259769900003448,2.2256791995376286,3,1,0,1.0618747911477038,0.3035104823448225,0.5
sub182,NB,10.0,BB,1,3.558725000009872,1.2694023346496774,4,1,0,-0.6010184220630201,0.11091416172612502,0.75
sub182,NB,36.0,BB,1,2.807176599977538,1.0321792095359454,4,1,0,-0.8202316988808461,0.08552487622632837,0.75
sub182,NB,8.0,BB,0,4.240886399988085,1.4447723039955438,4,1,0,-0.4020440967881263,0.13395937150934412,0.75
sub182,NB,38.0,EM,1,3.773147500003688,1.3279095337785194,4,1,1,-0.5384751995039775,0.1181579188410213,0.75
sub182,NB,11.0,EM,1,3.2861099999863654,1.1897044944006097,5,1,1,-0.6805353599771631,0.10170450860621139,1.0
sub182,NB,23.0,EM,0,6.996335000032559,1.9453864405200147,3,1,1,0.4016711618603558,0.2270456866202994,0.5
sub182,NB,28.0,EM,1,2.865049200016074,1.0525855227997318,5,1,1,-0.8033512926530249,0.0874799651666158,1.0
sub182,NB,25.0,BB,1,13.643413099984173,2.613256848385261,3,1,0,2.3405054025981595,0.4516015018038013,0.5
sub182,NB,15.0,BB,1,3.8145761999767274,1.3388295707483402,4,1,0,-0.5263911859194874,0.11955748950267882,0.75
sub182,NB,27.0,BB,1,2.281505099963397,0.8248353567382445,3,1,0,-0.9735607087528436,0.06776630765989781,0.5
sub182,NB,7.0,EM,1,2.943263199995272,1.0795188978026948,5,1,1,-0.7805376625159216,0.09012224020235203,1.0
sub182,NB,24.0,BB,1,3.555827300006058,1.2685877506697305,5,1,0,-0.6018636295214403,0.11081626978372126,1.0
sub182,NB,32.0,EM,1,2.0569803999969736,0.721239082184478,4,1,1,-1.0390505630377591,0.06018127160771748,0.75
sub182,NB,37.0,BB,1,2.136184500006493,0.7590212937752556,5,1,0,-1.0159481383639168,0.062856994831677,1.0
sub182,NB,14.0,BB,0,2.3328971000155434,0.847110885772344,4,1,0,-0.9585705780664258,0.06950246485439569,0.75
sub182,NB,5.0,EM,1,2.755264099978376,1.0135133000715206,4,1,1,-0.8353736501272755,0.08377113517195289,0.75
sub182,NB,19.0,BB,0,4.304110999975819,1.4595706124841352,4,1,0,-0.3836026075397809,0.13609526511197834,0.75
sub182,NB,2.0,BB,1,3.636674499954097,1.2910696651490954,4,1,0,-0.5782819418731224,0.11354750125364602,0.75
sub182,NB,29.0,BB,1,5.678176400018856,1.7366301248487326,4,1,0,0.017187785856668057,0.1825148153839023,0.75
sub183,NB,12.0,EM,1,16.41750109998975,2.798347906084039,3,1,1,3.149657442088987,0.5453175049656352,0.5
sub183,NB,23.0,EM,1,6.086918799963314,1.8061420095120682,4,1,1,0.13641066074051061,0.1963232108080898,0.75
sub183,NB,31.0,EM,1,6.306829399953131,1.8416330779979533,4,1,1,0.2005546642786298,0.20375237040357663,0.75
sub183,NB,13.0,BB,0,5.846604400023352,1.765861048280223,5,1,0,0.06631523232221835,0.18820475708039175,1.0
sub183,NB,4.0,EM,1,4.533032400009688,1.5113911195196867,5,1,1,-0.3168303141878295,0.1438288332790092,1.0
sub183,NB,1.0,EM,1,13.499937399988994,2.6026850483957804,4,1,1,2.2986560974325556,0.4467545145581308,0.75
sub183,NB,20.0,EM,1,6.801644400053192,1.9171644064846964,2,1,1,0.3448833829424984,0.22046852508713644,0.25
sub183,NB,8.0,BB,0,5.51074980001431,1.7067006937642057,3,1,0,-0.03164757007235127,0.17685870361838885,0.5
sub183,NB,16.0,EM,0,11.23407419997966,2.418951499035879,1,1,1,1.6377441762926779,0.3702076844590384,0.0
sub183,NB,34.0,BB,1,6.322706400009338,1.8441473443449667,2,1,0,0.2051857022905639,0.20428873730594782,0.25
sub183,NB,35.0,EM,1,5.2815115000121295,1.6642123256927261,4,1,1,-0.09851229749837428,0.1691144297353056,0.75
sub183,NB,19.0,BB,0,8.56162970000878,2.147290557547673,1,1,0,0.858239734626395,0.2799254665883028,0.0
sub183,NB,26.0,EM,1,4.9034204999916255,1.589933022807953,4,1,1,-0.20879470518663162,0.15634151937582486,0.75
sub183,NB,25.0,BB,1,4.859053599997424,1.580843686438747,5,1,0,-0.2217357393629526,0.15484268857444833,1.0
sub183,NB,15.0,BB,1,3.552768900000956,1.2677272712986252,5,1,0,-0.602755710306802,0.11071294897178317,1.0
sub183,NB,5.0,EM,1,4.6845994999748655,1.5442804264386027,5,1,1,-0.2726208918276567,0.1489491693388379,1.0
sub183,NB,10.0,BB,1,5.596511699957773,1.7221434929297892,5,1,0,-0.006632352007991994,0.17975596660581045,1.0
sub183,NB,40.0,EM,1,5.437302100006491,1.6932830003513686,3,1,1,-0.053070955436160014,0.17437744675626032,0.5
sub183,NB,9.0,EM,1,5.212665400002152,1.6510913180367701,4,1,1,-0.11859347813646186,0.1667886270476468,0.75
sub183,NB,22.0,EM,1,6.8560793999931775,1.9251357623242726,5,1,1,0.3607611024744793,0.2223074828370275,1.0
sub183,NB,30.0,EM,1,8.409763600036968,2.129393364200597,5,1,1,0.813943099292021,0.2747950295202988,1.0
sub183,NB,36.0,BB,1,4.886332999973092,1.5864421244167979,3,1,0,-0.2137788244682723,0.15576425859470994,0.5
sub183,NB,27.0,BB,1,2.951181699987501,1.0822056664094244,5,1,0,-0.7782279771640485,0.09038974799961991,1.0
sub183,NB,3.0,BB,1,5.9057424000347964,1.775925165715366,5,1,0,0.08356473317459663,0.19020259456645772,1.0
sub183,NB,21.0,BB,1,4.956747499993071,1.600749779672272,3,1,0,-0.19324016949381648,0.1581430459678928,0.5
sub183,NB,11.0,EM,1,3.80833289999282,1.337191534324709,5,1,1,-0.528212245278499,0.11934657437632705,1.0
sub183,NB,39.0,BB,1,8.526512100012042,2.14318037987638,5,1,0,0.8479965564506029,0.27873910151541265,1.0
sub183,NB,37.0,BB,1,2.733552699966822,1.005602118467173,5,1,0,-0.8417064786458788,0.08303766686376418,1.0
sub183,NB,6.0,BB,1,3.7662205999949947,1.3260720052573274,5,1,0,-0.5404956528094862,0.1179239099043491,1.0
sub183,NB,33.0,BB,1,6.270079999987502,1.8357891137320923,4,1,0,0.18983551912815402,0.20251087882747398,0.75
sub183,NB,24.0,BB,1,4.00040610000724,1.3863958809683863,5,1,0,-0.472187915292253,0.1258353132410706,1.0
sub183,NB,17.0,BB,1,6.583915299968794,1.8846295987672317,5,1,0,0.28137568405571506,0.2131130623073358,1.0
sub183,NB,7.0,EM,0,5.200391199963633,1.648733853519927,3,1,1,-0.12217364357975921,0.1663739722242899,0.5
sub183,NB,14.0,BB,1,2.9738076999783516,1.0898431855500634,5,1,0,-0.7716283761282919,0.09115411390534386,1.0
sub183,NB,38.0,EM,1,4.659563400025945,1.5389217527667236,4,1,1,-0.27992347607679524,0.1481033839052221,0.75
sub183,NB,32.0,EM,1,2.5847802000353113,0.9496404753453426,5,1,1,-0.8851007659718355,0.07801173975764954,1.0
sub183,NB,29.0,BB,1,3.7636479000211693,1.3253886732512163,5,1,0,-0.5412460635501746,0.11783699731942714,1.0
sub183,NB,28.0,EM,1,7.181954900035635,1.9715716162012775,5,1,1,0.4558131792214742,0.23331641600435377,1.0
sub183,NB,2.0,BB,1,3.544675599958282,1.2654466466172603,5,1,0,-0.6051163817187137,0.11043953596816274,1.0
sub183,NB,18.0,EM,1,2.7827201999607496,1.023428938488561,5,1,1,-0.82736519498917,0.08469867458409647,1.0
sub184,NB,4.0,EM,0,2.4449601999949664,0.8940288446736772,5,1,1,-0.9258837685997353,0.07328825169027668,1.0
sub184,NB,13.0,BB,0,2.3850150000071153,0.8692054136316864,3,1,0,-0.9433687153021318,0.07126314486180299,0.5
sub184,NB,19.0,BB,1,2.902593299979344,1.0656045787690056,4,1,0,-0.7924003476736059,0.08874830380290238,0.75
sub184,NB,36.0,BB,1,5.786700600059703,1.7555622846125176,2,1,0,0.048842361269194785,0.18618104885383657,0.25
sub184,NB,11.0,EM,0,4.544504499994218,1.5139187007828692,3,1,1,-0.31348410703805385,0.14421639104877748,0.5
sub184,NB,3.0,BB,1,3.611177199985832,1.2840338133665394,5,1,0,-0.5857190499500073,0.11268613526798177,1.0
sub184,NB,23.0,EM,1,2.633947500027716,0.9684836714701036,4,1,1,-0.8707595406520073,0.07967274072140332,0.75
sub184,NB,17.0,BB,1,3.0441128000384197,1.1132094958300842,3,1,0,-0.751121631172798,0.09352920545958048,0.5
sub184,NB,12.0,EM,1,2.002578099956736,0.6944354004266836,3,1,1,-1.0549187445916468,0.05834341854661354,0.5
sub184,NB,6.0,BB,1,1.8465368000324816,0.6133118847260136,3,1,0,-1.1004332113563122,0.053071932221360446,0.5
sub184,NB,34.0,BB,1,4.878530600108206,1.5848440679881775,2,1,0,-0.21605464548173067,0.15550067296570103,0.25
sub184,NB,28.0,EM,1,1.8039686999982223,0.5899890711563335,5,1,1,-1.1128495676362504,0.05163386962298726,1.0
sub184,NB,37.0,BB,1,2.1266371000092477,0.7545419057749756,5,1,0,-1.0187329448226847,0.06253445849961856,1.0
sub184,NB,1.0,EM,1,2.087979199946858,0.7361967082594992,4,1,1,-1.0300087654447603,0.06122849276079935,0.75
sub184,NB,8.0,BB,0,2.7512940999586135,1.0120713827927195,5,1,0,-0.8365316283935609,0.0836370181091907,1.0
sub184,NB,18.0,EM,1,3.0993711999617517,1.131199252194529,4,1,1,-0.7350037405374346,0.09539597983080535,0.75
sub184,NB,33.0,BB,1,2.0281967000337318,0.7071470731525912,4,1,0,-1.0474462554344321,0.05920888236961147,0.75
sub184,NB,30.0,EM,1,2.4305526999523863,0.8881186800300361,3,1,1,-0.930086179641993,0.07280152837092206,0.5
sub184,NB,27.0,BB,1,2.7579239000333473,1.0144781865442196,3,1,0,-0.8345978338449105,0.08386099022714977,0.5
sub184,NB,7.0,EM,0,2.555727200000547,0.9383368015550534,4,1,1,-0.8935750084008462,0.07703025285344417,0.75
sub184,NB,26.0,EM,0,3.81398940004874,1.338675727952745,4,1,1,-0.5265623450025817,0.11953766585472443,0.75
sub184,NB,29.0,BB,1,2.6892275999998674,0.9892540148353517,4,1,0,-0.8546353204990658,0.08154024817746319,0.75
sub184,NB,31.0,EM,1,1.9974609999917448,0.6918768740580492,4,1,1,-1.0564113114723452,0.05817054942476248,0.75
sub184,NB,9.0,EM,1,2.7309444999555126,1.0046475200424878,4,1,1,-0.8424672441149434,0.08294955499402319,0.75
sub184,NB,21.0,BB,1,3.1893751999596134,1.1598250355316448,4,1,0,-0.7087511774751035,0.09843655213722113,0.75
sub184,NB,20.0,EM,1,1.623168999911286,0.4843804112145716,4,1,1,-1.1655856185706044,0.04552597929471652,0.75
sub184,NB,25.0,BB,1,2.1544054000405595,0.7675147690292662,4,1,0,-1.010633426493243,0.06347254485215241,0.75
sub184,NB,16.0,EM,0,5.7160781000275165,1.743282923380071,4,1,1,0.02824303639742796,0.18379523469210135,0.75
sub184,NB,39.0,BB,1,4.12372100003995,1.4167559111115433,4,1,0,-0.4362191562403143,0.13000121553448868,0.75
sub184,NB,10.0,BB,0,4.538675099960528,1.5126351412605936,4,1,0,-0.3151844391566668,0.14401945855348974,0.75
sub184,NB,24.0,BB,1,2.510976600111462,0.92067176118,5,1,0,-0.9066279609995447,0.07551845965845864,1.0
sub184,NB,40.0,EM,1,3.0392176000168547,1.1116001138776876,5,1,1,-0.7525494737939249,0.09336383270258868,1.0
sub184,NB,32.0,EM,1,2.2981927999062464,0.8321230749090874,5,1,1,-0.9686932040294388,0.06833006214086766,1.0
sub184,NB,22.0,EM,1,3.8605033999774605,1.3507975894754405,5,1,1,-0.5129950400334803,0.12110903135011634,1.0
sub184,NB,2.0,BB,1,2.5752400000346825,0.9459427336694501,5,1,0,-0.8878834723198835,0.07768944666045087,1.0
sub184,NB,5.0,EM,1,2.827519099926576,1.039399684043352,5,1,1,-0.8142981541187213,0.08621209948295895,1.0
sub184,NB,35.0,EM,1,2.4856646000407636,0.9105400684760495,5,1,1,-0.9140110203980774,0.07466335359165285,1.0
sub184,NB,14.0,BB,1,1.7039464000845328,0.5329469725629415,5,1,0,-1.1420242902728654,0.04825485274430627,1.0
sub184,NB,15.0,BB,0,3.9959480999968946,1.3852808727131973,5,1,0,-0.4734882344603593,0.1256847102526059,1.0
sub184,NB,38.0,EM,1,3.647540000034496,1.2940529677794834,5,1,1,-0.5751126691066762,0.11391456648008712,1.0
sub185,NB,36.0,BB,1,8.322418799973093,2.1189529337325244,3,1,0,0.7884661774674572,0.27184429199541155,0.5
sub185,NB,11.0,EM,1,9.943119500065222,2.2968808044377558,5,1,1,1.2611956932150192,0.3265958326581141,1.0
sub185,NB,38.0,EM,0,12.300444799941033,2.509635424321353,4,1,1,1.9487854791677377,0.4062324935196976,0.75
sub185,NB,26.0,EM,1,2.6649428999517113,0.9801826314789682,4,1,1,-0.861718734785977,0.0807198470126506,0.75
sub185,NB,8.0,BB,1,7.676608299952932,2.038177822003092,3,1,0,0.6000947619915047,0.2500271114078767,0.5
sub185,NB,17.0,BB,1,4.209788799984381,1.4374124801614265,5,1,0,-0.41111471259635474,0.1329088126300776,1.0
sub185,NB,10.0,BB,1,5.821145199937746,1.7614970121354723,4,1,0,0.058889237302221835,0.1873446782091679,0.75
sub185,NB,25.0,BB,1,19.448970400029793,2.967794132932194,3,1,0,4.033883020648969,0.6477285267165618,0.5
sub185,NB,40.0,EM,1,4.46261000004597,1.4957337966721997,5,1,1,-0.3373712734351088,0.14144977902490824,1.0
sub185,NB,5.0,EM,1,4.737721399986185,1.5555563028228871,4,1,1,-0.2571261801473853,0.15074376711274173,0.75
sub185,NB,28.0,EM,1,3.812795800040476,1.338362725819685,5,1,1,-0.5269104968568205,0.11949734290096513,1.0
sub185,NB,35.0,EM,1,6.160890099941753,1.8182212638505706,4,1,1,0.1579867708859787,0.19882215625706268,0.75
sub185,NB,2.0,BB,1,4.405692800064571,1.482897522859182,5,1,0,-0.35397300649006724,0.1395269660163055,1.0
sub185,NB,23.0,EM,1,5.138279000064358,1.6367181985105022,3,1,1,-0.14029066554361155,0.16427565842813885,0.5
sub185,NB,16.0,EM,1,5.5452115999069065,1.7129347805624082,4,1,1,-0.02159567710155744,0.17802291403553877,0.75
sub185,NB,27.0,BB,1,5.454728599986993,1.6964828655243285,5,1,0,-0.04798795590608686,0.17496615984945318,1.0
sub185,NB,22.0,EM,0,3.0186031000921503,1.1047941747393342,5,1,1,-0.7585623561023177,0.09266742056998173,1.0
sub185,NB,7.0,EM,1,3.941431700019166,1.3715440329442863,5,1,1,-0.4893896969329226,0.12384300259492727,1.0
sub185,NB,20.0,EM,1,2.6833406999940053,0.9870625480979747,4,1,1,-0.8563524243349976,0.08134137318158646,0.75
sub185,NB,12.0,EM,1,4.5657458999194205,1.5185818960814896,5,1,1,-0.30728836916993896,0.1449339815154635,1.0
sub185,NB,1.0,EM,1,7.434443700010888,2.0061237553254565,3,1,1,0.5294596632004097,0.24184615304829793,0.5
sub185,NB,4.0,EM,1,2.8859336000168696,1.0598484524698375,5,1,1,-0.7972596853016531,0.08818549523505763,1.0
sub185,NB,33.0,BB,1,5.158093000063673,1.640566937553235,4,1,0,-0.13451127479974026,0.16494502756371804,0.75
sub185,NB,30.0,EM,1,5.3834740000311285,1.6833338906959145,4,1,1,-0.06877165306251258,0.1725589916865306,0.75
sub185,NB,6.0,BB,1,3.5325163000961766,1.2620104498889502,5,1,0,-0.6086630328279011,0.11002876277556017,1.0
sub185,NB,9.0,EM,1,5.562630199943669,1.7160710539498716,4,1,1,-0.01651498184430779,0.1786113602478135,0.75
sub185,NB,19.0,BB,0,5.804387000040151,1.7586140109589674,4,1,0,0.05400116899822192,0.186778542053939,0.75
sub185,NB,13.0,BB,1,2.894072699942626,1.0626647488138175,5,1,0,-0.7948856548799317,0.08846045547942447,1.0
sub185,NB,37.0,BB,1,2.8304512999020517,1.0404361688712223,5,1,0,-0.8134428836333055,0.0863111569253228,1.0
sub185,NB,32.0,EM,1,4.566060499986634,1.5186507981263995,5,1,1,-0.30719660593603687,0.14494460953479582,1.0
sub185,NB,21.0,BB,1,4.389979299972765,1.4793245118078002,5,1,0,-0.35855635447571105,0.13899612257360133,1.0
sub185,NB,18.0,EM,1,3.809235099935904,1.3374284078117091,5,1,1,-0.5279490896309588,0.11937705306796138,1.0
sub185,NB,34.0,BB,1,7.3885474998969585,1.9999311662367323,4,1,0,0.5160725594290114,0.24029565845873024,0.75
sub185,NB,31.0,EM,1,8.358939500059932,2.1233315649901368,3,1,1,0.7991186149383809,0.2730780574869186,0.5
sub185,NB,15.0,BB,1,5.302101899986155,1.668103326842117,4,1,0,-0.09250644471616934,0.16981002770806836,0.75
sub185,NB,3.0,BB,1,3.4160802999977022,1.228493782675126,5,1,0,-0.6426253393407606,0.10609524784980512,1.0
sub185,NB,24.0,BB,0,5.548841200070456,1.7135891131779981,4,1,0,-0.02053698740791176,0.17814553149410628,0.75
sub185,NB,14.0,BB,1,3.865023500053212,1.3519677622416542,4,1,0,-0.5116766073828255,0.12126173224244206,0.75
sub185,NB,29.0,BB,1,4.479644599952735,1.4995437129123808,5,1,0,-0.33240258417346985,0.14202525270084054,1.0
sub185,NB,39.0,BB,1,8.608478599926457,2.152747601307673,4,1,0,0.8719047239548567,0.2815081458878797,0.75
sub18,NB,19.0,BB,1,10.96554279999691,2.3947578836083148,2,1,0,1.5594183517467617,0.361135986109965,0.25
sub18,NB,30.0,EM,1,6.827285900013521,1.9209272153992678,4,1,1,0.35236255158763974,0.22133476252854117,0.75
sub18,NB,39.0,BB,0,4.83246780000627,1.575357268861651,3,1,0,-0.22949034350106703,0.15394455018949954,0.5
sub18,NB,20.0,EM,1,4.5522982999973465,1.5156322263107895,3,1,1,-0.3112107944510335,0.14447968615179313,0.5
sub18,NB,8.0,BB,1,3.5191295000258833,1.2582136578970287,5,1,0,-0.6125677238755939,0.10957652139110809,1.0
sub18,NB,21.0,BB,1,4.7304638999921735,1.5540232738029764,4,1,0,-0.2592430635778126,0.15049858963733925,0.75
sub18,NB,12.0,EM,1,3.772479499981273,1.3277324775778454,5,1,1,-0.5386700432077519,0.11813535203989146,1.0
sub18,NB,10.0,BB,1,3.261946499987971,1.1823241030796436,5,1,0,-0.687583422369163,0.10088820189847683,1.0
sub18,NB,36.0,BB,0,10.162235999974655,2.318678496674226,1,1,0,1.3251080719093695,0.33399816546020294,0.0
sub18,NB,11.0,EM,1,2.469358000002103,0.9039581978275923,1,1,1,-0.9187673650700621,0.07411247366975462,0.0
sub18,NB,14.0,BB,1,3.378671599988593,1.217482614488354,4,1,0,-0.6535367905661762,0.10483148338078802,0.75
sub18,NB,18.0,EM,1,3.0531693999946583,1.1161801986184905,5,1,1,-0.748479982340667,0.0938351612728541,1.0
sub18,NB,6.0,BB,1,3.6203750999993645,1.2865776392539792,5,1,0,-0.5830361864089202,0.11299686456955717,1.0
sub18,NB,3.0,BB,1,2.937801500025671,1.0776615125099382,5,1,0,-0.7821307430777065,0.0899377295842249,1.0
sub18,NB,32.0,EM,1,3.658204100007424,1.2969723439308671,5,1,1,-0.5720021411629299,0.11427482788015049,1.0
sub18,NB,37.0,BB,1,2.705475300026592,0.9952776085178924,5,1,0,-0.8498961559110524,0.0820891383017397,1.0
sub18,NB,25.0,BB,1,7.412119800021173,2.0031164712743035,5,1,0,0.5229481793520132,0.24109199287673294,1.0
sub18,NB,38.0,EM,1,4.096203599998262,1.4100605935326789,4,1,1,-0.44424549151344633,0.1290716052447981,0.75
sub18,NB,16.0,EM,1,7.991670100018382,2.0783997617177814,1,1,1,0.6919926751392124,0.26067072929276264,0.0
sub18,NB,4.0,EM,1,3.7061956000106875,1.310005905750123,5,1,1,-0.5580038757489321,0.11589610722169912,1.0
sub18,NB,17.0,BB,1,2.513746300013736,0.9217741902045807,5,1,0,-0.9058200888899729,0.0756120274201152,1.0
sub18,NB,2.0,BB,1,3.973440000001574,1.3796322182467364,5,1,0,-0.4800534461682217,0.12492432731943141,1.0
sub18,NB,34.0,BB,1,4.4844106000091415,1.5006070710464348,5,1,0,-0.3310124268800289,0.14218626074253016,1.0
sub18,NB,24.0,BB,1,2.0176804999937303,0.7019485843192412,5,1,0,-1.0505136436031002,0.05885361741904131,1.0
sub18,NB,1.0,EM,1,2.7542937000107486,1.0131610395043789,5,1,1,-0.8356566985067524,0.08373835250376274,1.0
sub18,NB,15.0,BB,1,4.00364169999375,1.38720437193286,5,1,0,-0.47124414842975404,0.1259446203353537,1.0
sub18,NB,23.0,EM,1,2.5909010999894235,0.9520057302568696,3,1,1,-0.8833154085205293,0.07821851988843548,0.5
sub18,NB,26.0,EM,1,4.526573700015433,1.5099652956997232,4,1,1,-0.3187142018917524,0.14361064137266677,0.75
sub18,NB,29.0,BB,1,3.3527877000160515,1.209792149051264,1,1,0,-0.661086662975673,0.10395705702817684,0.0
sub18,NB,28.0,EM,1,2.184095400007209,0.7812017382506395,5,1,1,-1.0019733825344903,0.06447555129273531,1.0
sub18,NB,27.0,BB,1,2.966674700001022,1.0874416959318312,4,1,0,-0.7737089451222579,0.0909131423685983,0.75
sub18,NB,33.0,BB,1,4.017884100001538,1.3907554207804795,5,1,0,-0.4670898941258088,0.12642576614044687,1.0
sub18,NB,7.0,EM,1,3.565576599998167,1.2713257799178168,4,1,1,-0.5990199324317277,0.11114562682967088,0.75
sub18,NB,31.0,EM,1,2.0469219000078738,0.7163371525599274,5,1,1,-1.0419844482571112,0.05984146897103837,1.0
sub18,NB,40.0,EM,1,3.004899599996861,1.10024415644627,5,1,1,-0.7625594229041797,0.0922044802240894,1.0
sub18,NB,35.0,EM,1,2.1681107000040356,0.7738561431613074,5,1,1,-1.006635834701902,0.06393554600233525,1.0
sub18,NB,9.0,EM,1,3.1607004999823403,1.15079368024166,4,1,1,-0.7171150765180868,0.09746784520588753,0.75
sub18,NB,13.0,BB,1,6.3188915999780875,1.8435438130276367,4,1,0,0.2040729930954952,0.2041598633077943,0.75
sub18,NB,22.0,EM,1,3.2202740000211634,1.1694664491103726,5,1,1,-0.699738548067683,0.09948039503054654,1.0
sub18,NB,5.0,EM,1,3.5554887000180315,1.2684925221667978,4,1,1,-0.6019623931046009,0.11080483098381715,0.75
sub19,NB,25.0,BB,1,3.0955165000000306,1.1299547742811573,5,1,0,-0.7361280878312643,0.0952657579078527,1.0
sub19,NB,6.0,BB,1,5.795856699999831,1.757143300205215,5,1,0,0.05151303247368492,0.1864903660387771,1.0
sub19,NB,5.0,EM,0,7.551048000000037,2.0216863615750262,3,1,1,0.5634710597925259,0.24578535358787873,0.5
sub19,NB,1.0,EM,0,3.244788299999982,1.1770501091989352,5,1,1,-0.6925881635721258,0.10030855268607891,1.0
sub19,NB,15.0,BB,1,4.152469800000063,1.4237032897516089,5,1,0,-0.42783364355268794,0.13097242575851736,1.0
sub19,NB,24.0,BB,1,3.4261175999999978,1.2314277250571208,5,1,0,-0.6396976377798071,0.10643433429506191,1.0
sub19,NB,36.0,BB,1,5.355671399999892,1.678156074191769,5,1,0,-0.0768811760907574,0.17161974658960888,1.0
sub19,NB,3.0,BB,1,4.5630175000001145,1.5179841371340792,5,1,0,-0.3080841948103832,0.14484180897606896,1.0
sub19,NB,12.0,EM,1,3.4722518999999465,1.2448033460096486,5,1,1,-0.6262410845142419,0.10799287252624114,1.0
sub19,NB,26.0,EM,1,3.5342243000000053,1.2624938410401874,5,1,1,-0.6081648396899653,0.11008646351338368,1.0
sub19,NB,34.0,BB,1,4.9413807999999335,1.5976448063130504,5,1,0,-0.19772236207013916,0.1576239183464399,1.0
sub19,NB,29.0,BB,1,3.6137555999998767,1.2847475639839878,5,1,0,-0.5849669766091533,0.11277324041528358,1.0
sub19,NB,17.0,BB,1,3.5518193000000338,1.2674599510881233,5,1,0,-0.6030326917066152,0.11068086898128225,1.0
sub19,NB,7.0,EM,1,3.6081380000000536,1.283191849805972,5,1,1,-0.5866055304318479,0.11258346308329402,1.0
sub19,NB,19.0,BB,1,6.1065137000000504,1.8093560211375106,3,1,0,0.1421261439293324,0.19698517816954147,0.5
sub19,NB,13.0,BB,1,3.6977081,1.3077131952902157,5,1,0,-0.560479528267458,0.11560937710432863,1.0
sub19,NB,31.0,EM,1,2.3174251999998887,0.8404567417772839,5,1,1,-0.9630834556148092,0.06897978329894981,1.0
sub19,NB,22.0,EM,1,3.0278764000001956,1.107861515719691,5,1,1,-0.7558574997555148,0.09298069707869423,1.0
sub19,NB,2.0,BB,1,3.178867999999966,1.156525158575223,5,1,0,-0.7118159404807002,0.09808159123308313,1.0
sub19,NB,18.0,EM,1,2.3681821999998647,0.8621226566293422,5,1,1,-0.9482785431288557,0.07069448851827717,1.0
sub19,NB,30.0,EM,1,3.380175999999892,1.2179277791451648,5,1,1,-0.6530979838890446,0.10488230597769745,1.0
sub19,NB,33.0,BB,1,3.5606047000001126,1.2699303899900325,5,1,0,-0.6004701470693173,0.11097766294534672,1.0
sub19,NB,21.0,BB,1,2.1856390000000374,0.7819082343054257,5,1,0,-1.001523141921232,0.06452769816832407,1.0
sub19,NB,40.0,EM,1,2.691353100000015,0.9900440782984679,5,1,1,-0.8540153500222628,0.08161205316877344,1.0
sub19,NB,37.0,BB,1,2.5124287999999524,0.92124993467518,5,1,0,-0.9062043801681082,0.07556751879765722,1.0
sub19,NB,11.0,EM,1,2.131275100000039,0.756720439106458,5,1,1,-1.0173801228676136,0.06269114236177459,1.0
sub19,NB,20.0,EM,1,2.0336565000000064,0.7098354043086507,5,1,1,-1.0458537290697625,0.05939332880061919,1.0
sub19,NB,27.0,BB,1,5.785100300000067,1.7552856984383072,5,1,0,0.0483755822567594,0.18612698650057008,1.0
sub19,NB,35.0,EM,1,2.055185700000038,0.7203662088290528,5,1,1,-1.0395740450479878,0.060120641912269096,1.0
sub19,NB,28.0,EM,1,2.130190099999936,0.7562112245651553,5,1,1,-1.0176965980345616,0.06265448820248332,1.0
sub19,NB,39.0,BB,1,6.500275399999964,1.8718445452348047,5,1,0,0.2569794155730817,0.210287486071139,1.0
sub19,NB,10.0,BB,1,1.8106345999999576,0.5936773915639882,5,1,0,-1.1109052433821405,0.05185906129161415,1.0
sub19,NB,32.0,EM,1,2.149821299999985,0.7653847224061454,5,1,1,-1.0119705267932528,0.0633176818723566,1.0
sub19,NB,38.0,EM,1,6.309381499999972,1.842037652731507,5,1,1,0.20129906638767694,0.20383858706867836,1.0
sub19,NB,16.0,EM,1,2.435375699999895,0.890101036213897,5,1,1,-0.9286793964668024,0.07296446202252249,1.0
sub19,NB,9.0,EM,1,2.4280195999999705,0.8870759456523015,4,1,1,-0.9308250397620494,0.07271595357908078,0.75
sub19,NB,8.0,BB,1,5.039431499999864,1.6172932781020728,5,1,0,-0.16912271999739753,0.16093632938429997,1.0
sub19,NB,23.0,EM,1,1.977884099999983,0.6820276369438453,5,1,1,-1.062121544368782,0.0575091901522653,1.0
sub19,NB,14.0,BB,1,4.7355402000000595,1.5550958067199032,4,1,0,-0.2577623973176075,0.1506700804291196,0.75
sub19,NB,4.0,EM,0,2.039630200000147,0.7127685169141833,5,1,1,-1.044111307222146,0.05959513612904564,1.0
sub21,NB,12.0,EM,1,14.062457999999879,2.6435086932935037,4,1,1,2.4627333331775993,0.4657579428304534,0.75
sub21,NB,17.0,BB,1,7.776796600000125,2.0511445053268234,5,1,0,0.6293179039091881,0.2534117362085257,1.0
sub21,NB,39.0,BB,1,10.375298599999951,2.3394278464254916,5,1,0,1.3872546358789841,0.3411959815704341,1.0
sub21,NB,3.0,BB,1,13.2479558,2.5838432612846813,4,1,0,2.2251575546520646,0.4382419120663407,0.75
sub21,NB,33.0,BB,1,6.950556100000085,1.9388216707642218,4,1,0,0.3883182724326057,0.22549915473660287,0.75
sub21,NB,5.0,EM,1,8.047120699999596,2.0853143504301066,3,1,1,0.7081666271067414,0.26254399668844536,0.5
sub21,NB,6.0,BB,1,10.831574799999999,2.3824654613374197,5,1,0,1.5203422732576184,0.35661019402576655,1.0
sub21,NB,4.0,EM,1,9.798810900000262,2.2822610415799622,4,1,1,1.2191034459400971,0.3217207078531546,0.75
sub21,NB,2.0,BB,1,6.287705800000367,1.8385962665005864,4,1,0,0.19497665092643832,0.20310632480097313,0.75
sub21,NB,8.0,BB,1,8.91693320000013,2.1879520758159607,3,1,0,0.9618754345954128,0.2919285551451666,0.5
sub21,NB,14.0,BB,1,6.56244820000029,1.8813637345533005,5,1,0,0.2751141135066072,0.21238784709840236,1.0
sub21,NB,16.0,EM,1,8.861248799999885,2.181687702765993,4,1,1,0.9456332873282998,0.29004738936871055,0.75
sub21,NB,1.0,EM,1,6.63270539999985,1.892012775264877,5,1,1,0.29560688686795855,0.2147613204623645,1.0
sub21,NB,37.0,BB,1,4.5860867999999755,1.5230271114262375,5,1,0,-0.30135529106094344,0.14562115072432058,1.0
sub21,NB,38.0,EM,1,9.603836400000091,2.262162643644997,4,1,1,1.1622328584448463,0.3151339554291305,0.75
sub21,NB,27.0,BB,0,9.453267300000334,2.2463604277810467,2,1,0,1.1183145348917156,0.3100473344381513,0.25
sub21,NB,35.0,EM,1,6.107800999999654,1.8095668066029236,5,1,1,0.14250162640145064,0.1970286665559347,1.0
sub21,NB,7.0,EM,1,5.205740999999762,1.649762055046612,5,1,1,-0.12061320223467825,0.16655470256777577,1.0
sub21,NB,15.0,BB,1,5.8478109000002405,1.7660673860833906,3,1,0,0.06666714686744644,0.18824551582908627,0.5
sub21,NB,28.0,EM,1,5.349000100000012,1.6769096462441984,5,1,1,-0.07882707542810616,0.17139437249481415,1.0
sub21,NB,25.0,BB,1,9.077305899999828,2.20577744153848,3,1,0,1.0086532935829955,0.2973463675794561,0.5
sub21,NB,40.0,EM,0,8.816867900000034,2.176666693572332,3,1,1,0.9326881695997902,0.28854808561024914,0.5
sub21,NB,34.0,BB,1,8.008936200000335,2.080557943271651,3,1,0,0.6970288888477975,0.2612540236513043,0.5
sub21,NB,32.0,EM,1,3.27102960000002,1.185104797735731,5,1,1,-0.6849340439429438,0.10119505295347102,1.0
sub21,NB,30.0,EM,0,5.025389900000391,1.6145030429749117,4,1,1,-0.17321840451687387,0.1604619671326536,0.75
sub21,NB,31.0,EM,1,3.7038923999998588,1.3093842666859188,5,1,1,-0.5586756781525016,0.11581829905573728,1.0
sub21,NB,19.0,BB,1,7.208732200000213,1.975293096723034,3,1,0,0.46362364048959287,0.23422102376306247,0.5
sub21,NB,21.0,BB,1,6.3030650999999125,1.8410360388926619,5,1,0,0.19945668505648706,0.20362520243114135,1.0
sub21,NB,9.0,EM,1,5.264026299999841,1.6608961902111128,5,1,1,-0.10361241878177252,0.16852373360034756,1.0
sub21,NB,20.0,EM,1,5.135503399999834,1.6361778716816926,5,1,1,-0.14110025862537967,0.16418189134345285,1.0
sub21,NB,26.0,EM,0,4.951298299999962,1.5996498250187463,3,1,1,-0.19482960403518954,0.1579589576319126,0.5
sub21,NB,18.0,EM,1,3.5147828000003756,1.2569777310348766,2,1,1,-0.6138355788213229,0.10942967840943872,0.25
sub21,NB,10.0,BB,0,5.3478228999997555,1.676689543508085,1,1,0,-0.0791704436922327,0.17135460357654408,0.0
sub21,NB,36.0,BB,1,8.881466299999829,2.1839666672464872,4,1,0,0.9515303718325865,0.29073038979764987,0.75
sub21,NB,22.0,EM,1,3.829456100000243,1.342722782664316,5,1,1,-0.522050984220254,0.1200601717382996,1.0
sub21,NB,23.0,EM,1,6.559211900000264,1.8808704585438651,3,1,1,0.2741701424626389,0.21227851635581796,0.5
sub21,NB,29.0,BB,1,4.237872400000015,1.4440613508510747,3,1,0,-0.4029232268796618,0.13385755064698823,0.5
sub21,NB,24.0,BB,1,9.710583500000212,2.2732163731857127,2,1,0,1.1933690854407653,0.31874015377651804,0.25
sub21,NB,13.0,BB,1,5.491494200000034,1.7032003860679827,2,1,0,-0.03726408549044168,0.1762081987058492,0.25
sub21,NB,11.0,EM,1,2.674359600000116,0.9837099498176525,5,1,1,-0.8589720511734078,0.08103796795600517,1.0
sub22,NB,28.0,EM,1,5.282363499999519,1.6643736301362633,5,1,1,-0.09826378428342178,0.16914321254014525,1.0
sub22,NB,5.0,EM,0,12.63505720000012,2.5364752679371616,3,1,1,2.0463859539710554,0.417536582193836,0.5
sub22,NB,2.0,BB,1,3.621513500000219,1.2868920323834818,5,1,0,-0.5827041354132609,0.11303532272159825,1.0
sub22,NB,31.0,EM,1,3.9574635999997554,1.375603315004832,5,1,1,-0.48471347737313186,0.12438460242495002,1.0
sub22,NB,4.0,EM,1,8.90862130000005,2.1870194932584317,5,1,1,0.9594510014710507,0.29164775725891107,1.0
sub22,NB,13.0,BB,1,3.611562199999753,1.2841404211210117,5,1,0,-0.5856067523060727,0.11269914158303805,1.0
sub22,NB,3.0,BB,0,11.980660299999727,2.4832937080298376,5,1,0,1.855510038617711,0.3954293303873295,1.0
sub22,NB,14.0,BB,1,4.257196399999884,1.4486108215581344,4,1,0,-0.3972867604045594,0.13451036629129487,0.75
sub22,NB,1.0,EM,1,12.762282599999708,2.5464941490655586,4,1,1,2.0834953361840554,0.42183459148142993,0.75
sub22,NB,34.0,BB,1,7.542546699999548,2.020559883612892,3,1,0,0.5609913820628701,0.2454981572704858,0.5
sub22,NB,32.0,EM,1,2.9746495999997933,1.0901262505481315,5,1,1,-0.7713828088934401,0.09118255550671743,1.0
sub22,NB,10.0,BB,1,5.123476499999924,1.6338332125387969,3,1,0,-0.14460829105393266,0.16377559096710703,0.5
sub22,NB,23.0,EM,1,10.433982100000321,2.345067989053428,1,1,1,1.4043715671766444,0.34317846484838754,0.0
sub22,NB,25.0,BB,1,11.875337899999977,2.4744638042527165,5,1,0,1.824789371225871,0.3918712621604497,1.0
sub22,NB,37.0,BB,1,3.2795685999999478,1.1877118893557015,5,1,0,-0.6824433697952095,0.10148352287619536,1.0
sub22,NB,30.0,EM,1,5.846728500000609,1.7658822740467897,3,1,1,0.0663514300743075,0.18820894950466266,0.5
sub22,NB,24.0,BB,1,4.050705999999991,1.398891186913962,5,1,0,-0.4575163307335665,0.1275345764175636,1.0
sub22,NB,38.0,EM,1,6.280529300000126,1.8374542603679682,5,1,1,0.19288339375089464,0.20286388371881847,1.0
sub22,NB,7.0,EM,1,4.761006200000338,1.5604590324590317,5,1,1,-0.2503344188836654,0.15153038901938087,1.0
sub22,NB,21.0,BB,1,6.499370900000031,1.8717053876022784,5,1,0,0.2567155890399421,0.21025692967752302,1.0
sub22,NB,20.0,EM,1,3.3100228999992396,1.1969551077938125,5,1,1,-0.6735603931356215,0.10251234938603186,1.0
sub22,NB,36.0,BB,1,4.931706899999881,1.5956851553123026,5,1,0,-0.20054406632568444,0.15729710851092266,1.0
sub22,NB,6.0,BB,1,2.9858070999998745,1.0938700955566483,5,1,0,-0.7681283649534258,0.09155948525994936,1.0
sub22,NB,8.0,BB,1,3.619562099999712,1.2863530516696917,5,1,0,-0.5832733240223714,0.11296939928707952,1.0
sub22,NB,35.0,EM,1,6.372571099999732,1.8520030145224438,3,1,1,0.21973034676317776,0.20597329827948369,0.5
sub22,NB,18.0,EM,1,4.318066600000748,1.4628077557811612,3,1,1,-0.3795320076804879,0.13656672205784987,0.5
sub22,NB,16.0,EM,1,8.123642999999902,2.094778698882551,5,1,1,0.7304868185035724,0.26512912164077745,1.0
sub22,NB,40.0,EM,1,5.129465500000151,1.6350014627213065,3,1,1,-0.1428614064689143,0.16397791516985633,0.5
sub22,NB,33.0,BB,1,6.6889070999995965,1.9004504975661516,1,1,0,0.31199992132741167,0.21665996199603832,0.0
sub22,NB,27.0,BB,1,5.708442899999682,1.7419462894565019,4,1,0,0.02601598459718567,0.18353729751420783,0.75
sub22,NB,22.0,EM,1,3.923970800000461,1.3671041002892064,5,1,1,-0.4944827303411822,0.12325312737778991,1.0
sub22,NB,26.0,EM,1,3.91632699999991,1.3651542247570883,5,1,1,-0.4967122906002271,0.1229948996701546,1.0
sub22,NB,17.0,BB,1,3.2015658999998777,1.1636400338660344,5,1,0,-0.7051953674934515,0.09884838611059042,1.0
sub22,NB,15.0,BB,1,5.7342570000000705,1.746458186826512,5,1,0,0.03354549759853705,0.1844093658398166,1.0
sub22,NB,29.0,BB,1,7.733175499999561,2.045519580313063,5,1,0,0.6165944063019677,0.2519381004963322,1.0
sub22,NB,11.0,EM,1,3.6492263000000094,1.2945151725222954,3,1,1,-0.5746208054540864,0.11397153413680872,0.5
sub22,NB,39.0,BB,1,6.6877324999995835,1.900274877972867,5,1,0,0.311657311437028,0.21662028091262825,1.0
sub22,NB,9.0,EM,1,6.676545399999668,1.8986006980887564,1,1,1,0.3083942337044899,0.2162423511933974,0.0
sub22,NB,12.0,EM,1,6.378969600000346,1.8530065796112696,3,1,1,0.22159667520162982,0.20618945647139664,0.5
sub22,NB,19.0,BB,0,6.522968199999923,1.875329517744575,1,1,0,0.2635985009812184,0.21105410865720792,0.0
sub23,AB,15.0,BB,1,11.061475000000428,2.403468350674081,5,0,0,1.58740006511906,0.3643768286350879,1.0
sub23,AB,27.0,BB,1,4.916664100001071,1.5926302720839025,5,0,0,-0.20493178304507653,0.1567889230848481,1.0
sub23,AB,32.0,EM,1,3.8848724999988917,1.3570901647479672,5,0,1,-0.5058870077782464,0.12193228376844441,1.0
sub23,AB,16.0,EM,0,4.356557999999495,1.4716822960401534,5,0,1,-0.3683047521601939,0.13786706298574353,1.0
sub23,AB,2.0,BB,1,4.536981799999921,1.5122619892124456,5,0,0,-0.31567834458309596,0.14396225441848687,1.0
sub23,AB,18.0,EM,1,6.719355000001087,1.9049921677857822,3,0,1,0.32088103122167944,0.21768857229708327,0.5
sub23,AB,9.0,EM,1,2.396713099999033,0.8740982570075033,5,0,1,-0.9399565879771844,0.071658337507396,1.0
sub23,AB,10.0,BB,0,6.352451300001121,1.8488407699098517,3,0,0,0.2138617596084117,0.20529359841405714,0.5
sub23,AB,3.0,BB,1,5.0437394000000495,1.6181477514230187,5,0,0,-0.16786618232769654,0.16108186159886467,1.0
sub23,AB,24.0,BB,1,3.3614027999992686,1.2123583868460204,4,0,0,-0.6585737918188015,0.1042480978088821,0.75
sub23,AB,28.0,EM,1,5.4070158999984415,1.6876973510277693,5,0,1,-0.06190490032359369,0.17335429910711997,1.0
sub23,AB,13.0,BB,0,8.816493000000264,2.1766241718996966,2,0,0,0.9325788179500162,0.28853542050028735,0.25
sub23,AB,1.0,EM,1,5.059997600001225,1.6213660089912034,5,0,1,-0.16312395508422972,0.1616311064399486,1.0
sub23,AB,14.0,BB,1,3.5387635999995837,1.263777400601429,5,0,0,-0.6068408067636442,0.1102398130297336,1.0
sub23,AB,4.0,EM,1,4.100274000000354,1.411053800745665,5,0,1,-0.4430582283612933,0.12920911408354624,1.0
sub23,AB,25.0,BB,0,10.151967600000717,2.3176675389177026,3,0,0,1.3221129626045445,0.33365127184888904,0.5
sub23,AB,26.0,EM,1,2.308508099999017,0.8366014717302548,5,0,1,-0.9656844147956408,0.06867854016179108,1.0
sub23,AB,39.0,BB,1,4.138613799999803,1.4203609008509133,2,0,0,-0.431875191859509,0.13050433356395397,0.25
sub23,AB,7.0,EM,1,3.3283627000000706,1.202480501395618,4,0,1,-0.6682110002632625,0.10313191616072027,0.75
sub23,AB,30.0,EM,1,3.391887699999643,1.2213866100701714,2,0,1,-0.6496818896841442,0.10527795806739498,0.25
sub23,AB,40.0,EM,1,4.859682000000248,1.5809730036729148,1,0,1,-0.22155244627927953,0.1548639175825589,0.0
sub23,AB,33.0,BB,1,2.91796179999983,1.0708853588565181,5,0,0,-0.7879176300613794,0.08926749223402267,1.0
sub23,AB,21.0,BB,1,3.3943350999998074,1.2221078949965285,5,0,0,-0.648968026713114,0.10536063768900514,1.0
sub23,AB,6.0,BB,1,3.289619999999559,1.1907720565865754,5,0,0,-0.67951155551628,0.10182308565651903,1.0
sub23,AB,12.0,EM,1,4.304601400001047,1.4596845435816033,5,0,1,-0.3834595665906189,0.13611183211717598,1.0
sub23,AB,34.0,BB,0,4.362160999999105,1.472967576772548,1,0,0,-0.36667045689741123,0.1380563470912507,0.0
sub23,AB,23.0,EM,1,4.3506820000002335,1.4703326144208897,2,0,1,-0.3700186766584222,0.13766855622081448,0.25
sub23,AB,38.0,EM,1,5.003186099998857,1.610074929495414,4,0,1,-0.1796948573387209,0.1597118642551874,0.75
sub23,AB,36.0,BB,1,3.3251338000009127,1.2015099138999645,5,0,0,-0.6691528128588347,0.10302283540966634,1.0
sub23,AB,11.0,EM,1,3.187628499999846,1.15927722339741,3,0,1,-0.7092606587297794,0.09837754400952223,0.5
sub23,AB,19.0,BB,1,5.675366399998893,1.7361351251597659,1,0,0,0.016368158920854314,0.18241988617806776,0.0
sub23,AB,31.0,EM,1,3.251521700000012,1.179123102147645,3,0,1,-0.6906241507712627,0.10053602468253015,0.5
sub23,AB,8.0,BB,0,3.6298847000016394,1.2892008846873542,5,0,0,-0.5802624055351456,0.11331812391817163,1.0
sub23,AB,35.0,EM,1,4.628896300000633,1.5323184595516306,3,0,1,-0.28886852271219415,0.14706736844971724,0.5
sub23,AB,20.0,EM,1,2.7145141000000876,0.9986129686766743,5,0,1,-0.8472596990167185,0.08239449278468819,1.0
sub23,AB,37.0,BB,1,3.60781119999956,1.2831012726714441,5,0,0,-0.5867008521689033,0.11257242291806512,1.0
sub23,AB,5.0,EM,1,2.84258200000113,1.044712794072067,1,0,1,-0.809904574565388,0.0867209639425617,0.0
sub23,AB,17.0,BB,0,9.905774800001382,2.293117900211022,1,0,0,1.250302909633255,0.32533423027590647,0.0
sub23,AB,22.0,EM,1,3.4078263999999763,1.226074668702493,5,0,1,-0.6450328548979094,0.10581640935647586,1.0
sub23,AB,29.0,BB,1,3.7020517000000837,1.3088871794779078,1,0,0,-0.5592125775439074,0.11575611535896972,0.0
sub24,NB,20.0,EM,1,6.54069410000011,1.878043291336046,5,1,1,0.26876883016217185,0.2116529362720711,1.0
sub24,NB,39.0,BB,1,6.684073200000057,1.8997275621992207,5,1,0,0.31058995883043455,0.2164966601153338,1.0
sub24,NB,32.0,EM,1,3.76265500000045,1.3251248252398702,5,1,1,-0.5415356747942208,0.11780345454014944,1.0
sub24,NB,29.0,BB,1,4.050021900000502,1.398722288511359,5,1,0,-0.4577158705137758,0.12751146571678013,1.0
sub24,NB,2.0,BB,1,5.343263199998546,1.675836552477047,5,1,0,-0.08050042693553194,0.17120056489437918,1.0
sub24,NB,5.0,EM,1,2.815817999999126,1.035252805525015,5,1,1,-0.8177111564714091,0.08581680549163798,1.0
sub24,NB,31.0,EM,1,2.4717564999991737,0.9049290315071017,5,1,1,-0.9180677653586093,0.07419350132039465,1.0
sub24,NB,36.0,BB,0,12.260561499999312,2.5063877288067227,3,1,0,1.9371522312356595,0.40488513054367264,0.5
sub24,NB,15.0,BB,1,2.7086488000004465,0.9964499127645878,5,1,0,-0.8489705025157155,0.08219634749394386,1.0
sub24,NB,34.0,BB,1,4.748300100000051,1.5577866803102811,5,1,0,-0.25404056184999735,0.1511011434771345,1.0
sub24,NB,7.0,EM,1,6.125533899999937,1.8124659199788666,5,1,1,0.14767399735770254,0.19762773064924816,1.0
sub24,NB,19.0,BB,1,2.5639453000003414,0.9415472049776328,5,1,0,-0.8911779350651915,0.0773078819285,1.0
sub24,NB,27.0,BB,1,2.2861525999996957,0.8268703173002568,5,1,0,-0.9722051158037746,0.06792331245862646,1.0
sub24,NB,33.0,BB,1,4.366382299998804,1.4739348172807794,5,1,0,-0.36543917890476924,0.13819895372958302,1.0
sub24,NB,9.0,EM,1,2.5446823999991466,0.9340058485016043,5,1,1,-0.8967965797593913,0.07665713040316467,1.0
sub24,NB,37.0,BB,1,2.4437650999989273,0.8935399237601428,5,1,0,-0.9262323579736804,0.07324787806297745,1.0
sub24,NB,3.0,BB,1,2.1216648999998142,0.7522011106621143,5,1,0,-1.020183246968248,0.06236648448011939,1.0
sub24,NB,38.0,EM,1,4.665327100001377,1.5401579497407072,4,1,1,-0.2782423074944991,0.14829809687940332,0.75
sub24,NB,30.0,EM,1,3.920574600000691,1.3662382246931628,5,1,1,-0.4954733413658963,0.12313839479183157,1.0
sub24,NB,1.0,EM,1,5.583641900000657,1.7198412337476343,5,1,1,-0.010386243334841887,0.17932119084762582,1.0
sub24,NB,28.0,EM,1,2.7527900000004593,1.0126149428297793,5,1,1,-0.8360953010060622,0.08368755355473213,1.0
sub24,NB,12.0,EM,1,2.3882685999997193,0.8705686682669193,5,1,1,-0.9424196981585886,0.07137306004372715,1.0
sub24,NB,21.0,BB,1,4.175432099998943,1.429217849953108,4,1,0,-0.42113594979695373,0.1317481527647601,0.75
sub24,NB,4.0,EM,0,7.8814052999987325,2.064506225532826,5,1,1,0.6598303977277645,0.2569456937685617,1.0
sub24,NB,22.0,EM,1,4.638127399999576,1.534310707192514,5,1,1,-0.2861759753269371,0.14737921933429132,1.0
sub24,NB,26.0,EM,1,2.0747172000010323,0.7298248552383216,5,1,1,-1.0338770545198979,0.060780467453436085,1.0
sub24,NB,8.0,BB,0,4.758977000001323,1.5600327291794744,5,1,0,-0.2509263003660605,0.15146183729588714,1.0
sub24,NB,35.0,EM,1,3.1231069000004936,1.1388283076224102,5,1,1,-0.7280804597709081,0.09619783432852662,1.0
sub24,NB,23.0,EM,1,2.6604800000004616,0.9785065576422544,5,1,1,-0.8630204831795356,0.08056907849126937,1.0
sub24,NB,14.0,BB,1,2.238843499999348,0.8059594378978286,4,1,0,-0.9860043372962722,0.06632508638749705,0.75
sub24,NB,17.0,BB,1,4.712221199999476,1.550159389220176,3,1,0,-0.26456413410797636,0.1498823031568121,0.5
sub24,NB,11.0,EM,1,4.951855700001033,1.5997623952164146,3,1,1,-0.1946670203869138,0.15797778807285845,0.5
sub24,NB,24.0,BB,1,3.320615700000417,1.200150217541691,5,1,0,-0.6704706621231757,0.10287020208515353,1.0
sub24,NB,13.0,BB,0,2.0551261000000522,0.7203372085960339,5,1,0,-1.0395914293060007,0.06011862846720639,1.0
sub24,NB,40.0,EM,1,2.267767900000763,0.8187960437683981,4,1,1,-0.9775676052055288,0.06730222884367772,0.75
sub24,NB,10.0,BB,1,2.8375101999990875,1.042926977514395,5,1,0,-0.811383928254072,0.0865496251728375,1.0
sub24,NB,25.0,BB,1,2.6351359999989654,0.9689347935642588,4,1,0,-0.8704128763876908,0.07971289138247219,0.75
sub24,NB,6.0,BB,1,3.4523044000015943,1.2390419500987222,4,1,0,-0.6320594148290616,0.10731899340888347,0.75
sub24,NB,16.0,EM,1,2.1014107999999396,0.7426089286901579,5,1,1,-1.026091007040357,0.0616822476067309,1.0
sub24,NB,18.0,EM,1,2.306724599999143,0.8358285962526417,5,1,1,-0.9662046299662941,0.06861828883175865,1.0
sub25,AB,10.0,BB,1,13.375871199998073,2.593452427109238,5,0,0,2.2624681975698517,0.44256323137223247,1.0
sub25,AB,17.0,BB,1,8.845953200001532,2.1799600889055215,2,0,0,0.9411718333535597,0.2895306636924505,0.25
sub25,AB,5.0,EM,1,5.139849200000754,1.6370237405154366,4,0,1,-0.139832666200786,0.16432870391991977,0.75
sub25,AB,22.0,EM,0,17.48557719999735,2.861376381122748,4,0,1,3.4611962089380643,0.5813999303123404,0.75
sub25,AB,7.0,EM,0,4.156373100002384,1.4246428430291078,5,0,1,-0.4266951204929954,0.13110428951891662,1.0
sub25,AB,8.0,BB,1,6.443009999999049,1.8629958222271694,5,0,0,0.24027611877683533,0.20835290994826955,1.0
sub25,AB,30.0,EM,1,9.053902600000583,2.203195891279802,4,0,1,1.0018269679851173,0.29655574243103894,0.75
sub25,AB,2.0,BB,1,8.450184999997873,2.134188334620296,5,0,0,0.8257333014115557,0.2761605709330205,1.0
sub25,AB,1.0,EM,1,10.442747500001133,2.3459077183294044,3,0,1,1.4069282781705261,0.343474583159771,0.5
sub25,AB,37.0,BB,1,4.878259799999796,1.5847885579080436,5,0,0,-0.21613363304809988,0.15549152462440258,1.0
sub25,AB,33.0,BB,1,4.419396199999028,1.48600308042305,5,0,0,-0.3499759689033354,0.13998990297850095,1.0
sub25,AB,29.0,BB,1,3.82931169999938,1.34268507424838,5,0,0,-0.5220931031275131,0.12005529352573481,1.0
sub25,AB,3.0,BB,1,5.1776692000021285,1.6443549936188377,5,0,0,-0.12880124609637905,0.16560636318656968,1.0
sub25,AB,18.0,EM,1,18.86912890000167,2.9375271950929474,3,0,1,3.864753587001502,0.6281399527960917,0.5
sub25,AB,28.0,EM,1,3.8713873000015155,1.3536129182573045,5,0,1,-0.5098204003313294,0.12147671817514329,1.0
sub25,AB,24.0,BB,1,6.640259400002833,1.8931510289907627,5,0,0,0.297810254067815,0.2150165144894331,1.0
sub25,AB,19.0,BB,0,5.567580099999759,1.7169605071136538,3,0,0,-0.015071184197782908,0.17877858091612187,0.5
sub25,AB,31.0,EM,1,4.223538700000063,1.4406733311599045,5,0,1,-0.4071041117644915,0.13337332048755796,1.0
sub25,AB,36.0,BB,1,2.6836988999966707,0.987196029506682,5,0,0,-0.8562479437768099,0.08135347412163678,1.0
sub25,AB,14.0,BB,1,5.575711900000897,1.7184200042612867,4,0,0,-0.012699283033998986,0.17905329454979774,0.75
sub25,AB,15.0,BB,1,5.585471499998675,1.7201688515179727,4,0,0,-0.00985258161616321,0.1793829995570823,0.75
sub25,AB,16.0,EM,1,6.935534800002642,1.93665816687175,2,0,1,0.38393682688051434,0.22499169563723315,0.25
sub25,AB,25.0,BB,1,16.615018899999995,2.810307039332242,4,0,0,3.207269864879364,0.5519901767663284,0.75
sub25,AB,6.0,BB,1,9.363518199999817,2.2368210959341446,4,0,0,1.0921363216166722,0.3070153733253808,0.75
sub25,AB,35.0,EM,1,9.10050499999852,2.2083299064883732,4,0,1,1.0154200576792518,0.29813009431372867,0.75
sub25,AB,39.0,BB,1,7.140865399996983,1.9658339734881936,5,0,0,0.443828104213808,0.2319283044103695,1.0
sub25,AB,20.0,EM,1,9.232895600001939,2.222772715459363,4,0,1,1.0540360366972086,0.3026025976692432,0.75
sub25,AB,32.0,EM,1,4.758431099999143,1.559918013072517,5,0,1,-0.2510855296695726,0.15144339535520956,1.0
sub25,AB,12.0,EM,1,10.497658399999636,2.3511522227693122,5,0,1,1.4229448092697474,0.3453296180677727,1.0
sub25,AB,34.0,BB,1,5.149623500001326,1.6389236052073537,5,0,0,-0.13698167705406744,0.16465890553203755,1.0
sub25,AB,23.0,EM,1,7.370906399999512,1.9975406837137617,2,0,1,0.5109269649270161,0.23969969561481042,0.25
sub25,AB,4.0,EM,1,9.519379000001209,2.253329615583324,4,0,1,1.1375981397700778,0.31228076188757026,0.75
sub25,AB,13.0,BB,0,7.824718600000779,2.0572877741183384,2,0,0,0.6432958974108111,0.2550306676568336,0.25
sub25,AB,26.0,EM,1,5.806430299999192,1.758965975842633,5,0,1,0.0545971631877164,0.18684757011123992,1.0
sub25,AB,9.0,EM,1,7.695509600001969,2.040636989919644,5,0,1,0.605607934422832,0.25066564713390804,1.0
sub25,AB,27.0,BB,1,6.1025293999991845,1.8087033409709043,5,0,0,0.14096399461336354,0.19685057801573308,1.0
sub25,AB,38.0,EM,0,6.342081800001324,1.8472070741725723,5,0,1,0.21083716122749552,0.204943289377442,1.0
sub25,AB,40.0,EM,1,5.042194000001473,1.6178413048207299,5,0,1,-0.1683169479705582,0.1610296539143382,1.0
sub25,AB,21.0,BB,1,6.9017634999981965,1.931776958658167,4,0,0,0.37408634042341593,0.22385081212597124,0.75
sub25,AB,11.0,EM,1,5.895007499999338,1.7741058062530437,5,0,1,0.08043355411416156,0.18983994135370347,1.0
sub26,AB,27.0,BB,1,7.51456799999869,2.0168435365224955,5,0,0,0.5528304938113254,0.24455296305251606,1.0
sub26,AB,10.0,BB,1,4.234454700002971,1.4432545594838178,3,0,0,-0.40392010907048287,0.13374209173446328,0.5
sub26,AB,3.0,BB,1,4.142452400003094,1.4212879796075646,4,0,0,-0.4307555406366759,0.1306340115878828,0.75
sub26,AB,4.0,EM,1,10.340781499999139,2.336095446494948,2,0,1,1.3771866128519892,0.340029902969897,0.25
sub26,AB,38.0,EM,1,6.614646499998344,1.8892863569853071,2,0,1,0.29033942752018366,0.2141512432299058,0.25
sub26,AB,21.0,BB,1,5.126319000002695,1.6343878577657462,5,0,0,-0.14377918445223503,0.16387161810800766,1.0
sub26,AB,24.0,BB,1,6.619347899999411,1.8899968605652158,3,0,0,0.29171074212855885,0.21431006891148624,0.5
sub26,AB,33.0,BB,1,3.974912999998196,1.3800028610738693,4,0,0,-0.4796237983158701,0.12497408914109696,0.75
sub26,AB,19.0,BB,1,4.707245300000068,1.549102874934094,1,0,0,-0.26601551547468694,0.14971420414190106,0.0
sub26,AB,7.0,EM,1,5.425852099997428,1.6911749562164098,2,0,1,-0.0564107164168804,0.17399063558190314,0.25
sub26,AB,23.0,EM,1,2.713705799997115,0.9983151546515101,4,0,1,-0.8474954657248851,0.08236718628048423,0.75
sub26,AB,13.0,BB,0,3.8894098000018857,1.3582574237547989,2,0,0,-0.504563558215292,0.12208556571963917,0.25
sub26,AB,26.0,EM,1,2.8477558000013232,1.0465312454919118,2,0,1,-0.8083954692947313,0.08689574854102282,0.25
sub26,AB,6.0,BB,1,3.0586605000025884,1.1179770750287414,1,0,0,-0.7468783263115665,0.09402066510175358,0.0
sub26,AB,34.0,BB,1,6.64944149999792,1.8945328661781096,2,0,0,0.30048850902505436,0.21532671002474785,0.25
sub26,AB,11.0,EM,1,3.120423899999878,1.1379688579771017,4,0,1,-0.7288630430640292,0.09610719551802731,0.75
sub26,AB,2.0,BB,1,5.7832336999999825,1.7549629899106516,2,0,0,0.04783112829676274,0.18606392783353803,0.25
sub26,AB,32.0,EM,1,2.4828426000021864,0.9094041134584094,5,0,1,-0.9148341475254984,0.07456801899356603,1.0
sub26,AB,8.0,BB,0,7.8488336999980675,2.0603649475075647,3,0,0,0.6503298423849043,0.2558453392849829,0.5
sub26,AB,37.0,BB,1,4.112172500001179,1.413951477662363,3,0,0,-0.43958764792457683,0.12961107676955197,0.5
sub26,AB,16.0,EM,0,4.6352764000002935,1.53369583046535,1,0,1,-0.2870075612261598,0.14728290504110864,0.0
sub26,AB,9.0,EM,1,3.8472773999965284,1.347365729305799,4,0,1,-0.5168528285603242,0.12066222221643748,0.75
sub26,AB,12.0,EM,1,3.904394400000456,1.3621026880384866,3,0,1,-0.5001928173989326,0.1225917849963319,0.5
sub26,AB,36.0,BB,1,5.623363000002428,1.7269298835135087,1,0,0,0.0011996937649138319,0.18066307428223566,0.0
sub26,AB,18.0,EM,1,3.438846900000499,1.235136211703833,3,0,1,-0.635984727786802,0.10686436359445418,0.5
sub26,AB,28.0,EM,1,2.1734273999973084,0.7763053685411546,5,0,1,-1.0050850480495288,0.06411515813914528,1.0
sub26,AB,25.0,BB,1,8.279096399997798,2.1137338320069605,3,0,0,0.7758298053352187,0.27038074715723237,0.5
sub26,AB,30.0,EM,1,4.314733699997305,1.4620356076824645,2,0,1,-0.38050415522418485,0.13645412791258116,0.25
sub26,AB,15.0,BB,1,4.697841499997594,1.5471031479063286,2,0,0,-0.26875843637371766,0.14939651899609335,0.25
sub26,AB,35.0,EM,1,3.9539411999976437,1.3747128536205626,1,0,1,-0.4857408986898332,0.12426560647033917,0.0
sub26,AB,1.0,EM,1,4.0951679999998305,1.4098077421044883,5,0,1,-0.4445475575801413,0.1290366199477465,1.0
sub26,AB,29.0,BB,1,4.570596699999442,1.5196437653104005,2,0,0,-0.3058734772206196,0.14509785432542327,0.25
sub26,AB,31.0,EM,1,2.0668022999998357,0.726002630261624,4,0,1,-1.0361856898185335,0.06051308127335231,0.75
sub26,AB,40.0,EM,1,2.410942900001828,0.880017915800305,4,0,1,-0.9358060088701824,0.07213905765111585,0.75
sub26,AB,39.0,BB,1,2.9019398000018555,1.0653794099332032,2,0,0,-0.7925909619726443,0.08872622685150197,0.25
sub26,AB,22.0,EM,1,3.371878400001151,1.215469977805252,5,0,1,-0.6555182459578207,0.10460199118317179,1.0
sub26,AB,20.0,EM,1,4.1429992000012135,1.4214199699987493,2,0,1,-0.430596048820385,0.13065248393279488,0.25
sub26,AB,5.0,EM,1,2.9014883000018017,1.0652238122439808,3,0,1,-0.7927226564776034,0.08871097399166748,0.5
sub26,AB,14.0,BB,1,2.884448599997995,1.0593337551759032,4,0,0,-0.7976928333466732,0.08813532802101687,0.75
sub26,AB,17.0,BB,1,4.506914099998539,1.5056126842853772,1,0,0,-0.324448556911929,0.1429464882753822,0.0
sub27,AB,21.0,BB,1,3.5923395000027085,1.2788036615645906,5,0,0,-0.591213671375366,0.11204974811978152,1.0
sub27,AB,26.0,EM,1,6.636150199999975,1.8925320061889843,3,0,1,0.29661167364679664,0.2148776948844099,0.5
sub27,AB,20.0,EM,1,7.5122157000005245,2.016530455551299,1,0,1,0.5521443698163384,0.24447349615958935,0.0
sub27,AB,32.0,EM,1,3.9994979000002786,1.386168828241038,5,0,1,-0.472452821051514,0.12580463185146662,1.0
sub27,AB,6.0,BB,1,4.6413161999989825,1.534997989806081,5,0,0,-0.28524585918677026,0.14748694540167862,1.0
sub27,AB,13.0,BB,1,4.57961339999747,1.5216145840824267,4,0,0,-0.3032434664953409,0.14540246221296066,0.75
sub27,AB,37.0,BB,1,4.548907899999904,1.5148871821749308,4,0,0,-0.31219971371841615,0.14436514950519808,0.75
sub27,AB,33.0,BB,1,3.9883162999976776,1.3833691618927213,5,0,0,-0.47571429453283726,0.1254268879366391,1.0
sub27,AB,8.0,BB,1,13.779691799998545,2.62319589958783,4,0,0,2.380255471109168,0.4562053554239503,0.75
sub27,AB,34.0,BB,1,4.752059800001007,1.5585781661564597,5,0,0,-0.25294392435196533,0.15122815605106021,1.0
sub27,AB,22.0,EM,1,2.624157300000661,0.9647598159317076,5,0,1,-0.8736151675531362,0.07934200196448983,1.0
sub27,AB,25.0,BB,1,8.07889680000153,2.089255328558024,4,0,0,0.7174351492745956,0.2636174770856952,0.75
sub27,AB,27.0,BB,1,4.201925199999096,1.4355428012170326,5,0,0,-0.4134083845944386,0.13264315949972166,1.0
sub27,AB,10.0,BB,1,3.245244500001718,1.1771906940053747,4,0,0,-0.6924550981604232,0.10032396432435607,0.75
sub27,AB,28.0,EM,1,2.983303299999534,1.093031176528719,5,0,1,-0.7688586787995434,0.09147490029770303,1.0
sub27,AB,36.0,BB,1,3.3739064000001235,1.2160712421859565,3,0,0,-0.6549267144940558,0.10467050236750175,0.5
sub27,AB,18.0,EM,1,2.8686338999978034,1.0538359234187609,5,0,1,-0.8023056995423617,0.08760106577871654,1.0
sub27,AB,11.0,EM,1,2.452077800000552,0.8969357467714822,5,0,1,-0.9238076915031227,0.07352870297539338,1.0
sub27,AB,15.0,BB,1,2.912443199998961,1.06899231655537,3,0,0,-0.7895273073484115,0.0890810593828913,0.5
sub27,AB,9.0,EM,1,3.701476199999888,1.3087317130545681,5,0,1,-0.5593804406394127,0.11573667345235471,1.0
sub27,AB,38.0,EM,1,12.145611100000679,2.4969678781912155,3,0,1,1.9036232478007453,0.40100180310427475,0.5
sub27,AB,24.0,BB,1,2.3955823999967834,0.8736263745773685,5,0,0,-0.9402863930204529,0.07162013948159952,1.0
sub27,AB,29.0,BB,1,7.7526534000026,2.0480351589624695,1,0,0,0.6222757626657262,0.2525961152883168,0.0
sub27,AB,40.0,EM,1,4.499390500001027,1.503941943158631,4,0,1,-0.32664305697187224,0.1426923212406112,0.75
sub27,AB,16.0,EM,1,3.9658774999988964,1.377727142076171,4,0,1,-0.48225929266653167,0.12466884613997321,0.75
sub27,AB,30.0,EM,1,3.1902479999989737,1.1600986567213136,5,0,1,-0.7084965972556171,0.09846603762263045,1.0
sub27,AB,19.0,BB,0,3.6775459999989835,1.3022456819125692,3,0,0,-0.5663604535792028,0.11492824823334809,0.5
sub27,AB,39.0,BB,0,6.934542099999817,1.9365150241896036,3,0,0,0.3836472739781236,0.22495815961508697,0.5
sub27,AB,4.0,EM,0,10.016399300002377,2.304223679777401,5,0,1,1.2825701051199438,0.32907141741339047,1.0
sub27,AB,2.0,BB,1,5.5401894000024186,1.7120286879008737,5,0,0,-0.023060563325584538,0.1778532508878205,1.0
sub27,AB,23.0,EM,1,1.993742700000439,0.6900136261025285,5,0,1,-1.0574958733252489,0.05804493545226372,1.0
sub27,AB,35.0,EM,1,3.0468407000007574,1.1141052177050608,3,0,1,-0.750325951360893,0.0936213611091111,0.5
sub27,AB,7.0,EM,1,2.519536399999197,0.92407491634481,4,0,1,-0.9041312198951601,0.0758076322562068,0.75
sub27,AB,5.0,EM,1,3.8401689999991504,1.345516376047651,3,0,1,-0.5189262221784732,0.1204220817318427,0.5
sub27,AB,31.0,EM,1,2.3967345999990357,0.8741072275862384,5,0,1,-0.9399503168102815,0.07165906383405478,1.0
sub27,AB,1.0,EM,1,4.629727600000479,1.532498032674172,5,0,1,-0.2886260473147655,0.1470954519544272,1.0
sub27,AB,17.0,BB,1,2.61907500000234,0.9628212020007475,4,0,0,-0.8750975839036403,0.07917030847722083,0.75
sub27,AB,14.0,BB,1,2.3044531000014103,0.834843381485721,4,0,0,-0.9668671860408904,0.06854155157577789,0.75
sub27,AB,3.0,BB,1,2.859921500003111,1.0507941769037104,5,0,0,-0.8048469513788395,0.08730673794721007,1.0
sub27,AB,12.0,EM,1,2.686573800001497,0.9882667014967511,4,0,1,-0.8554093866718324,0.08145059581999016,0.75
sub28,AB,24.0,BB,1,10.49245289999817,2.3506562272947016,5,0,0,1.4214264576735662,0.3451537625597299,1.0
sub28,AB,5.0,EM,1,16.964991500000906,2.831151897204586,5,0,1,3.3093506363098575,0.5638131734730568,1.0
sub28,AB,11.0,EM,1,8.330298499997298,2.119899289870126,5,0,1,0.7907645455600154,0.27211048902751045,1.0
sub28,AB,28.0,EM,1,6.906180600002699,1.9324167497991487,5,0,1,0.37537472978859504,0.2240000334044553,1.0
sub28,AB,4.0,EM,0,22.613682100000005,3.1185551257508495,5,0,1,4.956973033087737,0.7546408278692667,1.0
sub28,AB,21.0,BB,1,9.774970200000098,2.279825057273442,5,0,0,1.2121495385557663,0.32091530618003133,1.0
sub28,AB,22.0,EM,1,11.322442300002876,2.4267868003878084,5,0,1,1.663519576481703,0.37319299175324266,1.0
sub28,AB,14.0,BB,1,5.607778900000994,1.7241547231349914,5,0,0,-0.0033459105200848768,0.18013660231559087,1.0
sub28,AB,31.0,EM,1,4.414770800001861,1.4849559187789854,5,0,1,-0.3513251156647795,0.13983364477733412,1.0
sub28,AB,19.0,BB,1,9.146598699997412,2.213382083403666,5,0,0,1.0288647686479402,0.29968726096987947,1.0
sub28,AB,33.0,BB,1,6.99251699999877,1.944840577267107,5,0,0,0.40055751928156585,0.22691670451762724,1.0
sub28,AB,40.0,EM,1,4.838490699999966,1.5766028332537156,5,0,1,-0.22773357089200127,0.15414801962336444,1.0
sub28,AB,7.0,EM,1,10.527852100000018,2.3540243262320057,5,0,1,1.4317517735531566,0.3463496408228899,1.0
sub28,AB,15.0,BB,1,14.274580600002082,2.658480375075592,5,0,0,2.524605715889876,0.4729240032627335,1.0
sub28,AB,36.0,BB,1,10.736936799999967,2.3736898342467234,5,0,0,1.492738054965623,0.3534130729873515,1.0
sub28,AB,17.0,BB,1,5.295000199999777,1.6667630168248093,5,0,0,-0.09457788406049393,0.16957011356750157,1.0
sub28,AB,6.0,BB,1,7.942328199998883,2.0722064564584555,5,0,0,0.6776005221025928,0.2590038298799722,1.0
sub28,AB,26.0,EM,1,9.864075999998022,2.288899470617238,5,0,1,1.2381401126827,0.32392553492343323,1.0
sub28,AB,1.0,EM,1,7.778114299999288,2.0513139309199095,5,0,1,0.6297022535194952,0.2534562515870168,1.0
sub28,AB,9.0,EM,1,11.83340070000122,2.4709261007549053,3,0,1,1.8125570372445912,0.39045451302787926,0.5
sub28,AB,3.0,BB,1,5.517510100002255,1.7079266896866812,5,0,0,-0.02967571102433084,0.17708708436732107,1.0
sub28,AB,13.0,BB,1,10.566800799999328,2.3577170861408026,5,0,0,1.4431124153352106,0.3476654305499199,1.0
sub28,AB,23.0,EM,1,3.0384314000002632,1.111341395409091,5,0,1,-0.752778794329853,0.09333727279416451,1.0
sub28,AB,38.0,EM,1,21.245924099999684,3.056165069914261,5,0,1,4.558022395895285,0.7084343581926031,1.0
sub28,AB,10.0,BB,1,8.299730400001863,2.1162230323475164,5,0,0,0.7818483754692988,0.27107781805390846,1.0
sub28,AB,30.0,EM,1,6.259499899999355,1.8341002937417599,5,0,1,0.18674949248321393,0.20215345516826072,1.0
sub28,AB,25.0,BB,1,12.259122999999818,2.5062703945073235,5,0,0,1.9367326464177315,0.4048365342228275,1.0
sub28,AB,32.0,EM,1,5.072590700001456,1.6238516732876849,5,0,1,-0.1594507722044226,0.1620565345444055,1.0
sub28,AB,16.0,EM,1,19.46055350000097,2.9683895193133334,4,0,1,4.037261604516995,0.6481198343583959,0.75
sub28,AB,35.0,EM,1,4.063378700000612,1.4020148196521478,5,0,1,-0.4538199299519988,0.12796269361980261,1.0
sub28,AB,2.0,BB,1,6.250246899999183,1.832620966967917,5,0,0,0.18405055725782365,0.2018408644439323,1.0
sub28,AB,18.0,EM,1,5.476786600000196,1.7005185421066313,5,0,1,-0.04155403034289776,0.1757113372190885,1.0
sub28,AB,20.0,EM,1,6.083859999998822,1.8056393629552343,5,0,1,0.13551846329412162,0.19621987648446948,1.0
sub28,AB,29.0,BB,1,5.154185700001108,1.639809141849067,5,0,0,-0.1356509646057308,0.16481302867074243,1.0
sub28,AB,34.0,BB,1,5.924402500000724,1.7790798380543744,5,0,0,0.0890075518395066,0.19083298191804987,1.0
sub28,AB,37.0,BB,1,4.3737409000023035,1.4756186841036674,5,0,0,-0.3632928064030257,0.13844754662973374,1.0
sub28,AB,27.0,BB,1,9.69104470000093,2.2712022322689585,5,0,0,1.1876699656332501,0.31808008162217133,1.0
sub28,AB,12.0,EM,1,4.326618300001428,1.4647862438091641,5,0,1,-0.37703762916882916,0.13685562102006776,1.0
sub29,AB,24.0,BB,1,5.591136200000619,1.7211825223274078,5,0,0,-0.00820028956210171,0.17957436805126564,1.0
sub29,AB,15.0,BB,0,15.954614599999331,2.7697481040012506,5,0,0,3.0146416979888486,0.5296799791565819,1.0
sub29,AB,9.0,EM,1,10.35022730000128,2.3370084808230116,4,0,1,1.3799417844025454,0.3403490069863755,0.75
sub29,AB,7.0,EM,1,5.583192699999927,1.7197607812260267,5,0,1,-0.010517266970980866,0.17930601568782967,1.0
sub29,AB,27.0,BB,1,5.255185000001802,1.65921520827667,5,0,0,-0.10619126845242077,0.16822505118703934,1.0
sub29,AB,40.0,EM,1,12.39373699999851,2.5171912643695147,4,0,1,1.9759971515966375,0.4093841498894823,0.75
sub29,AB,37.0,BB,1,3.9626532000002044,1.3769138009166448,5,0,0,-0.48319976352393296,0.12455992078905732,1.0
sub29,AB,36.0,BB,0,14.456402800002252,2.671137416764649,3,0,0,2.577640011829497,0.4790664363326553,0.5
sub29,AB,21.0,BB,1,11.788833599999634,2.467152778357515,5,0,0,1.7995576082933817,0.38894891894266853,1.0
sub29,AB,14.0,BB,1,8.302824200000032,2.11659572198577,3,0,0,0.7827507818018629,0.27118233477090153,0.5
sub29,AB,12.0,EM,1,2.615761199998815,0.9615551450241547,5,0,1,-0.8760641603176949,0.07905835958028337,1.0
sub29,AB,13.0,BB,0,9.888299999998708,2.291352240060787,4,0,0,1.2452058218473485,0.32474388548068017,0.75
sub29,AB,26.0,EM,1,5.5052340000002005,1.7056992760832799,5,0,1,-0.03325643065313709,0.17667236535818898,1.0
sub29,AB,20.0,EM,1,4.213607999998203,1.4383192877988256,5,0,1,-0.4100007200047709,0.13303783527123764,1.0
sub29,AB,11.0,EM,1,2.943454299998848,1.0795838236305926,5,0,1,-0.7804819220499956,0.09012869606407645,1.0
sub29,AB,38.0,EM,1,6.475190600001952,1.8679780434461,5,0,1,0.24966262638738518,0.20944005542152627,1.0
sub29,AB,39.0,BB,0,9.46414999999979,2.2475109760855414,3,0,0,1.1214888245680739,0.3104149807231849,0.5
sub29,AB,22.0,EM,1,3.0591247999982443,1.1181288619822807,5,0,1,-0.7467428982759671,0.09403635037917119,1.0
sub29,AB,5.0,EM,0,12.448094200000924,2.5215675348881965,3,0,1,1.9918521782731076,0.411220479352457,0.5
sub29,AB,18.0,EM,1,4.213885000001028,1.438385025024101,4,0,1,-0.4099199240396738,0.1330471930613079,0.75
sub29,AB,31.0,EM,1,3.8059725999992224,1.3365715696886171,5,0,1,-0.5289007027296057,0.11926683722247237,1.0
sub29,AB,25.0,BB,1,14.707863700001326,2.6883822963306336,2,0,0,2.6509866757010254,0.48756144820659136,0.25
sub29,AB,19.0,BB,1,4.769703600002686,1.562284164605365,4,0,0,-0.24779754227767717,0.15182421011161662,0.75
sub29,AB,4.0,EM,1,21.69445640000049,3.077056762471795,4,0,1,4.68885127562889,0.7235869612985522,0.75
sub29,AB,32.0,EM,1,4.149619299998449,1.423016595094567,5,0,1,-0.4286650836115,0.13087612835657358,1.0
sub29,AB,8.0,BB,1,6.779797800001688,1.9139472784989888,5,0,0,0.338511118981305,0.21973048936530715,1.0
sub29,AB,29.0,BB,1,10.020234299998265,2.304606478616695,4,0,0,1.2836887062847642,0.3292009738195822,0.75
sub29,AB,2.0,BB,1,4.7397191999989445,1.5559778934456452,5,0,0,-0.25654345748148,0.15081125806195178,1.0
sub29,AB,1.0,EM,1,3.318468400000711,1.199503351184152,5,0,1,-0.6710969912714064,0.1027976606324089,1.0
sub29,AB,23.0,EM,1,8.273195599998871,2.1130208431050126,3,0,1,0.7741086471189873,0.2701814025829594,0.5
sub29,AB,35.0,EM,1,7.340615700002672,1.9934227219426075,3,0,1,0.5020917074730353,0.23867639594418988,0.5
sub29,AB,16.0,EM,1,11.01350839999941,2.399122555742053,4,0,1,1.573409062592036,0.3627563904812338,0.75
sub29,AB,6.0,BB,1,3.3802009999999427,1.2179351751824128,5,0,0,-0.6530906918344926,0.10488315054358137,1.0
sub29,AB,33.0,BB,1,5.1566859999948065,1.6402941251008143,5,0,0,-0.13492167164918575,0.16489749539354087,1.0
sub29,AB,3.0,BB,1,3.1055395000003045,1.1331874523052898,5,0,0,-0.7332045573260958,0.09560436126135657,1.0
sub29,AB,10.0,BB,1,5.73878710000281,1.7472478813833663,4,0,0,0.034866847049710395,0.18456240455602868,0.75
sub29,AB,30.0,EM,1,7.161551200006215,1.9687266055533161,5,0,1,0.4498617834863964,0.23262712524772805,1.0
sub29,AB,34.0,BB,1,5.040838699998858,1.6175724769688125,3,0,0,-0.16871226483189627,0.16098386830864364,0.5
sub29,AB,17.0,BB,0,6.775476499999058,1.9133096963957603,3,0,0,0.337250672769659,0.21958450446334699,0.5
sub29,AB,28.0,EM,1,3.472712999995565,1.244936132856792,5,0,1,-0.6261065898616343,0.10800844969922455,1.0
sub30,AB,11.0,EM,1,5.139931899997464,1.6370398303515739,5,0,1,-0.13980854408533622,0.164331497743747,1.0
sub30,AB,31.0,EM,1,3.5608186000026762,1.2699904622518872,5,0,1,-0.6004077562499486,0.1109848890511215,1.0
sub30,AB,4.0,EM,1,10.011948699997447,2.3037792497047676,4,0,1,1.2812719444015603,0.3289210644166098,0.75
sub30,AB,9.0,EM,1,3.738877000003413,1.3187852989583984,4,0,1,-0.5484712937048599,0.11700017103836437,0.75
sub30,AB,22.0,EM,1,6.1347475000002305,1.8139689200217142,5,0,1,0.1503614403051777,0.19793899033775036,1.0
sub30,AB,1.0,EM,1,15.089313600001333,2.7139867846677426,5,0,1,2.7622488146627155,0.5004478310590496,1.0
sub30,AB,26.0,EM,1,13.018890100000135,2.5664013873710765,3,0,1,2.1583431715712424,0.4305034690661865,0.5
sub30,AB,37.0,BB,1,3.6095717000061995,1.2835891226486302,5,0,0,-0.586187345686451,0.11263189724771447,1.0
sub30,AB,6.0,BB,1,3.0967930999977398,1.1303670921716567,5,0,0,-0.7357557263590405,0.09530888481998435,1.0
sub30,AB,38.0,EM,1,5.931443299996317,1.7802675729392712,2,0,1,0.0910612277416661,0.19107083869643887,0.25
sub30,AB,29.0,BB,1,3.8748829000032856,1.3545154429947057,3,0,0,-0.5088007960971915,0.12159480875511687,0.5
sub30,AB,19.0,BB,0,4.48018189999857,1.4996636482808796,3,0,0,-0.3322458633239853,0.1420434041123294,0.5
sub30,AB,33.0,BB,1,3.7556492000003345,1.3232611597532156,4,0,0,-0.5435791418213471,0.11756678015384277,0.75
sub30,AB,5.0,EM,1,5.491333400001167,1.703171103991502,4,0,1,-0.03731098798489486,0.17620276645813315,0.75
sub30,AB,40.0,EM,1,2.9894008000046597,1.0950729659833298,5,0,1,-0.7670801466964043,0.09168088991654659,1.0
sub30,AB,34.0,BB,0,5.816857899997558,1.7607602362303079,5,0,0,0.05763870830295973,0.18719984191891698,1.0
sub30,AB,36.0,BB,1,4.097847800003365,1.4104619090594936,5,0,0,-0.4437659076691497,0.1291271506539115,1.0
sub30,AB,20.0,EM,0,6.805494799998996,1.9177303447016818,3,0,1,0.3460064759983051,0.22059860174421964,0.5
sub30,AB,3.0,BB,1,4.807049100003496,1.5700834031312407,5,0,0,-0.23690452536855244,0.15308583951780314,1.0
sub30,AB,25.0,BB,1,4.62086549999367,1.5305820252091067,5,0,0,-0.2912109639773467,0.14679606686200874,1.0
sub30,AB,2.0,BB,1,4.857149399998889,1.5804517226185355,5,0,0,-0.2222911605725212,0.15477835968038184,1.0
sub30,AB,32.0,EM,1,4.071016800000507,1.4038927962626355,5,0,1,-0.45159203228157985,0.12822072876639462,1.0
sub30,AB,15.0,BB,1,4.584140200000547,1.522602563587091,5,0,0,-0.3019230795952679,0.14555538944648772,1.0
sub30,AB,12.0,EM,1,2.5359489000038593,0.9305678865312192,5,0,1,-0.899343986090072,0.07636208975803352,1.0
sub30,AB,23.0,EM,1,2.9135871999969822,1.069385036789966,5,0,1,-0.7891936229333625,0.08911970671759427,1.0
sub30,AB,28.0,EM,1,5.686356000005617,1.7380696211889761,5,0,1,0.01957362942453375,0.1827911438270592,1.0
sub30,AB,16.0,EM,0,3.0319763000006787,1.109214651127108,1,0,1,-0.7546616319794771,0.09311920250512905,0.0
sub30,AB,35.0,EM,1,3.488919600000372,1.2495921180871234,4,0,1,-0.621379413417673,0.10855595135645028,0.75
sub30,AB,39.0,BB,0,3.869394299996202,1.353097983163579,5,0,0,-0.5104017229205916,0.1214093893828342,1.0
sub30,AB,24.0,BB,1,3.287233799994283,1.190046420839592,4,0,0,-0.6802075675392937,0.10174247353201585,0.75
sub30,AB,14.0,BB,1,2.840851200002362,1.0441037255772454,5,0,0,-0.810409418084754,0.08666249295744632,1.0
sub30,AB,18.0,EM,1,3.532047300002887,1.2618776744988405,4,0,1,-0.6087998317982315,0.1100129187164584,0.75
sub30,AB,13.0,BB,1,3.6910529999950086,1.3059117831956513,1,0,0,-0.5624207023549574,0.11538455028805286,0.0
sub30,AB,8.0,BB,0,2.441947799998161,0.8927959995379157,5,0,0,-0.9267624320023283,0.07318648487984213,1.0
sub30,AB,10.0,BB,0,8.230884099997638,2.107893432977464,5,0,0,0.7617671364964529,0.26875200860991694,1.0
sub30,AB,21.0,BB,1,3.50453770000604,1.254058614499478,5,0,0,-0.6168238919372686,0.10908357193283794,1.0
sub30,AB,7.0,EM,0,3.9372283999982756,1.3704770239944595,4,0,1,-0.4906157246524789,0.12370100404331423,0.75
sub30,AB,17.0,BB,1,3.9388609000016004,1.3708915698342845,4,0,0,-0.49013955349022437,0.12375615419553469,0.75
sub30,AB,27.0,BB,1,2.1172440000009374,0.7501152429513157,5,0,0,-1.021472744724076,0.0622171348278113,1.0
sub30,AB,30.0,EM,0,4.279831899999408,1.453913733121322,5,0,1,-0.39068438838554903,0.1352750531323471,1.0
sub31,AB,8.0,BB,0,13.671690899995156,2.615327337306926,5,0,0,2.3487535329931415,0.4525568004083278,1.0
sub31,AB,21.0,BB,1,5.549666699997033,1.7137378719004375,3,0,0,-0.020296203788506672,0.17817341905705636,0.5
sub31,AB,1.0,EM,1,16.41557019999891,2.798230286871665,5,0,1,3.1490942329674176,0.5452522740754665,1.0
sub31,AB,32.0,EM,1,4.460716500005219,1.4953094033544925,5,0,1,-0.33792357365764913,0.1413858116036132,1.0
sub31,AB,25.0,BB,0,9.899121000009472,2.2924459653208364,5,0,0,1.2483621147364072,0.32510944737749853,1.0
sub31,AB,6.0,BB,1,4.692830499989213,1.5460359185357349,5,0,0,-0.27022005578761565,0.1492272342103806,1.0
sub31,AB,36.0,BB,1,3.4073148999887053,1.2259245617598145,5,0,0,-0.6451820503370298,0.10579912953814513,1.0
sub31,AB,13.0,BB,1,4.338672700003372,1.4675684718446265,4,0,0,-0.37352157547969195,0.1372628504189527,0.75
sub31,AB,17.0,BB,1,5.5352434999949764,1.7111355579653,5,0,0,-0.02450319422919374,0.17768616535169673,1.0
sub31,AB,39.0,BB,1,8.03256569999212,2.083503991245154,3,0,0,0.703921192952953,0.2620522904315716,0.5
sub31,AB,40.0,EM,1,4.509432899998501,1.506171402814175,5,0,1,-0.32371386783319955,0.14303157997714505,1.0
sub31,AB,30.0,EM,1,5.978338499990059,1.7881426865460486,5,0,1,0.10473972197731762,0.19265508213459925,1.0
sub31,AB,23.0,EM,1,5.105593300002511,1.6303366642569224,3,0,1,-0.1498245018412258,0.16317144934380673,0.5
sub31,AB,11.0,EM,1,2.917291199992178,1.0706555144913792,5,0,1,-0.7881132321345196,0.08924483759853982,1.0
sub31,AB,28.0,EM,1,3.6403291000024183,1.2920740896502991,5,0,1,-0.5772159601585494,0.11367096327420305,1.0
sub31,AB,14.0,BB,1,2.0508726999978535,0.7182654098786917,5,0,0,-1.0408320702973977,0.05997493740619686,1.0
sub31,AB,31.0,EM,1,2.8886654999951134,1.0607946307706135,5,0,1,-0.7964628387563826,0.08827778601566674,1.0
sub31,AB,35.0,EM,1,5.844843900005799,1.7655598879815704,5,0,1,0.06580172583658261,0.18814528275037368,1.0
sub31,AB,18.0,EM,1,3.516948100004811,1.2575935964892482,5,0,1,-0.6132039993924457,0.10950282794977831,1.0
sub31,AB,38.0,EM,1,4.53214090000256,1.5111944327095181,2,0,1,-0.31709034885470827,0.14379871605940886,0.25
sub31,AB,16.0,EM,0,13.200482200001716,2.58025335922827,3,0,1,2.2113103514413135,0.4366381287517761,0.5
sub31,AB,20.0,EM,1,5.547418499991181,1.7133326844127155,4,0,1,-0.02095196367064254,0.17809746893620354,0.75
sub31,AB,34.0,BB,1,5.7653406000026735,1.7518642326354428,5,0,0,0.042612029855903316,0.1854594517621519,1.0
sub31,AB,33.0,BB,1,4.5333049000037136,1.5114512319962228,5,0,0,-0.3167508307951157,0.14383803904692344,1.0
sub31,AB,12.0,EM,0,8.221927800012054,2.1068047071201828,5,0,1,0.759154743378566,0.26844944119397135,1.0
sub31,AB,24.0,BB,1,5.400502899996354,1.6864920788628885,5,0,0,-0.06380462637225619,0.17313427280341676,1.0
sub31,AB,29.0,BB,1,4.024767399998382,1.3924671203804107,4,0,0,-0.46508215816686954,0.12665830215382018,0.75
sub31,AB,19.0,BB,0,7.452099200003431,2.0084957645137878,3,0,0,0.5346094579535566,0.24244260236537857,0.5
sub31,AB,27.0,BB,1,2.606755900007556,0.9581064980426548,3,0,0,-0.8786908458641299,0.07875413681501696,0.5
sub31,AB,10.0,BB,1,6.94926540000597,1.9386359561494226,5,0,0,0.3879417982426712,0.22545555148943508,1.0
sub31,AB,3.0,BB,1,5.649894200003473,1.73163681931992,5,0,0,0.008938372058804203,0.1815593681356319,1.0
sub31,AB,22.0,EM,1,2.6516763999970863,0.9751920437611964,5,0,1,-0.8655883364334981,0.08027166968313128,1.0
sub31,AB,2.0,BB,1,5.49198289999913,1.703289374280908,5,0,0,-0.03712154040861054,0.17622470827968406,1.0
sub31,AB,26.0,EM,1,16.118774799993844,2.7799847292267974,5,0,1,3.0625243032373177,0.5352257433218507,1.0
sub31,AB,4.0,EM,1,13.065104299996165,2.5699448821015345,5,0,1,2.1718230302419657,0.43206470652979284,1.0
sub31,AB,15.0,BB,1,3.226851200000965,1.1715068010680292,5,0,0,-0.697820096029469,0.09970259017868237,1.0
sub31,AB,5.0,EM,1,3.876145099988207,1.3548411288253026,5,0,1,-0.5084326348521112,0.12163744919686838,1.0
sub31,AB,9.0,EM,1,3.9815266000077827,1.3816653135941588,5,0,1,-0.4776947290375621,0.12519751397816353,1.0
sub31,AB,37.0,BB,1,3.4626501000020653,1.2420342207549668,5,0,0,-0.6290417584838683,0.10766849841880152,1.0
sub31,AB,7.0,EM,0,4.3274934999935795,1.464988506043663,4,0,1,-0.37678234892587714,0.13688518758220697,0.75
sub32,AB,19.0,BB,0,4.741668799993931,1.5563891412550304,3,0,0,-0.2559747939019066,0.1508771206875405,0.5
sub32,AB,36.0,BB,1,4.552219799996237,1.515614982124936,5,0,0,-0.3112336915026041,0.1444770342148855,1.0
sub32,AB,6.0,BB,1,3.50422499999695,1.2539693833405183,5,0,0,-0.6169151009580723,0.1090730081024762,1.0
sub32,AB,2.0,BB,1,3.4694017000001622,1.2439821583433688,5,0,0,-0.6270724370678659,0.1078965852591497,1.0
sub32,AB,40.0,EM,1,5.988104799995199,1.7897749680734343,5,0,1,0.10758837766791657,0.192985013485789,1.0
sub32,AB,22.0,EM,1,3.7556006999948295,1.3232482457891879,5,0,1,-0.5435932884087552,0.11756514169584532,1.0
sub32,AB,30.0,EM,1,6.432268300006399,1.861327244316142,5,0,1,0.2371429562900527,0.20799002701504155,1.0
sub32,AB,24.0,BB,1,3.238657499998226,1.1751588920843894,5,0,0,-0.6943764086909258,0.10010143810559408,1.0
sub32,AB,8.0,BB,1,18.217712500001653,2.9023943351025663,4,0,0,3.674747030390203,0.6061333901340747,0.75
sub32,AB,15.0,BB,1,3.5770587000006344,1.2745408705421852,5,0,0,-0.5956708084549052,0.11153352242639802,1.0
sub32,AB,16.0,EM,1,9.689950400003,2.271089307210833,4,0,1,1.1873507778226475,0.31804311328444523,0.75
sub32,AB,28.0,EM,1,2.9146601000102237,1.06975320923363,5,0,1,-0.7888806771169781,0.08915595210744241,1.0
sub32,AB,13.0,BB,1,10.475264699998661,2.349016735178538,3,0,0,1.4164129660017983,0.34457309986788415,0.5
sub32,AB,7.0,EM,1,6.114121899998281,1.8106011611171684,3,0,1,0.14434532030203945,0.19724220321528219,0.5
sub32,AB,26.0,EM,1,3.6562071000080323,1.296426298598057,5,0,1,-0.572584630479191,0.11420736395750031,1.0
sub32,AB,18.0,EM,1,3.2279827000020305,1.1718573910383319,5,0,1,-0.6974900576408007,0.09974081523054708,1.0
sub32,AB,27.0,BB,1,5.247384100002819,1.657729685761317,5,0,0,-0.10846665198172074,0.1679615162274532,1.0
sub32,AB,17.0,BB,1,4.369357799994759,1.4746160417853926,5,0,0,-0.3645712785749213,0.1382994739607467,1.0
sub32,AB,34.0,BB,1,4.036821600006078,1.395457649664736,5,0,0,-0.4615661628124906,0.1270655247963724,1.0
sub32,AB,1.0,EM,1,4.574991799992858,1.5206049063745906,5,0,1,-0.3045915048666668,0.1452463323855565,1.0
sub32,AB,3.0,BB,1,3.086748500005342,1.127118271519325,5,0,0,-0.7386855571970319,0.09496955176182434,1.0
sub32,AB,33.0,BB,1,4.591608099988662,1.524230311296128,5,0,0,-0.29974482623557486,0.14580767478815565,1.0
sub32,AB,23.0,EM,1,5.016064499999629,1.612645662099546,5,0,1,-0.1759384575323763,0.16014693054551032,1.0
sub32,AB,9.0,EM,1,4.310109600002761,1.4609633330273182,5,0,1,-0.38185292279802796,0.13629791362892885,1.0
sub32,AB,37.0,BB,1,3.004218200003379,1.1000173677497984,5,0,0,-0.7627581751407467,0.09218146073662416,1.0
sub32,AB,20.0,EM,1,3.5651876000047196,1.2712166752039538,5,0,1,-0.5991333967984165,0.11113248538476511,1.0
sub32,AB,11.0,EM,1,5.4428216999949655,1.6942976212441914,5,0,1,-0.051460986470561694,0.17456391338960825,1.0
sub32,AB,31.0,EM,1,2.533555300004082,0.9296235732085698,5,0,1,-0.900042156559625,0.07628122764221497,1.0
sub32,AB,29.0,BB,1,5.318141499999911,1.671123900214105,5,0,0,-0.08782797919390721,0.1703518876655032,1.0
sub32,AB,25.0,BB,1,3.6344452999910573,1.2904564996136025,5,0,0,-0.5789321597813225,0.11347219300430995,1.0
sub32,AB,12.0,EM,1,2.381137400006992,0.8675782726885491,5,0,1,-0.944499742129119,0.07113214931520491,1.0
sub32,AB,35.0,EM,1,2.2317785999912303,0.8027988460467426,5,0,1,-0.9880650427426588,0.06608641544717452,1.0
sub32,AB,39.0,BB,1,9.96606979999342,2.29918630364699,3,0,0,1.2678898867639585,0.32737115427034547,0.5
sub32,AB,14.0,BB,1,4.8689569999987725,1.5828797457791008,5,0,0,-0.21884709404637692,0.15517725152480805,1.0
sub32,AB,4.0,EM,0,18.165077800003928,2.899500948625949,2,0,1,3.659394426272719,0.6043552512605426,0.25
sub32,AB,38.0,EM,1,8.498428199993214,2.1398812287490374,2,0,1,0.839804983228324,0.2777903533636035,0.25
sub32,AB,5.0,EM,0,11.993850300001213,2.4843940434279075,2,0,1,1.8593573265920167,0.3958749233468324,0.25
sub32,AB,10.0,BB,1,4.248061299993424,1.4464627141541242,5,0,0,-0.39995130630258624,0.13420175853945449,1.0
sub32,AB,32.0,EM,1,2.618330400000559,0.9625368627335229,5,0,1,-0.8753147704564983,0.079145153926925,1.0
sub32,AB,21.0,BB,1,2.8029959999985294,1.0306888451386538,5,0,0,-0.8214511054026663,0.08538364454195126,1.0
sub33,AB,29.0,BB,1,5.364167399995495,1.6797411729853222,4,0,0,-0.07440304427808882,0.17190676385886972,0.75
sub33,AB,21.0,BB,1,6.390341999998782,1.854787788083809,5,0,0,0.22491380164196673,0.20657364611289641,1.0
sub33,AB,7.0,EM,0,10.642154400004074,2.364822944620337,4,0,1,1.4650917177678278,0.3502110737365406,0.75
sub33,AB,28.0,EM,1,3.3367190999997547,1.204988018821192,5,0,1,-0.6657735872819397,0.10341421737423274,1.0
sub33,AB,19.0,BB,0,10.796790500011411,2.379248914039789,2,0,0,1.510196312755295,0.35543508870549334,0.25
sub33,AB,40.0,EM,1,3.3721977999957744,1.2155646979671808,4,0,1,-0.6554250826706206,0.10461278135670124,0.75
sub33,AB,16.0,EM,0,8.623117099996307,2.154446631838123,3,0,1,0.8761745135889931,0.2820026729969072,0.5
sub33,AB,18.0,EM,1,12.84877029999916,2.553248110263907,4,0,1,2.108722257192072,0.4247563739074352,0.75
sub33,AB,15.0,BB,0,12.252790300000925,2.5057536906448155,3,0,0,1.9348855106673235,0.40462259892837465,0.5
sub33,AB,2.0,BB,1,4.866004800001974,1.5822732307977483,5,0,0,-0.21970819818164203,0.15507751842901807,1.0
sub33,AB,34.0,BB,1,8.145000300006359,2.097404278887201,4,0,0,0.7367163623602229,0.2658506275176384,0.75
sub33,AB,20.0,EM,1,2.994743600007496,1.0968586185563114,5,0,1,-0.7655217471363046,0.09186138378046071,1.0
sub33,AB,14.0,BB,1,7.222950800001854,1.9772635674716295,5,0,0,0.46777095275582553,0.2347013655412281,1.0
sub33,AB,10.0,BB,1,5.551790600002278,1.7141205063553138,5,0,0,-0.01967670000170725,0.1782451699963224,1.0
sub33,AB,9.0,EM,1,4.113595200004056,1.4142973906686498,4,0,1,-0.4391726716841299,0.12965913932487383,0.75
sub33,AB,24.0,BB,1,5.665176300011808,1.7343380149157253,5,0,0,0.013395888327005563,0.18207563774665275,1.0
sub33,AB,25.0,BB,1,2.2723303999955533,0.8208059128193275,5,0,0,-0.9762368052539936,0.06745636211700459,1.0
sub33,AB,23.0,EM,1,2.6208899000048405,0.9635139165931952,5,0,1,-0.8745682099117222,0.07923162058209003,1.0
sub33,AB,26.0,EM,1,6.406692500007921,1.857343147125208,5,0,1,0.22968295115310808,0.20712600909148648,1.0
sub33,AB,36.0,BB,0,7.672038499993505,2.0375823558158745,3,0,0,0.5987618327703597,0.24987273152250694,0.5
sub33,AB,3.0,BB,1,6.146723800004111,1.8159192244286544,5,0,0,0.1538547136165053,0.19834358131288465,1.0
sub33,AB,27.0,BB,1,3.2295666999998502,1.1723479796289784,5,0,0,-0.6970280330659543,0.09979432692477008,1.0
sub33,AB,37.0,BB,1,5.143439399995259,1.6377219996580186,5,0,0,-0.13878546883439816,0.16444999033694618,1.0
sub33,AB,13.0,BB,1,4.290531999999075,1.4564107345751989,4,0,0,-0.3875633598754697,0.13563653070818416,0.75
sub33,AB,31.0,EM,1,3.7896444000070915,1.3322721888367655,5,0,1,-0.5336633477231388,0.11871522759722382,1.0
sub33,AB,12.0,EM,1,4.2976722000021255,1.4580735272806165,5,0,1,-0.38548069076229485,0.1358777454807727,1.0
sub33,AB,33.0,BB,1,2.5205859999987297,0.9244914141722065,5,0,0,-0.903825070277603,0.07584309051018963,1.0
sub33,AB,39.0,BB,1,12.354076499992516,2.5139860895803015,4,0,0,1.9644288904358482,0.4080443136824283,0.75
sub33,AB,5.0,EM,1,3.852576699995552,1.3487421971626974,5,0,1,-0.5153071171762315,0.12084124653558777,1.0
sub33,AB,8.0,BB,1,4.177549200001522,1.4297247587972384,5,0,0,-0.42051842944976603,0.13181967398201605,1.0
sub33,AB,1.0,EM,1,15.192531599997892,2.7208039649987428,3,0,1,2.7923556660708946,0.5039348071081209,0.5
sub33,AB,11.0,EM,1,4.820514499995625,1.5728806651035898,5,0,1,-0.23297690812419375,0.15354073621474829,1.0
sub33,AB,4.0,EM,0,9.371825099995476,2.237707858499099,4,0,1,1.0945592963288373,0.3072960022983105,0.75
sub33,AB,38.0,EM,0,10.37354860000778,2.339259162355533,3,0,1,1.3867441920636576,0.3411368619589441,0.5
sub33,AB,6.0,BB,1,5.384640199990827,1.6835504931469278,5,0,0,-0.06843149331421261,0.1725983889944423,1.0
sub33,AB,32.0,EM,1,3.379128300002776,1.2176177768256937,5,0,1,-0.653403579309752,0.10484691191080332,1.0
sub33,AB,35.0,EM,1,6.309571700010565,1.8420677978644022,5,0,1,0.20135454434168637,0.20384501252626802,1.0
sub33,AB,22.0,EM,1,7.898837400003686,2.0667155840867144,5,0,1,0.6649150306851861,0.2575345960453381,1.0
sub33,AB,17.0,BB,1,3.188211200002115,1.1594600071659202,5,0,0,-0.7090906955219625,0.09839722915118138,1.0
sub33,AB,30.0,EM,1,5.294496899994556,1.6666679603739039,5,0,1,-0.09472468770396139,0.1695531107669846,1.0
sub34,AB,17.0,BB,1,7.067580499991891,1.9555182006858476,3,0,0,0.4224522047099414,0.229452547361358,0.5
sub34,AB,20.0,EM,1,5.737821599992458,1.74707962610206,4,0,1,0.034585227900460896,0.1845297874213081,0.75
sub34,AB,10.0,BB,1,5.3079831000068225,1.6692119325927792,5,0,0,-0.09079100346435369,0.17000871014342406,1.0
sub34,AB,39.0,BB,1,6.6339719999959925,1.892203719834011,4,0,0,0.29597633151791053,0.21480410954809037,0.75
sub34,AB,12.0,EM,1,4.397322399992845,1.480995810229103,4,0,1,-0.35641450304294436,0.1392441918434652,0.75
sub34,AB,9.0,EM,1,5.593278400003328,1.721565591107584,4,0,1,-0.007575447992120686,0.17964673721267171,0.75
sub34,AB,14.0,BB,1,7.527325599992764,2.0185398127218024,2,0,0,0.5565516584081922,0.24498394840026988,0.25
sub34,AB,32.0,EM,1,3.017496199987363,1.104427414663939,4,0,1,-0.7588852191395751,0.09263002656744113,0.75
sub34,AB,30.0,EM,1,4.97091509999882,1.6036039479079098,5,0,1,-0.1891077330176417,0.15862166483179752,1.0
sub34,AB,4.0,EM,0,3.104990700012422,1.1330107202158752,5,0,1,-0.7333646325037638,0.09558582135151972,1.0
sub34,AB,37.0,BB,1,3.5460039999888977,1.2658213356798338,5,0,0,-0.6047289110998905,0.110484412821914,1.0
sub34,AB,25.0,BB,1,3.2603678000014042,1.1818400111010037,5,0,0,-0.6880439010251653,0.100834869252601,1.0
sub34,AB,35.0,EM,1,3.4348426000069594,1.233971102210157,5,0,1,-0.6371527107442638,0.1067290877881875,1.0
sub34,AB,24.0,BB,1,2.3575209000118775,0.8576106008146528,5,0,0,-0.9513882543668863,0.07033432170908387,1.0
sub34,AB,33.0,BB,1,6.326004100003047,1.8446687730026032,3,0,0,0.20614758261863325,0.2044001423021255,0.5
sub34,AB,27.0,BB,1,7.992447099997662,2.0784969832246274,4,0,0,0.6922193121881876,0.2606969783996817,0.75
sub34,AB,5.0,EM,1,4.6458880999998655,1.5359825488235241,2,0,1,-0.283912317420952,0.14764139623198302,0.25
sub34,AB,21.0,BB,1,3.980210200010333,1.3813346319746804,4,0,0,-0.4780786994605335,0.12515304251715614,0.75
sub34,AB,31.0,EM,1,5.01283940000576,1.612002501064761,2,0,1,-0.1768791617341162,0.16003797816864918,0.25
sub34,AB,40.0,EM,1,3.2244802999921376,1.1707717899728567,3,0,1,-0.698511645316142,0.09962249492837913,0.5
sub34,AB,22.0,EM,1,3.0603682000073604,1.1185352355253917,5,0,1,-0.7463802206488416,0.09407835570819661,1.0
sub34,AB,16.0,EM,0,7.008293999999296,1.9470943048088216,3,0,1,0.40515938905910953,0.22744969315458846,0.5
sub34,AB,23.0,EM,0,5.834083900001133,1.7637172525558908,1,0,1,0.06266322556237384,0.18778178159451397,0.0
sub34,AB,18.0,EM,1,2.762438599995221,1.0161138403507908,4,0,1,-0.8332809763112519,0.08401350868939784,0.75
sub34,AB,28.0,EM,1,2.1846231000090484,0.78144331939367,5,0,1,-1.0018194618467808,0.0644933783894391,1.0
sub34,AB,38.0,EM,1,6.022896099995705,1.7955682233724806,4,0,1,0.11773637994898711,0.19416035528491188,0.75
sub34,AB,11.0,EM,1,2.6457827999984147,0.9729669761551104,5,0,1,-0.8673073945379485,0.08007256834384104,1.0
sub34,AB,2.0,BB,1,4.186682500003371,1.4319086542127308,5,0,0,-0.4178544085810109,0.13212822092495713,1.0
sub34,AB,1.0,EM,1,5.829807400004938,1.7629839637969635,5,0,1,0.061415846714335705,0.1876373101548321,1.0
sub34,AB,29.0,BB,0,3.862485599995125,1.3513109140603123,1,0,0,-0.5124168676081756,0.12117599529038157,0.0
sub34,AB,8.0,BB,1,6.810026700011804,1.9183960408603142,2,0,0,0.34732835048034183,0.22075170126951532,0.25
sub34,AB,3.0,BB,1,2.9095877000072505,1.0680113872989911,5,0,0,-0.7903602058152424,0.0889845930681056,1.0
sub34,AB,26.0,EM,0,5.141206300002523,1.637287740648429,3,0,1,-0.13943682431176796,0.1643745503343293,0.5
sub34,AB,19.0,BB,1,4.917626399997971,1.5928259750682654,4,0,0,-0.20465109728273165,0.15682143211468125,0.75
sub34,AB,15.0,BB,1,4.050434499993571,1.3988241593129664,4,0,0,-0.457595522447714,0.12752540443186594,0.75
sub34,AB,36.0,BB,1,4.503136200000881,1.5047740873645459,4,0,0,-0.32555050302470234,0.14281886085760565,0.75
sub34,AB,34.0,BB,1,3.0304266000021016,1.1087034016909045,2,0,0,-0.7551136518557193,0.09306684955527085,0.25
sub34,AB,6.0,BB,0,4.55186780000804,1.515537654224802,1,0,0,-0.3113363636270465,0.14446514272766275,0.0
sub34,AB,7.0,EM,1,4.1430309000134,1.4214276214341903,1,0,1,-0.430586802491677,0.13065355484274527,0.0
sub34,AB,13.0,BB,1,5.643548499996541,1.7305130343336537,1,0,0,0.007087444437692081,0.18134499366664875,0.0
sub35,AB,39.0,BB,0,13.02892850000353,2.5671721544479293,3,0,0,2.1612711939829166,0.43084259267237923,0.5
sub35,AB,20.0,EM,1,5.061915500002215,1.6217449689773233,5,0,1,-0.16256453782805858,0.16169589815620145,1.0
sub35,AB,18.0,EM,1,3.4074621999898227,1.2259677913472182,5,0,1,-0.6451390855513702,0.10580410572036085,1.0
sub35,AB,11.0,EM,1,3.412890300009167,1.227559527599973,5,0,1,-0.6435558054963743,0.10598748124362276,1.0
sub35,AB,14.0,BB,1,2.0867964000062784,0.7356300670382365,5,0,0,-1.0303537671116965,0.061188534661787725,1.0
sub35,AB,19.0,BB,0,2.7099712999915937,0.9969380444265248,5,0,0,-0.8485847528332753,0.08224102502881356,1.0
sub35,AB,7.0,EM,1,2.8037110999866854,1.0309439324757597,5,0,1,-0.8212425234781365,0.0854078025040458,1.0
sub35,AB,23.0,EM,1,4.090943599992897,1.4087756524901895,5,0,1,-0.44577973978965596,0.12889390858300043,1.0
sub35,AB,5.0,EM,1,3.077707199990982,1.1241849041832723,5,0,1,-0.7413227433087389,0.09466411282090713,1.0
sub35,AB,17.0,BB,1,6.033250199994654,1.797285870502328,3,0,0,0.12075648642406102,0.19451014406891493,0.5
sub35,AB,6.0,BB,1,3.3349941999913426,1.204470940233044,5,0,0,-0.6662767098792479,0.10335594570633977,1.0
sub35,AB,2.0,BB,1,2.967432099991129,1.0876969660237752,5,0,0,-0.7734880250408819,0.09093872933623143,1.0
sub35,AB,22.0,EM,1,8.589737399990554,2.1505681650970456,5,0,1,0.8664382498737856,0.28087501876557996,1.0
sub35,AB,25.0,BB,1,8.5654760000034,2.1477397052468405,5,0,0,0.8593616317994964,0.28005540473823043,1.0
sub35,AB,28.0,EM,1,1.9536387999978615,0.6696936849458468,5,0,1,-1.069193466364315,0.05669012002483824,1.0
sub35,AB,30.0,EM,1,3.1553719000075944,1.1491063654353957,5,0,1,-0.7186693341830159,0.09728783105634345,1.0
sub35,AB,40.0,EM,1,3.8186399999976857,1.3398943382849677,5,0,1,-0.5252058478642294,0.11969477537667143,1.0
sub35,AB,24.0,BB,1,3.212212800004636,1.1669600454480835,5,0,0,-0.7020898564739425,0.09920806645040216,1.0
sub35,AB,35.0,EM,1,2.1712780999951065,0.7753159803409497,5,0,1,-1.0057119605628504,0.06404254912104576,1.0
sub35,AB,13.0,BB,1,5.012879200003226,1.6120104406447662,5,0,0,-0.17686755278403177,0.16003932271744803,1.0
sub35,AB,38.0,EM,0,4.542585200004396,1.5134962773047862,5,0,1,-0.3140439326460217,0.14415155203721247,1.0
sub35,AB,4.0,EM,1,3.738375200002338,1.3186510785286454,5,0,1,-0.5486176598238458,0.11698321891194037,1.0
sub35,AB,16.0,EM,1,10.764471099988441,2.3762509981637674,1,0,1,1.5007693196521008,0.3543432542017807,0.0
sub35,AB,8.0,BB,1,8.077321699995082,2.0890603448108753,5,0,0,0.7169757206686476,0.26356426605663474,1.0
sub35,AB,12.0,EM,1,4.5892743000003975,1.5237219069975312,5,0,1,-0.3004255541073164,0.14572883287431632,1.0
sub35,AB,10.0,BB,1,3.76793539999926,1.3265272121932807,5,0,0,-0.5399954762034206,0.11798184036748556,1.0
sub35,AB,32.0,EM,1,2.3103828999883262,0.837413268368138,5,0,1,-0.9651375690448989,0.06874187584606842,1.0
sub35,AB,33.0,BB,1,4.732017000002088,1.5543515386714133,4,0,0,-0.2587900519788464,0.15055105744854042,0.75
sub35,AB,34.0,BB,1,3.3935438999906182,1.2218747735714786,5,0,0,-0.6491988056577904,0.10533390886765459,1.0
sub35,AB,3.0,BB,1,2.6339472999970894,0.9684835955268153,5,0,0,-0.8707595989973769,0.07967273396384161,1.0
sub35,AB,27.0,BB,1,6.0175199000077555,1.7946751976920987,5,0,0,0.11616823820836772,0.193978733081482,1.0
sub35,AB,37.0,BB,1,2.33274579999852,0.8470460286796265,5,0,0,-0.9586147095854509,0.06949735354110148,1.0
sub35,AB,21.0,BB,1,3.7302101000095718,1.316464559149728,5,0,0,-0.5509992740018316,0.11670738031679227,1.0
sub35,AB,1.0,EM,1,2.8927527999912854,1.0622085747079129,5,0,1,-0.7952706461770892,0.0884158657807513,1.0
sub35,AB,15.0,BB,1,2.881623400011449,1.058353815899174,5,0,0,-0.7985168938418985,0.08803988532025488,1.0
sub35,AB,31.0,EM,1,3.2919030000048224,1.1914658170115804,5,0,1,-0.6788456450943997,0.10190021141306002,1.0
sub35,AB,9.0,EM,1,3.035550399989006,1.1103927589718476,5,0,1,-0.7536191306980132,0.09323994502151862,1.0
sub35,AB,29.0,BB,1,1.9996707999962382,0.6929825670099974,5,0,0,-1.055766752186375,0.05824520229237436,1.0
sub35,AB,36.0,BB,1,4.169507699989481,1.4277979712848887,5,0,0,-0.42286399171574157,0.1315480109199384,1.0
sub35,AB,26.0,EM,0,5.1320770000020275,1.6355104505383438,5,0,1,-0.14209967845140214,0.1640661385219751,1.0
sub36,AB,17.0,BB,1,3.5071754999953555,1.2548110126762186,5,0,0,-0.6160544926820469,0.10917268376784046,1.0
sub36,AB,24.0,BB,1,5.600582900005975,1.722870681610971,5,0,0,-0.005444855496644497,0.17989350247222452,1.0
sub36,AB,35.0,EM,1,2.865078500006348,1.0525957494445148,5,0,1,-0.8033427463679441,0.08748095499750118,1.0
sub36,AB,27.0,BB,1,4.333721100003459,1.4664265494061004,5,0,0,-0.37496586896953954,0.1370955723220621,1.0
sub36,AB,21.0,BB,1,3.5996097000024747,1.2808254229185736,5,0,0,-0.5890930835795551,0.1122953546348466,1.0
sub36,AB,12.0,EM,1,3.4961671000055503,1.2516672541354508,5,0,1,-0.6192654468058035,0.10880079100587717,1.0
sub36,AB,30.0,EM,1,6.428797199987457,1.8607874600963628,3,0,1,0.2361304982643528,0.20787276410905242,0.5
sub36,AB,22.0,EM,1,3.7069429000111995,1.3102075207619135,5,0,1,-0.5577859016545542,0.11592135298506735,1.0
sub36,AB,16.0,EM,1,5.973991399994702,1.7874152802205185,5,0,1,0.10347175036751051,0.19250822564089431,1.0
sub36,AB,28.0,EM,1,4.011968999999226,1.3892821432501028,5,0,1,-0.4688152233982232,0.12622593847437497,1.0
sub36,AB,11.0,EM,1,2.517866199996206,0.923411796798163,5,0,1,-0.9046183874755596,0.07575120849864725,1.0
sub36,AB,39.0,BB,1,6.597245299999486,1.8866521831176528,4,0,0,0.2852638075439481,0.21356338483676562,0.75
sub36,AB,32.0,EM,1,3.3839987000101246,1.2190580575861385,5,0,1,-0.6519829704108727,0.10501144685795971,1.0
sub36,AB,18.0,EM,1,5.235647100009373,1.6554904470003513,3,0,1,-0.1118901257439738,0.16756500943729585,0.5
sub36,AB,2.0,BB,1,4.221416000000318,1.4401706167890507,5,0,0,-0.407723265531069,0.13330161008764008,1.0
sub36,AB,20.0,EM,1,3.8591021000029286,1.3504345398377544,4,0,1,-0.5134037742669757,0.12106169174414723,0.75
sub36,AB,10.0,BB,1,5.483512399994652,1.7017458445440372,5,0,0,-0.03959223432823981,0.17593855246732326,1.0
sub36,AB,8.0,BB,1,3.028244500004803,1.107983078684215,5,0,0,-0.7557501315431638,0.0929931324668995,1.0
sub36,AB,7.0,EM,1,2.5347481000062544,0.9300942632719121,5,0,1,-0.8996942380529084,0.07632152356966024,1.0
sub36,AB,6.0,BB,1,2.7640274000004865,1.0166888190257841,5,0,0,-0.8328175516597625,0.08406718254052178,1.0
sub36,AB,9.0,EM,1,4.87095950001094,1.5832909402776125,2,0,1,-0.2182630004743912,0.15524490125238388,0.25
sub36,AB,38.0,EM,1,7.658659500011709,2.035836968439742,4,0,1,0.5948594168694954,0.24942075364559974,0.75
sub36,AB,26.0,EM,1,9.475604200008092,2.2487205167462903,4,0,1,1.1248298106137344,0.3108019337845846,0.75
sub36,AB,5.0,EM,1,4.242551799994544,1.4451649278323877,4,0,1,-0.40155832928118645,0.13401563311037146,0.75
sub36,AB,37.0,BB,1,2.758054500009166,1.01452553987535,5,0,0,-0.834559740159061,0.08386540223850152,1.0
sub36,AB,1.0,EM,1,4.00960620000842,1.3886930320094233,5,0,1,-0.46950441005396937,0.12614611686402638,1.0
sub36,AB,13.0,BB,1,5.005843499995535,1.6106059300349909,3,0,0,-0.1789197411105944,0.15980163823009036,0.5
sub36,AB,29.0,BB,1,2.679515800002264,0.9856361065587319,5,0,0,-0.8574680795085753,0.08121215798015124,1.0
sub36,AB,25.0,BB,1,7.950198999998975,2.073196959799371,4,0,0,0.6798962942167023,0.25926972624580247,0.75
sub36,AB,34.0,BB,1,11.446674999999232,2.4376992948148657,4,0,0,1.6997560414292103,0.3773898997481001,0.75
sub36,AB,31.0,EM,1,3.5446254999988014,1.265432512654328,5,0,1,-0.6051309949841877,0.11043784345950365,1.0
sub36,AB,36.0,BB,0,4.86982849999913,1.5830587208684863,3,0,0,-0.21859289302510282,0.15520669309147384,0.5
sub36,AB,3.0,BB,1,13.459997199999634,2.599722116192759,5,0,0,2.287006252770455,0.4454052293485486,1.0
sub36,AB,40.0,EM,1,5.569675899998401,1.717336865531451,5,0,1,-0.014459876682209218,0.17884938256311322,1.0
sub36,AB,33.0,BB,1,6.215975400002208,1.8271226555289128,5,0,0,0.1740541713757222,0.20068308285875153,1.0
sub36,AB,14.0,BB,1,3.273033100005705,1.185717108515785,5,0,0,-0.6843496586906674,0.10126273646346318,1.0
sub36,AB,15.0,BB,1,4.181651699997019,1.4307063120279726,5,0,0,-0.41932180330151086,0.13195826724313414,1.0
sub36,AB,4.0,EM,0,2.214088200009428,0.7948406708955892,5,0,1,-0.9932250172008068,0.06548878711648518,1.0
sub36,AB,23.0,EM,0,5.5872344999952475,1.7204844420313552,4,0,1,-0.009338345931193693,0.17944255834297979,0.75
sub36,AB,19.0,BB,0,6.102465200005099,1.8086928206886443,4,0,0,0.14094526861903697,0.19684840917074736,0.75
sub37,AB,29.0,BB,1,15.984604400000535,2.7716260340041576,1,0,0,3.023389188275692,0.5306931136323916,0.0
sub37,AB,10.0,BB,1,9.82449140000972,2.284878390513106,2,0,0,1.2265939902046463,0.3225882628189952,0.25
sub37,AB,19.0,BB,1,5.8911539999971865,1.773451903769277,5,0,0,0.07930955682715689,0.1897097599685474,1.0
sub37,AB,6.0,BB,1,6.4364962999970885,1.8619843392703563,4,0,0,0.2383761885506828,0.20813285999672593,0.75
sub37,AB,39.0,BB,0,6.6947824000089895,1.9013284767492165,4,0,0,0.313713641651068,0.21685844511346503,0.75
sub37,AB,22.0,EM,1,18.300505099992733,2.9069286605589713,3,0,1,3.6988961565669483,0.6089303423441433,0.5
sub37,AB,34.0,BB,1,8.292003499998827,2.115291616666887,2,0,0,0.7795945764202472,0.27081678300919676,0.25
sub37,AB,2.0,BB,1,14.034419300005538,2.6415128338246716,3,0,0,2.454554943997066,0.4648107216545866,0.5
sub37,AB,3.0,BB,1,3.317930199991679,1.1993411547753308,4,0,0,-0.6712539746241196,0.1027794788177916,0.75
sub37,AB,14.0,BB,1,8.376614799999516,2.1254438710655377,1,0,0,0.8042741849832739,0.2736751756983888,0.0
sub37,AB,1.0,EM,1,8.52973129999009,2.1435578604201053,4,0,1,0.8489355397228572,0.27884785457419115,0.75
sub37,AB,13.0,BB,0,6.019336700002896,1.7949770705263959,3,0,0,0.11669816639428382,0.19404010937310961,0.5
sub37,AB,8.0,BB,1,10.435196699996595,2.3451843903751364,5,0,0,1.4047258443531971,0.34321949723708284,1.0
sub37,AB,18.0,EM,1,2.8874224000028335,1.060364201028894,5,0,1,-0.7968254288739428,0.08823579082200067,1.0
sub37,AB,21.0,BB,1,4.7774881000077585,1.563914906288322,4,0,0,-0.24552694233437744,0.15208719103618973,0.75
sub37,AB,40.0,EM,1,3.516067100004875,1.257343063828792,1,0,1,-0.613460971394321,0.10947306544809149,0.0
sub37,AB,4.0,EM,0,5.275109800000791,1.6629994943115245,1,0,1,-0.1003795593229351,0.16889816343859748,0.0
sub37,AB,5.0,EM,1,3.2527097999991383,1.1794884335514675,4,0,1,-0.6902776031716876,0.10057616183148665,0.75
sub37,AB,15.0,BB,1,3.2897252999973716,1.1908040658498138,4,0,0,-0.6794808413832069,0.10182664296794099,0.75
sub37,AB,11.0,EM,1,2.9882942999975057,1.0947027563954266,1,0,1,-0.7674028930323112,0.0916435094303584,0.0
sub37,AB,26.0,EM,0,7.334686499991221,1.9926146703940575,4,0,1,0.5003622654791963,0.23847609194265168,0.75
sub37,AB,27.0,BB,1,4.712684700003592,1.5502577456407933,3,0,0,-0.26442893941565443,0.14989796140840728,0.5
sub37,AB,23.0,EM,1,3.3781438000005437,1.2173263870475026,5,0,1,-0.6536907404180815,0.10481365290628658,1.0
sub37,AB,31.0,EM,1,2.826673200004734,1.0391004724554604,5,0,1,-0.8145448880532477,0.08618352275440896,1.0
sub37,AB,7.0,EM,0,3.766315399989253,1.326097176061493,4,0,1,-0.5404680013403556,0.11792711249798045,0.75
sub37,AB,30.0,EM,1,12.117671300002257,2.4946648252169874,3,0,1,1.8954737059867717,0.4000579230309001,0.5
sub37,AB,35.0,EM,1,3.909852900003898,1.3634997518071896,5,0,1,-0.4986006702102576,0.12277618751116935,1.0
sub37,AB,17.0,BB,1,2.4234717000072123,0.885201098911908,5,0,0,-0.932151581153142,0.07256231353229778,1.0
sub37,AB,32.0,EM,1,2.930952900002012,1.0753275919995056,5,0,1,-0.7841283576727697,0.0897063658273902,1.0
sub37,AB,12.0,EM,1,4.347910600001342,1.4696954078703348,4,0,1,-0.37082704465588434,0.1375749310254139,0.75
sub37,AB,20.0,EM,1,2.7418630000029225,1.0086376163627,4,0,1,-0.8392825122025006,0.0833184106990201,0.75
sub37,AB,28.0,EM,1,3.2212847999908263,1.1697802861828392,5,0,1,-0.6994437157274803,0.09951454251727107,1.0
sub37,AB,9.0,EM,1,2.479368100001011,0.9080037293235776,3,0,1,-0.9158475972654332,0.07445064122721713,0.5
sub37,AB,33.0,BB,1,14.905260999992606,2.7017142378786065,3,0,0,2.7085639507830006,0.49423004919909164,0.5
sub37,AB,36.0,BB,1,3.8672058999945875,1.3525322566161524,1,0,0,-0.5110400402070384,0.12133545946371475,0.0
sub37,AB,16.0,EM,0,9.741083600005368,2.276352364033622,2,0,1,1.202265421145976,0.3197705275312489,0.25
sub37,AB,24.0,BB,1,3.9086377000057837,1.3631888989661316,5,0,0,-0.49895512239665596,0.12273513485283073,1.0
sub37,AB,25.0,BB,1,4.844727000003331,1.5778908970066534,4,0,0,-0.22591455330258456,0.15435869827192655,0.75
sub37,AB,38.0,EM,0,8.431461699990905,2.1319701496272323,1,0,1,0.8202720484208046,0.2755280485174917,0.0
sub37,AB,37.0,BB,1,3.212430999992648,1.1670279713891594,4,0,0,-0.7020262114254378,0.09921543782101709,0.75
sub38,AB,23.0,EM,1,6.703081500003464,1.9025673460373154,5,0,1,0.31613434124187173,0.21713881058179946,1.0
sub38,AB,18.0,EM,1,6.685970200007432,1.9000113309146016,5,0,1,0.311143279930875,0.21656074577472484,1.0
sub38,AB,19.0,BB,1,7.531287100006011,2.019065956820672,3,0,0,0.5577071573740344,0.24511777831041198,0.5
sub38,AB,5.0,EM,1,4.262668499999563,1.4498953726200003,5,0,1,-0.39569064633931383,0.13469522824984514,1.0
sub38,AB,17.0,BB,0,5.40552069999103,1.6874207831746821,3,0,0,-0.062341023523521555,0.1733037873105865,0.5
sub38,AB,37.0,BB,1,3.590612999993027,1.2783229400109033,5,0,0,-0.5917172606645348,0.11199142239962921,1.0
sub38,AB,40.0,EM,1,4.582072999997763,1.522151515811368,5,0,1,-0.3025260450016591,0.14548555398272567,1.0
sub38,AB,31.0,EM,1,3.7112839999899734,1.3113779083849486,5,0,1,-0.556519680142673,0.11606800678240033,1.0
sub38,AB,29.0,BB,1,5.473876699994435,1.6999870857017478,5,0,0,-0.04240279632450014,0.17561303312846843,1.0
sub38,AB,27.0,BB,1,3.967876900002011,1.3782311657564204,5,0,0,-0.48167610331194916,0.12473639114107384,1.0
sub38,AB,3.0,BB,1,6.882071100000758,1.9289196386210723,5,0,0,0.36834241823336117,0.22318555095890646,1.0
sub38,AB,8.0,BB,0,13.034714200010058,2.567616121560904,5,0,0,2.1629587795822753,0.4310380488655872,1.0
sub38,AB,9.0,EM,1,4.291128199998639,1.4565496820484447,5,0,1,-0.38738945895899185,0.13565667191532832,1.0
sub38,AB,24.0,BB,1,5.463723399996525,1.698130498731745,5,0,0,-0.04536433301722745,0.17527002789766638,1.0
sub38,AB,33.0,BB,1,7.353274900000542,1.9951457786162272,5,0,0,0.5057841705443503,0.23910405708075955,1.0
sub38,AB,25.0,BB,1,11.744284200001857,2.4633666711707933,5,0,0,1.7865633421178957,0.3874439228102311,1.0
sub38,AB,13.0,BB,0,3.731692800007295,1.3168619644864372,5,0,0,-0.5505667968319983,0.11675746983005732,1.0
sub38,AB,36.0,BB,0,3.4627668999892194,1.2420679515720903,5,0,0,-0.6290076900088171,0.10767244423016924,1.0
sub38,AB,6.0,BB,1,3.721064400000614,1.3140097563903734,5,0,0,-0.5536669117317105,0.11639841446893347,1.0
sub38,AB,39.0,BB,1,5.941427900004783,1.781949491692371,5,0,0,0.09397355765345462,0.1914081447970244,1.0
sub38,AB,4.0,EM,1,12.65418050000153,2.5379876348873442,5,0,1,2.051963879832782,0.41818261766329234,1.0
sub38,AB,20.0,EM,0,6.201419999997597,1.8247782980848393,3,0,1,0.16980862054989704,0.2001913630889205,0.5
sub38,AB,26.0,EM,1,8.282428399994387,2.114136210421,5,0,1,0.7768016903629534,0.27049331089789774,1.0
sub38,AB,38.0,EM,1,6.317936099992949,1.8433925883675168,5,0,1,0.20379429077541486,0.20412758400027836,1.0
sub38,AB,12.0,EM,0,13.965466100009507,2.636587575138732,4,0,1,2.434442524201409,0.4624813008471596,0.75
sub38,AB,2.0,BB,1,4.629413799993927,1.5324302510099514,5,0,0,-0.28871757718522856,0.14708485096325236,1.0
sub38,AB,22.0,EM,1,4.119180199995753,1.4156541629786172,5,0,1,-0.437543626702922,0.12984781534267847,1.0
sub38,AB,16.0,EM,1,4.589148500002921,1.5236944948810431,5,0,1,-0.30046224772501207,0.1457245830188823,1.0
sub38,AB,10.0,BB,1,5.269615299999714,1.6619573617862586,5,0,0,-0.10198220706945407,0.16871254474896952,1.0
sub38,AB,11.0,EM,1,3.3061358999984805,1.19578010563154,5,0,1,-0.6746941617753002,0.1023810362826406,1.0
sub38,AB,21.0,BB,1,5.859809400004451,1.7681170774634425,5,0,0,0.07016689552329955,0.18865085677873517,1.0
sub38,AB,34.0,BB,1,3.6879249999910826,1.305063969259549,5,0,0,-0.5633330842198078,0.11527887820473842,1.0
sub38,AB,14.0,BB,1,3.7978338999964762,1.3344308778888565,5,0,0,-0.531274616500911,0.11899189048855872,1.0
sub38,AB,28.0,EM,1,4.306146199989598,1.4600433509876236,5,0,1,-0.38300897595999045,0.13616401953178253,1.0
sub38,AB,32.0,EM,1,3.4749738999962574,1.2455869681961054,5,0,1,-0.6254471256172983,0.10808482885937125,1.0
sub38,AB,7.0,EM,0,3.6866387000045506,1.3047151215034227,3,0,1,-0.5637082750059318,0.11523542360142207,0.5
sub38,AB,35.0,EM,1,4.177251700006309,1.4296535422598489,5,0,1,-0.42060520489736347,0.1318096236481795,1.0
sub38,AB,15.0,BB,1,9.277736800009734,2.2276176377454187,5,0,0,1.0671154157361757,0.30411745157499614,1.0
sub38,AB,1.0,EM,1,5.32649130000209,1.6726927287254534,5,0,1,-0.08539249131425446,0.17063396591370705,1.0
sub38,AB,30.0,EM,1,4.468341200001305,1.4970172435556683,4,0,1,-0.3356995845295731,0.1416433940627636,0.75
sub39,AB,3.0,BB,1,16.15697710000677,2.7823519749517795,5,0,0,3.0736672334430786,0.5365163176903616,1.0
sub39,AB,9.0,EM,1,11.790382000006502,2.467284114364222,1,0,1,1.8000092489852064,0.38900122797538095,0.0
sub39,AB,14.0,BB,1,6.517633900002693,1.8745114113022738,5,0,0,0.2620425807212966,0.21087390194588312,1.0
sub39,AB,23.0,EM,1,2.475700399998459,0.9065233458849322,5,0,1,-0.9169174000032337,0.07432673665568403,1.0
sub39,AB,28.0,EM,1,5.422090899999603,1.6904815159672226,5,0,1,-0.05750779143727165,0.1738635723341303,1.0
sub39,AB,1.0,EM,1,9.467592799992417,2.2478746826990266,3,0,1,1.1224930279803618,0.3105312875797064,0.5
sub39,AB,6.0,BB,1,4.632632900000317,1.5331253673789957,4,0,0,-0.2877786230729255,0.1471936006447248,0.75
sub39,AB,29.0,BB,0,10.082957399994484,2.3108466124685507,2,0,0,1.3019839169215668,0.33131992543090594,0.25
sub39,AB,15.0,BB,1,5.9526264000014635,1.7838325339289764,4,0,0,0.09723996056191826,0.19178645963818824,0.75
sub39,AB,35.0,EM,1,6.254935299992212,1.8333708001391127,5,0,1,0.1854180799954947,0.20199925095098242,1.0
sub39,AB,19.0,BB,1,4.555075800002669,1.5162421716278338,5,0,0,-0.31040064719038857,0.14457351742148616,1.0
sub39,AB,16.0,EM,0,5.271871100005228,1.662385346978166,2,0,1,-0.10132423040283732,0.16878875161783918,0.25
sub39,AB,22.0,EM,1,5.0660704000038095,1.6225654480490166,5,0,1,-0.16135262753171467,0.16183626162761472,1.0
sub39,AB,37.0,BB,1,2.614166800005478,0.9609454234208247,5,0,0,-0.8765292183859213,0.0790044965468048,1.0
sub39,AB,5.0,EM,1,6.0367315000039525,1.7978627230928892,4,0,1,0.12177191960519923,0.1946277515574582,0.75
sub39,AB,40.0,EM,1,4.455346999995527,1.4941049478997226,2,0,1,-0.3394897611339944,0.14120441574310522,0.25
sub39,AB,38.0,EM,1,5.687832600000547,1.7383292616882071,2,0,1,0.020004327332245296,0.18284102726615464,0.25
sub39,AB,2.0,BB,1,2.8191784000082407,1.0364454949852815,5,0,0,-0.8167309876660668,0.08593032865956869,1.0
sub39,AB,13.0,BB,1,9.117806299997028,2.2102292378714807,1,0,0,1.0204665386054543,0.2987145778215917,0.0
sub39,AB,27.0,BB,1,4.554948399993009,1.5162142024354648,3,0,0,-0.31043780750312827,0.1445692135134241,0.5
sub39,AB,7.0,EM,1,20.40581579999707,3.0158199484553925,1,0,1,4.312977774261466,0.6800532858909425,0.0
sub39,AB,31.0,EM,1,6.963767099994584,1.940720577922601,2,0,1,0.39217168573068434,0.22594545713121073,0.25
sub39,AB,17.0,BB,1,14.045852600000217,2.6423271635909362,3,0,0,2.45788983388116,0.4651969686584485,0.5
sub39,AB,20.0,EM,1,5.954882899997756,1.7842115384657697,3,0,1,0.09789814140337223,0.19186269015459106,0.5
sub39,AB,26.0,EM,1,5.331677599999239,1.6736659353719516,5,0,1,-0.08387974001721703,0.17080917279500646,1.0
sub39,AB,24.0,BB,1,14.432029399991734,2.6694500004573096,2,0,0,2.570530725344066,0.4782430386493642,0.25
sub39,AB,25.0,BB,1,5.996975599991856,1.7912552754757203,5,0,0,0.11017583196251575,0.19328469248679148,1.0
sub39,AB,10.0,BB,1,4.6699940000107745,1.5411577868857138,5,0,0,-0.2768810559189558,0.14845575706034775,1.0
sub39,AB,12.0,EM,1,8.702702099995804,2.163633563645041,5,0,1,0.899388040002842,0.2846912640263094,1.0
sub39,AB,18.0,EM,1,3.109015099995304,1.1343059879304715,5,0,1,-0.7321907867375628,0.09572177618839565,1.0
sub39,AB,21.0,BB,1,6.933333299995866,1.936340693230874,3,0,0,0.38329468855598425,0.22491732316541702,0.5
sub39,AB,8.0,BB,0,7.389244999998482,2.00002556465274,1,0,0,0.5162760077802143,0.2403192218502736,0.0
sub39,AB,34.0,BB,1,4.640393900001072,1.5347992548766318,5,0,0,-0.2855148776621502,0.14745578767722278,1.0
sub39,AB,11.0,EM,1,3.866726699998253,1.3524083351853016,5,0,1,-0.5111798143073399,0.12131927082500844,1.0
sub39,AB,33.0,BB,1,4.677498799996101,1.5427635226179404,4,0,0,-0.27469203948757875,0.14870928898116365,0.75
sub39,AB,30.0,EM,1,7.460488800003077,2.0096209348577614,5,0,1,0.5370565547832937,0.24272602516238134,1.0
sub39,AB,4.0,EM,1,5.42887289999635,1.6917315433389593,5,0,1,-0.05552960288334564,0.1740926861665456,1.0
sub39,AB,39.0,BB,0,11.133065100002568,2.409919518210168,3,0,0,1.608281621660874,0.3667953308737131,0.5
sub39,AB,36.0,BB,1,7.6283866000012495,2.0318763681530663,2,0,0,0.5860293513543727,0.24839805530542725,0.25
sub39,AB,32.0,EM,1,3.6543091000057757,1.2959070466073703,5,0,1,-0.5731382432603199,0.11414324451564689,1.0
sub40,AB,29.0,BB,1,6.0455118999962,1.799316162035851,5,0,0,0.12433300582930522,0.1949243766080817,1.0
sub40,AB,40.0,EM,0,12.393966200004797,2.5172097574105554,4,0,1,1.9760640051544693,0.40939189286970284,0.75
sub40,AB,27.0,BB,1,5.2417883000016445,1.6566627187369147,5,0,0,-0.11009884713325299,0.1677724753568673,1.0
sub40,AB,1.0,EM,0,14.329254700001911,2.662303230717945,5,0,1,2.540553176648907,0.4747710384427437,1.0
sub40,AB,13.0,BB,1,2.5474019999965094,0.9350740162860777,5,0,0,-0.8960033208993764,0.07674900565800563,1.0
sub40,AB,19.0,BB,1,5.971527100002277,1.787002690339655,3,0,0,0.10275295796987055,0.19242497509300927,0.5
sub40,AB,20.0,EM,1,3.3525851000013063,1.2097317198936768,5,0,1,-0.6611457577899441,0.1039502126657693,1.0
sub40,AB,23.0,EM,1,6.333845400004066,1.8459075398621538,4,0,1,0.20843475010865914,0.20466504208024605,0.75
sub40,AB,38.0,EM,1,8.984919199996511,2.195547527428978,2,0,1,0.9817057393852336,0.2942253013877546,0.25
sub40,AB,3.0,BB,1,8.745619000008446,2.1685528892712567,5,0,0,0.9119061350213791,0.2861411100071409,1.0
sub40,AB,5.0,EM,1,6.285072800004855,1.8381774251103462,4,0,1,0.19420865174388036,0.20301737512241064,0.75
sub40,AB,11.0,EM,1,5.302920599991921,1.6682577253843915,5,0,1,-0.09226764451250047,0.16983768555177364,1.0
sub40,AB,18.0,EM,1,4.8064549999980954,1.569959806157655,5,0,1,-0.23707781375415182,0.1530657692539959,1.0
sub40,AB,32.0,EM,1,4.759990099992137,1.5602455884075812,5,0,1,-0.2506307971506709,0.15149606248338737,1.0
sub40,AB,24.0,BB,0,3.8872388000017963,1.3576990855378739,5,0,0,-0.505196800231336,0.12201222361842524,1.0
sub40,AB,33.0,BB,1,6.400784099998418,1.8564204984859527,5,0,0,0.22795957614921236,0.2069264077688281,1.0
sub40,AB,4.0,EM,1,7.513855299999705,2.0167486895800995,5,0,1,0.5526226119208726,0.24452888616838037,1.0
sub40,AB,9.0,EM,0,4.752622200001497,1.55869650783294,5,0,1,-0.2527798822929516,0.15124715540516293,1.0
sub40,AB,10.0,BB,1,6.250191300001461,1.8326120712801286,5,0,0,0.1840343397291971,0.2018389861294872,1.0
sub40,AB,37.0,BB,1,4.3732703999994555,1.4755111045002658,5,0,0,-0.3634300428702481,0.1384316518997344,1.0
sub40,AB,12.0,EM,1,2.6574126000050455,0.9773529426423596,5,0,1,-0.8639151891017053,0.0804654536359409,1.0
sub40,AB,28.0,EM,0,3.200859800010221,1.1634194612188522,5,0,1,-0.7054013242787857,0.09882453219216279,1.0
sub40,AB,36.0,BB,1,9.710141299990937,2.2731708342046595,5,0,0,1.1932401035774045,0.3187252150948803,1.0
sub40,AB,22.0,EM,1,4.116621799999848,1.4150328755610222,5,0,1,-0.43828986639485534,0.12976138584869523,1.0
sub40,AB,35.0,EM,1,5.820095200004289,1.761316618998619,5,0,1,0.05858297103106524,0.18730920644436316,1.0
sub40,AB,2.0,BB,1,4.6710020000027725,1.5413736096943114,5,0,0,-0.27658704028234643,0.148489809956448,1.0
sub40,AB,7.0,EM,1,5.756156799994642,1.7502700297928377,5,0,1,0.03993327903517965,0.1851491987959199,1.0
sub40,AB,30.0,EM,1,3.16785539999546,1.153054828969636,5,0,1,-0.7150281196739069,0.097709556583555,1.0
sub40,AB,34.0,BB,0,7.11630830001377,1.9623890937686574,4,0,0,0.43666523571960136,0.2310987008578983,0.75
sub40,AB,31.0,EM,1,4.16132590000052,1.4258337494525062,5,0,1,-0.42525047698504825,0.13127160815490957,1.0
sub40,AB,15.0,BB,1,3.904768599997624,1.362198524172898,5,0,0,-0.5000836699274446,0.1226044264583611,1.0
sub40,AB,39.0,BB,1,8.07473230001051,2.0887397168577055,5,0,0,0.7162204388323937,0.26347678930134044,1.0
sub40,AB,14.0,BB,0,5.276977900008205,1.6633535664307182,5,0,0,-0.09983466783752847,0.16896127277983003,1.0
sub40,AB,21.0,BB,1,8.123415099995327,2.094750644572265,5,0,0,0.7304203441330762,0.2651214225780407,1.0
sub40,AB,26.0,EM,1,6.060556299999007,1.8018015945476862,5,0,1,0.12872118924135376,0.1954326160865078,1.0
sub40,AB,8.0,BB,1,6.4728968999988865,1.8676237517366783,5,0,0,0.2489935949668042,0.2093625681908619,1.0
sub40,AB,6.0,BB,1,5.477603299994371,1.7006676512771364,5,0,0,-0.041315813506972755,0.17573892749713166,1.0
sub40,AB,16.0,EM,0,7.910818200005451,2.0682312151160485,5,0,1,0.6684096165657136,0.25793933904225985,1.0
sub40,AB,25.0,BB,0,24.74545639999269,3.20864189236359,3,0,0,5.578773611356971,0.8266577815628875,0.5
sub40,AB,17.0,BB,1,4.416320399992401,1.4853068606889601,5,0,0,-0.3508731249590997,0.13988599434865728,1.0
sub44,NB,40.0,EM,1,5.563922500004992,1.7163033451369054,5,1,1,-0.01613804094327966,0.17865501754946816,1.0
sub44,NB,30.0,EM,1,7.4728211000037845,2.011272585146515,4,1,1,0.5406536669503069,0.24314264275557113,0.75
sub44,NB,19.0,BB,0,9.046394900011364,2.202366324758062,2,1,0,0.9996371056742788,0.2963021125404492,0.25
sub44,NB,10.0,BB,1,4.198493300005794,1.4347257228335608,4,1,0,-0.4144094086711454,0.132527220873902,0.75
sub44,NB,35.0,EM,1,4.9335563000058755,1.5960600870277906,5,1,1,-0.2000046292974857,0.15735958611682738,1.0
sub44,NB,6.0,BB,1,4.002331999974558,1.3868771912350568,5,1,0,-0.4716261645884513,0.12590037521726827,1.0
sub44,NB,29.0,BB,1,6.230633700004546,1.8294780451232049,3,1,0,0.1783297362973601,0.201178278861677,0.5
sub44,NB,25.0,BB,1,6.926846300018951,1.935404630259428,4,1,0,0.38140254625138303,0.2246981752110817,0.75
sub44,NB,24.0,BB,1,4.891038300003856,1.587404612236815,5,1,0,-0.21240637229072729,0.15592321602957127,1.0
sub44,NB,3.0,BB,1,4.236164999980247,1.4436583788172535,4,1,0,-0.40342124504210625,0.13379987017482914,0.75
sub44,NB,26.0,EM,1,6.151147999975365,1.8166387310610337,5,1,1,0.155145173915475,0.19849304244695604,1.0
sub44,NB,11.0,EM,1,4.224024499999359,1.4407883465763816,5,1,1,-0.4069624125609282,0.13338973209175725,1.0
sub44,NB,18.0,EM,1,7.0331275000062305,1.950631485983713,4,1,1,0.4124028785151997,0.22828863422825468,0.75
sub44,NB,12.0,EM,1,3.4866743000166025,1.2489483592635753,4,1,1,-0.6220343274150416,0.10848009920598577,0.75
sub44,NB,21.0,BB,1,2.8156696000078227,1.03520010186947,5,1,0,-0.8177544421046058,0.08581179214885498,1.0
sub44,NB,39.0,BB,1,4.812650900013978,1.5712480549693786,5,1,0,-0.23527058012121652,0.1532750830845152,1.0
sub44,NB,28.0,EM,1,1.9293405000062194,0.6571782346793459,5,1,1,-1.0762808475124104,0.055869259418094924,1.0
sub44,NB,17.0,BB,1,6.878097400011029,1.9283420730047518,5,1,0,0.3671833607517646,0.22305130890140834,1.0
sub44,NB,5.0,EM,1,5.203755700000329,1.6493806148904318,5,1,1,-0.12119227886942772,0.1664876339019571,1.0
sub44,NB,4.0,EM,0,14.617119800008368,2.68219343081038,4,1,1,2.6245182969940393,0.4844958801284914,0.75
sub44,NB,9.0,EM,0,14.230212800001027,2.6553673663118738,2,1,1,2.5116644191975928,0.4714251420567537,0.25
sub44,NB,15.0,BB,1,4.353849699982675,1.4710604422309221,4,1,0,-0.3690947150172334,0.13777556947402403,0.75
sub44,NB,23.0,EM,1,4.267612399999052,1.4510545139451225,4,1,1,-0.3942485988023874,0.1348622462204297,0.75
sub44,NB,22.0,EM,1,2.729537999985041,1.004132364101015,5,1,1,-0.8428774950945982,0.08290203971848775,1.0
sub44,NB,8.0,BB,0,3.112950200011255,1.1355708939049949,5,1,0,-0.7310429881805232,0.0958547142370575,1.0
sub44,NB,36.0,BB,1,2.3236998000065796,0.8431606568106276,5,1,0,-0.9612532665968715,0.06919175582255581,1.0
sub44,NB,32.0,EM,1,3.088353900006041,1.1276382305201231,5,1,1,-0.7382172906226617,0.09502378640453978,1.0
sub44,NB,34.0,BB,1,9.683663499978138,2.2704402904318264,1,1,0,1.1855170011085776,0.31783072523381134,0.0
sub44,NB,20.0,EM,1,4.616864999989048,1.5297159033289074,5,1,1,-0.29237783854575133,0.14666091942938175,1.0
sub44,NB,38.0,EM,1,5.4258455999952275,1.6911737582467685,4,1,1,-0.05641261235170193,0.17399041599469944,0.75
sub44,NB,14.0,BB,1,3.5040925000212155,1.2539315711335943,5,1,0,-0.6169537488400421,0.10906853190412026,1.0
sub44,NB,31.0,EM,1,4.368606100004399,1.4744439879749587,5,1,1,-0.3647905360679366,0.13827407955412618,1.0
sub44,NB,13.0,BB,1,2.5791912999993656,0.9474759001852793,4,1,0,-0.8867309485264577,0.07782293198607243,0.75
sub44,NB,37.0,BB,1,2.6692362000176217,0.9817923640779413,5,1,0,-0.860466455656955,0.08086488600296049,1.0
sub44,NB,2.0,BB,1,4.075848699983908,1.4050789949423554,5,1,0,-0.45018265315367306,0.12838396308128341,1.0
sub44,NB,16.0,EM,1,4.2058107999910135,1.436467092909481,4,1,1,-0.412275024312393,0.1327744253071248,0.75
sub44,NB,7.0,EM,1,5.586164699983783,1.7202929515107739,5,1,1,-0.009650387532297185,0.1794064176793611,1.0
sub44,NB,1.0,EM,1,8.202397699991707,2.1044265139669593,5,1,1,0.7534581611998853,0.26778966294783996,1.0
sub44,NB,33.0,BB,1,4.002192500018282,1.3868423359588213,5,1,0,-0.4716668542400159,0.12589566254112267,1.0
sub44,NB,27.0,BB,1,2.773335500009125,1.0200507474179927,5,1,0,-0.8301025447437024,0.08438163468834062,1.0
sub45,NB,3.0,BB,1,10.551671900000656,2.3562843213001194,5,1,0,1.4386995847800323,0.34715433643895166,1.0
sub45,NB,21.0,BB,1,7.478717799996957,2.012061360180087,5,1,0,0.5423736292679161,0.24334184882084497,1.0
sub45,NB,10.0,BB,1,3.5849056000006385,1.276732141766437,5,1,0,-0.5933820075449588,0.11179861138724191,1.0
sub45,NB,2.0,BB,1,4.643225599982543,1.5354092971277806,5,1,0,-0.2846889212342256,0.14755144996494274,1.0
sub45,NB,18.0,EM,1,5.645369199977722,1.73083559847051,5,1,1,0.007618510180044349,0.18140650171008238,1.0
sub45,NB,38.0,EM,1,7.429370099998778,2.00544107720833,3,1,1,0.5279797844808624,0.24167475346949008,0.5
sub45,NB,23.0,EM,1,5.096396300010383,1.628533682124194,3,1,1,-0.15250710286210625,0.16286075044732617,0.5
sub45,NB,24.0,BB,1,3.2905873999989126,1.1910660898738312,5,1,0,-0.6792293821740936,0.10185576697787509,1.0
sub45,NB,12.0,EM,1,4.426610900001833,1.487634257409672,5,1,1,-0.3478715694677109,0.14023363455741017,1.0
sub45,NB,5.0,EM,1,3.17906690001837,1.156587726066585,5,1,1,-0.7117579248894335,0.09808831059986371,1.0
sub45,NB,19.0,BB,1,5.267178700014483,1.6614948681608428,5,1,0,-0.10269291986856816,0.168630229980325,1.0
sub45,NB,13.0,BB,1,14.546323499991558,2.677338281275476,1,1,0,2.6038682777636146,0.48210419454526254,0.0
sub45,NB,15.0,BB,1,8.624609899998177,2.1546197329088432,2,1,0,0.8766099367500689,0.2820531037149287,0.25
sub45,NB,4.0,EM,1,3.5711145999957807,1.2728777599472196,5,1,1,-0.597404596511324,0.11133271506381688,1.0
sub45,NB,22.0,EM,1,3.128415599989239,1.1405266783040535,5,1,1,-0.7265320065773072,0.0963771762041014,1.0
sub45,NB,6.0,BB,1,2.9391933000006247,1.0781351559444932,5,1,0,-0.7817247798248123,0.08998474825517302,1.0
sub45,NB,14.0,BB,1,4.894695700000739,1.588152108575297,5,1,0,-0.2113395738810499,0.1560467726397694,1.0
sub45,NB,31.0,EM,1,2.9544516000023577,1.083313049879718,5,1,1,-0.7772742055944561,0.09050021383925101,1.0
sub45,NB,25.0,BB,1,3.4365251999988686,1.2344608445946466,5,1,0,-0.6366619263080462,0.10678593045005026,1.0
sub45,NB,9.0,EM,1,5.409588500013342,1.688173027121351,5,1,1,-0.06115451873914257,0.17344120831516602,1.0
sub45,NB,1.0,EM,1,4.901977000001352,1.589638593132725,5,1,1,-0.20921574841277737,0.1562927541421148,1.0
sub45,NB,30.0,EM,1,5.592344499978935,1.7213986088957012,5,1,1,-0.007847849988530433,0.17961518760875195,1.0
sub45,NB,27.0,BB,1,5.030727200006368,1.6155645462279198,5,1,0,-0.17166160920785645,0.16064227519217972,1.0
sub45,NB,11.0,EM,1,2.390829899988603,0.8716405441590428,5,1,1,-0.941672612590377,0.07145958750711552,1.0
sub45,NB,17.0,BB,1,2.799104800011264,1.02929965177996,5,1,0,-0.8225860991035713,0.08525218955194765,1.0
sub45,NB,26.0,EM,1,3.1671878999914043,1.1528440963905777,5,1,1,-0.7152228175312355,0.09768700667436304,1.0
sub45,NB,20.0,EM,1,2.832103599997936,1.0410197570825463,5,1,1,-0.8129609371368595,0.08636697597684888,1.0
sub45,NB,16.0,EM,1,6.031410900002811,1.7969809634699883,2,1,1,0.120219995390023,0.19444800766810472,0.25
sub45,NB,28.0,EM,1,3.220217499998398,1.1694489038585028,5,1,1,-0.6997550281175775,0.09947848631088367,1.0
sub45,NB,8.0,BB,1,3.104630999994697,1.1328948677419226,5,1,0,-0.7334695505896164,0.09557366973700772,1.0
sub45,NB,33.0,BB,1,6.591676600015489,1.8858077319400461,4,1,0,0.2836395169845447,0.2133752594761763,0.75
sub45,NB,40.0,EM,1,2.8329469000163954,1.0413174772969331,5,1,1,-0.8127149615478234,0.08639546487381111,1.0
sub45,NB,37.0,BB,1,3.1207745999854524,1.1380812402337932,5,1,0,-0.7287607501271878,0.09611904308773558,1.0
sub45,NB,34.0,BB,1,5.733517299988307,1.7463291818437772,5,1,0,0.033329740285456634,0.18438437682409647,1.0
sub45,NB,7.0,EM,1,4.413972400012426,1.4847750549859122,5,1,1,-0.3515579947154006,0.1398066727216769,1.0
sub45,NB,39.0,BB,1,6.286326699977508,1.8383769096588745,5,1,0,0.19457439202327584,0.2030597351678748,1.0
sub45,NB,29.0,BB,1,4.529053799982648,1.510513043501678,5,1,0,-0.31799080092299825,0.1436944256853377,1.0
sub45,NB,35.0,EM,1,2.6293138999899384,0.9667229376274536,5,1,1,-0.8721110792191851,0.07951620550125522,1.0
sub45,NB,32.0,EM,1,2.743466499989154,1.0092222667586,5,1,1,-0.8388147998284952,0.08337258115423975,1.0
sub45,NB,36.0,BB,1,2.6277542999887373,0.9661296030966361,5,1,0,-0.8725659867497895,0.07946351810321903,1.0
sub46,NB,8.0,BB,0,12.485401199985063,2.52456005777571,4,1,0,2.0027339654133822,0.4124808081266217,0.75
sub46,NB,18.0,EM,1,16.229367099993397,2.786822385078742,5,1,1,3.094782106557342,0.5389618426584297,1.0
sub46,NB,4.0,EM,1,10.0690168000001,2.3094630654195325,5,1,1,1.297917692303905,0.3308489752255956,1.0
sub46,NB,7.0,EM,1,3.3026801999949384,1.1947343206479046,5,1,1,-0.6757021278909132,0.10226429362975517,1.0
sub46,NB,30.0,EM,1,4.094371599989245,1.4096132500934608,5,1,1,-0.44477985327256875,0.1290097154566453,1.0
sub46,NB,38.0,EM,1,18.24347110002418,2.9038072680775584,4,1,1,3.682260355036939,0.6070035835241729,0.75
sub46,NB,15.0,BB,1,4.655385599995498,1.5380247429579594,5,1,0,-0.28114206590351115,0.1479622468104861,1.0
sub46,NB,37.0,BB,1,3.8787093999853823,1.3555024694321822,5,1,0,-0.5076846742349367,0.12172407800844272,1.0
sub46,NB,2.0,BB,1,4.715226300002541,1.5507969106924187,5,1,0,-0.26368759998348235,0.1499838233542205,1.0
sub46,NB,26.0,EM,1,10.200765599991428,2.322462776296142,4,1,1,1.336346469694254,0.3352997968853736,0.75
sub46,NB,11.0,EM,1,4.787485500011826,1.5660053257840214,5,1,1,-0.2426108788919486,0.15242492955435838,1.0
sub46,NB,16.0,EM,1,12.282340700010536,2.508162515305119,3,1,1,1.9435048358060716,0.4056208893145227,0.5
sub46,NB,20.0,EM,1,14.370983800006798,2.6652111598217507,4,1,1,2.5527248115700063,0.4761807574091177,0.75
sub46,NB,5.0,EM,1,4.297710400016513,1.4580824157771883,5,1,1,-0.38546954849876536,0.13587903597792678,1.0
sub46,NB,17.0,BB,1,4.810576099989703,1.57081684825329,4,1,0,-0.23587576231845545,0.15320499087199901,0.75
sub46,NB,3.0,BB,1,19.828962299972773,2.987143611357751,3,1,0,4.1447198869734105,0.6605656544848431,0.5
sub46,NB,28.0,EM,1,3.9645470999821555,1.3773916240941388,5,1,1,-0.4826473466456709,0.12462390172142009,1.0
sub46,NB,9.0,EM,1,3.7652637000137474,1.3258178986434703,4,1,1,-0.5407747634834855,0.11789158330127524,0.75
sub46,NB,39.0,BB,1,4.264410099975066,1.450303859531268,5,1,0,-0.3951826526591737,0.13475406408663565,1.0
sub46,NB,32.0,EM,1,2.979670599976089,1.091812757486882,5,1,1,-0.7699182726670859,0.09135217811769919,1.0
sub46,NB,19.0,BB,1,7.906712700001663,2.067712107535739,4,1,0,0.6672121153684955,0.25780064443295575,0.75
sub46,NB,31.0,EM,1,2.717490499984706,0.9997088441413233,5,1,1,-0.846391536176214,0.08249504341984064,1.0
sub46,NB,25.0,BB,1,3.9737207000143826,1.3797028598314534,5,1,0,-0.479971570976141,0.12493381010558956,1.0
sub46,NB,22.0,EM,1,3.185871399997268,1.1587258465794408,5,1,1,-0.70977317349163,0.09831818454097006,1.0
sub46,NB,12.0,EM,1,3.56870329999947,1.272202308522054,5,1,1,-0.5981079297544784,0.11125125499547082,1.0
sub46,NB,40.0,EM,1,3.0950276000075974,1.1297968237082994,5,1,1,-0.7362706912475884,0.09524924157771587,1.0
sub46,NB,29.0,BB,1,9.192012399988016,2.2183348895433705,3,1,0,1.042111135730797,0.3012214554337543,0.5
sub46,NB,10.0,BB,1,4.657520300010219,1.538483182047762,4,1,0,-0.2805194119463874,0.14803436260253333,0.75
sub46,NB,27.0,BB,1,13.72038959999918,2.618883018395964,3,1,0,2.362958076046112,0.454201970829578,0.5
sub46,NB,14.0,BB,1,4.166974899999332,1.427190328903896,5,1,0,-0.4236027643421498,0.13146244626161302,1.0
sub46,NB,21.0,BB,1,2.8506201000127476,1.047536549565533,5,1,0,-0.8075600040189531,0.08699251214366505,1.0
sub46,NB,33.0,BB,1,6.151098000002094,1.8166306024683734,5,1,0,0.15513058981419678,0.19849135331609463,1.0
sub46,NB,35.0,EM,1,2.380472099990584,0.8672988293529553,5,1,1,-0.9446937982892512,0.07110967372739331,1.0
sub46,NB,36.0,BB,1,3.188704299973324,1.1596146587281664,5,1,0,-0.708946867046667,0.09841388736766939,1.0
sub46,NB,34.0,BB,1,4.996878500009188,1.6088134174795492,5,1,0,-0.18153467186368266,0.15949877690519199,1.0
sub46,NB,6.0,BB,1,4.458863500010921,1.4948939129343266,5,1,0,-0.3384640607382897,0.14132321238061657,1.0
sub46,NB,1.0,EM,1,6.861892399989301,1.925983263752154,4,1,1,0.36245665099435836,0.22250386129582744,0.75
sub46,NB,24.0,BB,1,5.4602376999973785,1.6974923236072565,5,1,0,-0.04638104959700308,0.17515227176587078,1.0
sub46,NB,13.0,BB,1,3.1774500999890734,1.1560790197847766,5,1,0,-0.712229516649014,0.09803369083413987,1.0
sub46,NB,23.0,EM,1,2.6357522000034805,0.9691686061529311,5,1,1,-0.8702331418261388,0.07973370824248938,1.0
sub47,NB,28.0,EM,1,5.4158689999894705,1.689333347723186,5,1,1,-0.059322608805248575,0.1736533801552877,1.0
sub47,NB,1.0,EM,1,22.360049099981552,3.1072758441691724,4,1,1,4.882992806344138,0.7460724367325663,0.75
sub47,NB,29.0,BB,1,8.435259899997618,2.132420527615438,4,1,0,0.8213799156845035,0.2756563617230705,0.75
sub47,NB,25.0,BB,1,4.103702299995348,1.4118895662499005,5,1,0,-0.4420582543399465,0.129324931091936,1.0
sub47,NB,30.0,EM,1,9.562327099993126,2.2578311179427195,4,1,1,1.1501253352666325,0.3137316618859226,0.75
sub47,NB,9.0,EM,1,9.726822099997662,2.274887234421981,2,1,1,1.1981055957123883,0.31928873647782446,0.25
sub47,NB,18.0,EM,1,9.430325399996946,2.243930602942588,5,1,1,1.111622791451169,0.3092722965975162,1.0
sub47,NB,7.0,EM,1,11.482294799992815,2.4408062663847403,3,1,1,1.710145702395627,0.37859323046032545,0.5
sub47,NB,27.0,BB,1,5.981634800002212,1.788693908528395,5,1,0,0.10570119395571254,0.19276643983571062,1.0
sub47,NB,39.0,BB,1,7.176392499997746,1.9707968194699854,3,1,0,0.45419072624409484,0.23312850347254616,0.5
sub47,NB,17.0,BB,1,7.830586099997163,2.0580373603299846,3,1,0,0.6450073426096574,0.2552288872692655,0.5
sub47,NB,8.0,BB,0,2.948318799986737,1.0812351095883816,5,1,0,-0.7790630340816631,0.09029303169302723,1.0
sub47,NB,11.0,EM,1,3.8683592999877874,1.352830463656473,5,1,1,-0.5107036139808896,0.12137442435502656,1.0
sub47,NB,34.0,BB,1,5.414293200010434,1.6890423456197907,5,1,0,-0.059782241580728146,0.17360014547930863,1.0
sub47,NB,2.0,BB,1,3.3896561000146903,1.2207284708230288,5,1,0,-0.6503328076359713,0.10520256873899397,1.0
sub47,NB,22.0,EM,1,4.131093600008171,1.4185421661119877,5,1,1,-0.43406870019831995,0.13025028139034156,1.0
sub47,NB,38.0,EM,1,4.66638760000933,1.5403852391610569,5,1,1,-0.2779329785387079,0.14833392336439521,1.0
sub47,NB,35.0,EM,1,8.80195319998893,2.1749736514000917,5,1,1,0.928337817364261,0.28804422773933963,1.0
sub47,NB,36.0,BB,1,3.387739799974952,1.2201629733608519,5,1,0,-0.6508917582119544,0.10513783107364853,1.0
sub47,NB,5.0,EM,1,4.179227100015851,1.4301263251373288,5,1,1,-0.42002901591326214,0.13187635786625035,1.0
sub47,NB,4.0,EM,0,4.999715999991167,1.6093811108191527,3,1,1,-0.18070702367895716,0.15959463513221372,0.5
sub47,NB,13.0,BB,0,5.046281299990369,1.6186515957895808,3,1,0,-0.1671247553933871,0.16116773367917697,0.5
sub47,NB,26.0,EM,0,7.280189099983545,1.985156837143708,3,1,1,0.4844663449593461,0.2366350261540318,0.5
sub47,NB,12.0,EM,1,6.301898199977586,1.8408508895990243,5,1,1,0.19911632111239247,0.20358578147326917,1.0
sub47,NB,23.0,EM,1,6.5096437000029255,1.8732847235403258,3,1,1,0.25971198175481164,0.2106039719334104,0.5
sub47,NB,24.0,BB,1,4.893856799986679,1.5879807042709089,3,1,0,-0.211584266067204,0.15601843238655105,0.5
sub47,NB,3.0,BB,1,8.178949499997543,2.101563719384533,5,1,0,0.7466187390735404,0.26699752095927004,1.0
sub47,NB,6.0,BB,1,3.2960372999950778,1.1927209287292708,5,1,0,-0.677639743454302,0.10203987896180323,1.0
sub47,NB,21.0,BB,1,6.402024199982407,1.8566142216065074,5,1,0,0.22832129121780956,0.20696830161430818,1.0
sub47,NB,15.0,BB,1,2.9508714000112377,1.0821005165670587,5,1,0,-0.7783184861380416,0.09037926524869183,1.0
sub47,NB,33.0,BB,0,5.972650999989128,1.787190882441407,5,1,0,0.10308077956981346,0.1924629433963656,1.0
sub47,NB,37.0,BB,1,3.1197540999855846,1.1377541846082115,5,1,0,-0.7290584117933612,0.09608456790842834,1.0
sub47,NB,32.0,EM,1,3.3242475999868475,1.2012433627831,5,1,1,-0.6694113016121749,0.10299289723779868,1.0
sub47,NB,20.0,EM,1,2.001304000004893,0.6937989681027344,5,1,1,-1.0552903768450386,0.058300376092619594,1.0
sub47,NB,10.0,BB,1,3.975206100003561,1.380076595819679,5,1,0,-0.4795383062669101,0.1249839908316812,1.0
sub47,NB,19.0,BB,0,3.818299799982924,1.3398052450031304,5,1,0,-0.5253050781466785,0.11968328252364767,1.0
sub47,NB,40.0,EM,0,9.552858500013826,2.2568404290787076,2,1,1,1.1473635133690006,0.3134117876261311,0.25
sub47,NB,31.0,EM,1,2.4287161999964155,0.8873628049874221,5,1,1,-0.9306218539554595,0.07273948656270252,1.0
sub47,NB,14.0,BB,1,2.887180299992906,1.060280351100978,5,1,0,-0.7968960451329775,0.08822761204566199,1.0
sub47,NB,16.0,EM,1,6.855829500011168,1.9250993122597544,5,1,1,0.3606882111025722,0.22229904055707678,1.0
sub48,NB,38.0,EM,1,7.851602599985199,2.0607176638223135,2,1,1,0.6511374811734825,0.2559388800233979,0.25
sub48,NB,35.0,EM,1,6.151372699998319,1.816675260164046,2,1,1,0.15521071490835153,0.1985006334058808,0.25
sub48,NB,3.0,BB,1,4.201416600000812,1.435421754135762,5,1,0,-0.4135567341514446,0.132625977651472,1.0
sub48,NB,16.0,EM,1,2.969027199986158,1.0882343570687782,4,1,1,-0.7730227627946348,0.09099261601761187,0.75
sub48,NB,10.0,BB,1,4.140885499975411,1.4209096538492065,4,1,0,-0.43121257745492947,0.13058107757571435,0.75
sub48,NB,18.0,EM,1,2.8790583000227343,1.0574632615197408,4,1,1,-0.7992650878023505,0.08795322948285811,0.75
sub48,NB,23.0,EM,1,5.143549000000348,1.637743308130592,2,1,1,-0.13875350046582222,0.16445369291394574,0.25
sub48,NB,14.0,BB,1,4.075256400014041,1.4049336649622746,3,1,0,-0.45035541650098115,0.1283639536274201,0.5
sub48,NB,34.0,BB,1,5.788952800008701,1.7559514116707629,4,1,0,0.04949928786347346,0.1862571341033099,0.75
sub48,NB,7.0,EM,1,3.408905699994648,1.2263913307006054,4,1,1,-0.64471804232098,0.10585287095456251,0.75
sub48,NB,26.0,EM,1,4.407595600001514,1.4833293253556246,5,1,1,-0.35341799365351806,0.13959124761260183,1.0
sub48,NB,21.0,BB,1,3.2568195999774616,1.1807511363589545,5,1,0,-0.6890788477485168,0.10071500170526221,1.0
sub48,NB,1.0,EM,0,6.790275000006659,1.9154914414878297,2,1,1,0.3415671315346769,0.22008443679191764,0.25
sub48,NB,24.0,BB,1,6.425222299993038,1.8602312294034506,5,1,0,0.235087763635367,0.20775199456634885,1.0
sub48,NB,5.0,EM,0,4.588746199995512,1.5236068277153552,2,1,1,-0.300579591468787,0.1457109922644555,0.25
sub48,NB,19.0,BB,1,2.2567798999953084,0.8139389742477438,3,1,0,-0.9807726090173475,0.06693102524694562,0.5
sub48,NB,20.0,EM,1,3.109163900022395,1.1343538476100077,3,1,1,-0.7321473844210549,0.09572680304544176,0.5
sub48,NB,32.0,EM,1,2.2114622999797575,0.7936539709187892,5,1,1,-0.9939909454498396,0.06540007729347928,1.0
sub48,NB,27.0,BB,1,2.648707000014838,0.974071596401524,5,1,0,-0.8664544574980408,0.0801713555265059,1.0
sub48,NB,40.0,EM,1,7.27559159998782,1.9845251293372526,2,1,1,0.48312533613118613,0.2364797104884383,0.25
sub48,NB,33.0,BB,1,3.7771185000019614,1.3289614173451159,3,1,0,-0.5373169295617787,0.1182920696856928,0.5
sub48,NB,17.0,BB,1,3.9337853000033647,1.3696021429827474,5,1,0,-0.4916200155700876,0.123584687051925,1.0
sub48,NB,36.0,BB,1,4.090148000017507,1.4085811552233707,2,1,0,-0.4460118021260724,0.1288670311191964,0.25
sub48,NB,2.0,BB,1,3.2451035999984015,1.177147275685997,5,1,0,-0.6924961961807626,0.10031920435093192,1.0
sub48,NB,22.0,EM,1,3.066995400004089,1.1206983852953487,5,1,1,-0.7444471844966158,0.09430223998866871,1.0
sub48,NB,37.0,BB,1,4.696063599985791,1.5467246258722847,5,1,0,-0.2692770181276339,0.14933645684841557,1.0
sub48,NB,29.0,BB,1,2.238765499991132,0.805924597871277,5,1,0,-0.986027088508825,0.06632245134166702,1.0
sub48,NB,25.0,BB,0,3.613521599996602,1.2846828093061524,4,1,0,-0.5850352302405774,0.1127653352785155,0.75
sub48,NB,6.0,BB,1,3.5806332000065595,1.2755396562828996,4,1,0,-0.5946281904954358,0.1116542784564362,0.75
sub48,NB,9.0,EM,1,5.050878100009868,1.6195621093617594,5,1,1,-0.16578395073581978,0.16132302569772894,1.0
sub48,NB,31.0,EM,1,2.408403699984774,0.8789641628903064,5,1,1,-0.9365466482703998,0.07205327678301567,1.0
sub48,NB,39.0,BB,0,5.570726400008425,1.71752545836407,3,1,0,-0.014153464547628699,0.17888487122182223,0.5
sub48,NB,4.0,EM,1,2.061008699995,0.723195523148806,4,1,1,-1.0378755797066328,0.06031735819738265,0.75
sub48,NB,13.0,BB,0,3.0505206999951042,1.115312297357966,5,1,0,-0.7492525609346534,0.09374568120678105,1.0
sub48,NB,28.0,EM,1,3.0157902000064496,1.1038618853940594,5,1,1,-0.7593828289356322,0.09257239339228408,1.0
sub48,NB,8.0,BB,1,3.4598936999973375,1.2412378660535637,4,1,0,-0.6298457512503103,0.10757537996273314,0.75
sub48,NB,15.0,BB,1,4.111287900013849,1.4137363370894866,5,1,0,-0.4398456699786286,0.12958119265080398,1.0
sub48,NB,30.0,EM,1,2.6771621000079904,0.9847573155656263,5,1,1,-0.8581546118574813,0.08113264379166664,1.0
sub48,NB,12.0,EM,1,4.40534490000573,1.4828185537136933,5,1,1,-0.3540744827381711,0.13951521303550085,1.0
sub48,NB,11.0,EM,1,2.783142400003271,1.0235806490404291,4,1,1,-0.8272420467597416,0.08471293761415168,0.75
sub49,NB,7.0,EM,1,17.264673700003186,2.848662431155868,2,1,1,3.3967625941606743,0.5739372279381288,0.25
sub49,NB,32.0,EM,1,4.8201924999884795,1.5728138650219639,4,1,1,-0.23307082978871807,0.15352985820594406,0.75
sub49,NB,10.0,BB,1,5.965279099997133,1.7859558440608345,4,1,0,0.10093052769841176,0.19221390118755421,0.75
sub49,NB,15.0,BB,1,11.728254399989964,2.4620008365862143,3,1,0,1.7818877350815556,0.386902393922685,0.5
sub49,NB,31.0,EM,1,4.264572399988538,1.4503419180015467,4,1,1,-0.39513531263718826,0.13475954700879805,0.75
sub49,NB,23.0,EM,1,3.8765706999984104,1.3549509226115346,1,1,1,-0.5083084949126924,0.12165182708679177,0.0
sub49,NB,20.0,EM,0,6.479912099981448,1.8687069454545024,2,1,1,0.2510398038013163,0.20959956013334724,0.25
sub49,NB,8.0,BB,1,8.792847200005781,2.1739385727871903,2,1,0,0.9256817594245152,0.28773660306297366,0.25
sub49,NB,19.0,BB,1,5.975930199987488,1.7877397677066627,3,1,0,0.10403726377888184,0.19257372341394757,0.5
sub49,NB,22.0,EM,1,2.4771070999850053,0.9070913873540893,4,1,1,-0.916507090682454,0.07437425868828958,0.75
sub49,NB,33.0,BB,1,6.034687500010477,1.797524071934644,3,1,0,0.12117572122813393,0.19455869985114937,0.5
sub49,NB,29.0,BB,1,2.9028668999962974,1.065698834868516,4,1,0,-0.7923205434238048,0.08875754673248999,0.75
sub49,NB,39.0,BB,1,4.909495900006732,1.591171268512638,3,1,0,-0.2070226192567923,0.15654676239876575,0.5
sub49,NB,16.0,EM,1,4.421246000012616,1.486421556818482,3,1,1,-0.3494364152000492,0.14005239409771625,0.5
sub49,NB,21.0,BB,0,8.689072300010594,2.162066178689132,3,1,0,0.8954124702098639,0.2842308134643566,0.5
sub49,NB,17.0,BB,1,3.9022495000099298,1.3615531817277156,4,1,0,-0.5008184465072502,0.12251932462222208,0.75
sub49,NB,40.0,EM,1,4.867572699993616,1.5825953939500328,5,1,1,-0.21925086969171959,0.15513048622260422,1.0
sub49,NB,5.0,EM,1,5.133945499983383,1.6358744668848872,3,1,1,-0.14155467030072358,0.16412926137538142,0.5
sub49,NB,14.0,BB,1,2.922835599980317,1.0725542409552875,5,1,0,-0.786496029450918,0.08943214204123158,1.0
sub49,NB,37.0,BB,1,3.858866800001124,1.3503735652458828,4,1,0,-0.513472407084807,0.12105374269000292,0.75
sub49,NB,38.0,EM,1,3.4332844999735244,1.233517383157646,4,1,1,-0.637607180760998,0.10667645106301528,0.75
sub49,NB,2.0,BB,1,4.767810099991038,1.561887100947878,5,1,0,-0.24834984249172845,0.15176024269130473,1.0
sub49,NB,34.0,BB,1,7.569805300008738,2.0241673471725883,5,1,0,0.5689422299779532,0.24641902461306586,1.0
sub49,NB,9.0,EM,1,6.655933200003346,1.8955086674113564,3,1,1,0.3023820222442251,0.2155460167584322,0.5
sub49,NB,3.0,BB,1,7.767105500010075,2.049897572454579,4,1,0,0.6264911827230387,0.2530843453120194,0.75
sub49,NB,1.0,EM,1,8.902903100010008,2.1863774145617323,4,1,1,0.9577831044237509,0.29145458139414193,0.75
sub49,NB,24.0,BB,1,4.508969100017566,1.506068546458616,4,1,0,-0.3238491500234143,0.14301591159154242,0.75
sub49,NB,4.0,EM,1,5.031477000011364,1.6157135791816304,5,1,1,-0.17144290590671682,0.1606676054122877,1.0
sub49,NB,30.0,EM,1,8.174886100023286,2.1010667839673918,4,1,1,0.7454335177047768,0.26686024859990926,0.75
sub49,NB,18.0,EM,0,5.358925499982433,1.678763488565444,1,1,1,-0.07593201310905848,0.17172967866251077,0.0
sub49,NB,6.0,BB,1,5.14163890000782,1.6373718807861317,4,1,0,-0.13931064259850973,0.16438916470253395,0.75
sub49,NB,26.0,EM,1,5.187235899997177,1.6462009734168979,4,1,1,-0.12601081017214935,0.16592955152341493,0.75
sub49,NB,28.0,EM,1,3.0912743999797385,1.1285834330628512,5,1,1,-0.7373654328192879,0.09512244859001069,1.0
sub49,NB,12.0,EM,1,3.841989700013073,1.345990383450807,5,1,1,-0.5183951564265706,0.12048358977638245,1.0
sub49,NB,36.0,BB,1,2.812301899975864,1.0340033294857005,5,1,0,-0.8187367401965363,0.08569802236691494,1.0
sub49,NB,25.0,BB,1,3.705216800008202,1.3097417725578657,5,1,0,-0.5582893742689009,0.11586304077819497,1.0
sub49,NB,27.0,BB,1,9.487250199978007,2.249948812992042,3,1,0,1.1282267412906084,0.31119536635413575,0.5
sub49,NB,13.0,BB,0,6.1361881000048015,1.8142037187458129,2,1,0,0.15078163765716754,0.19798765760230108,0.25
sub49,NB,35.0,EM,1,9.232994500023779,2.2227834271035136,5,1,1,1.0540648840713283,0.302605938772611,1.0
sub49,NB,11.0,EM,1,3.0695611000119243,1.1215345872132585,5,1,1,-0.7436988155212778,0.0943889160962926,1.0
sub50,NB,22.0,EM,0,18.051662600017153,2.8932377913412246,3,1,1,3.6263132333262895,0.6005237869232399,0.5
sub50,NB,12.0,EM,1,7.958868700021412,2.0742868666429572,5,1,1,0.6824250912321231,0.25956261155971944,1.0
sub50,NB,38.0,EM,0,8.803117299976293,2.175105897390139,5,1,1,0.9286773645880493,0.2880835541046518,1.0
sub50,NB,39.0,BB,1,6.39977839999483,1.856263364765359,5,1,0,0.22766623137823971,0.20689243257239742,1.0
sub50,NB,18.0,EM,1,16.448176300007617,2.800214607844178,4,1,1,3.158604851347885,0.5463537940602344,0.75
sub50,NB,30.0,EM,1,10.045055399998091,2.3070805134331818,3,1,1,1.2909285788797307,0.3300394959883307,0.5
sub50,NB,8.0,BB,1,5.509186500014039,1.7064169716140598,5,1,0,-0.03210355682675582,0.17680589122463347,1.0
sub50,NB,11.0,EM,1,3.3532708999991883,1.2099362575396604,5,1,1,-0.6609457221504951,0.10397338079697847,1.0
sub50,NB,14.0,BB,1,6.052648000011686,1.8004958622385383,5,1,0,0.1264144790491634,0.1951654528722857,1.0
sub50,NB,31.0,EM,1,3.03979700000491,1.1117907368743187,5,1,1,-0.7523804731414528,0.09338340636107119,1.0
sub50,NB,10.0,BB,1,2.960151400009636,1.0852404156798252,5,1,0,-0.7756116754942683,0.09069276810411313,1.0
sub50,NB,23.0,EM,1,5.936274300009245,1.7810817143677407,5,1,1,0.09247034436422198,0.19123404260795335,1.0
sub50,NB,19.0,BB,1,5.852100799995242,1.766800707889101,5,1,0,0.06791843425636847,0.18839043995604066,1.0
sub50,NB,15.0,BB,1,2.628095000021858,0.9662592491401775,5,1,0,-0.8724666106208946,0.07947502784818065,1.0
sub50,NB,34.0,BB,1,15.69702409999445,2.753471146616759,2,1,0,2.939507139015957,0.5209778932411866,0.25
sub50,NB,3.0,BB,1,6.678950100002112,1.8989608045375856,5,1,0,0.30909564184703514,0.21632358829655773,1.0
sub50,NB,9.0,EM,0,13.704396899993299,2.617716722948689,2,1,1,2.3582932904204585,0.45366169527800415,0.25
sub50,NB,13.0,BB,1,7.532651599991368,2.0192471179387916,4,1,0,0.5581051577064083,0.24516387471576817,0.75
sub50,NB,7.0,EM,1,10.007462499983376,2.303331064686302,4,1,1,1.2799633997948492,0.3287695087577041,0.75
sub50,NB,2.0,BB,1,19.01521870002034,2.9452396427613783,4,1,0,3.907365378564595,0.633075251229463,0.75
sub50,NB,27.0,BB,1,4.379723400023067,1.4769855717146017,4,1,0,-0.36154781774619676,0.13864965124604745,0.75
sub50,NB,1.0,EM,1,3.616344299982302,1.285463653700273,5,1,1,-0.5842118989510526,0.11286069352266068,1.0
sub50,NB,21.0,BB,1,3.9920496999984607,1.3843048082711322,5,1,0,-0.4746253282762287,0.1255530120272509,1.0
sub50,NB,32.0,EM,1,2.586470200010808,0.9502940890383277,5,1,1,-0.8846078230922622,0.07806883241045899,1.0
sub50,NB,29.0,BB,1,2.910441100015305,1.0683046504574716,5,1,0,-0.7901112842392083,0.08901342316933274,1.0
sub50,NB,4.0,EM,0,17.54452699999092,2.864742049423605,4,1,1,3.4783908151986727,0.5833914099058413,0.75
sub50,NB,20.0,EM,1,2.7885088000039104,1.0255069726624346,4,1,1,-0.8256767635007994,0.0848942287481844,0.75
sub50,NB,33.0,BB,1,6.9614890000084415,1.9403933882479403,4,1,0,0.3915072045570707,0.2258684969102286,0.75
sub50,NB,16.0,EM,1,9.181255900010001,2.2171640035549562,2,1,1,1.038973656351997,0.3008580725180184,0.25
sub50,NB,37.0,BB,1,3.6191908000037074,1.2862504649392261,5,1,0,-0.5833816256151937,0.11295685579473196,1.0
sub50,NB,28.0,EM,1,3.8906104000052437,1.3585660604889007,5,1,1,-0.504213364587214,0.12212612515167974,1.0
sub50,NB,26.0,EM,0,7.791336700000102,2.0530124369468226,5,1,1,0.6335589919962848,0.2539029391038803,1.0
sub50,NB,25.0,BB,1,4.651309700013371,1.5371488358585377,5,1,0,-0.28233093330183867,0.1478245521679183,1.0
sub50,NB,6.0,BB,1,4.098750999983167,1.4106822931494065,5,1,0,-0.4435024603287179,0.12915766312942156,1.0
sub50,NB,40.0,EM,1,6.407376899995143,1.8574499672096807,4,1,1,0.2298825784343936,0.20714912992664614,0.75
sub50,NB,24.0,BB,1,4.455515099980403,1.4941426771301853,5,1,0,-0.3394407293636972,0.14121009460358624,1.0
sub50,NB,35.0,EM,1,6.139233099995181,1.8146998320771965,4,1,1,0.1516698098970028,0.19809052572642893,0.75
sub50,NB,5.0,EM,1,15.89832400000887,2.766213694865814,5,1,1,2.9982227329861697,0.5277783343469447,1.0
sub50,NB,17.0,BB,1,19.30764260000433,2.960501007165165,1,1,0,3.992660219632157,0.6429541011922039,0.0
sub51,NB,5.0,EM,1,10.98096950002946,2.396163729089586,1,1,1,1.5639180452654695,0.3616571406908666,0.0
sub51,NB,18.0,EM,1,6.895953299943358,1.9309347612884844,4,1,1,0.37239160859651893,0.22365452825656656,0.75
sub51,NB,11.0,EM,1,15.483844400034286,2.739797183584199,5,1,1,2.877326419081887,0.5137761211865635,1.0
sub51,NB,2.0,BB,1,6.437477399944328,1.8621367552954322,5,1,0,0.23866235792355467,0.2081660041384249,1.0
sub51,NB,23.0,EM,1,6.230706499889493,1.82948972924125,5,1,1,0.17835097072661377,0.2011807382336392,1.0
sub51,NB,35.0,EM,1,5.551658399985172,1.7140966939314242,5,1,1,-0.01971526039108987,0.17824070393135938,1.0
sub51,NB,16.0,EM,1,10.051317499950528,2.307703720435389,5,1,1,1.2927551218545748,0.3302510462271627,1.0
sub51,NB,4.0,EM,0,7.262442099978216,1.982716149681976,5,1,1,0.47928986128286327,0.23603548572539035,1.0
sub51,NB,3.0,BB,0,7.535874199937098,2.019674843920437,5,1,0,0.559045132688653,0.24527274263441484,1.0
sub51,NB,15.0,BB,1,6.145334400003776,1.8156931597641948,5,1,0,0.1534494503934435,0.1982966437194038,1.0
sub51,NB,1.0,EM,0,9.453580499975942,2.246393558631726,5,1,1,1.118405889743844,0.31005791515869957,1.0
sub51,NB,30.0,EM,1,8.346632400061935,2.1218581521314714,5,1,1,0.7955288531631318,0.2726622912162296,1.0
sub51,NB,29.0,BB,1,5.296563900075853,1.6670582895669017,5,1,0,-0.09412178061110571,0.16962293947687196,1.0
sub51,NB,19.0,BB,1,8.047884900006466,2.085409311566056,3,1,0,0.7083895306318411,0.2625698133785647,0.5
sub51,NB,39.0,BB,1,5.4224517999682575,1.6905480747846433,5,1,0,-0.057402523347114216,0.1738757644861469,1.0
sub51,NB,34.0,BB,1,6.116137700038962,1.8109308025352342,5,1,0,0.14493329325535578,0.1973103022528706,1.0
sub51,NB,31.0,EM,1,3.6342319999821484,1.2903978094282589,3,1,1,-0.5789943755932332,0.11346498716790199,0.5
sub51,NB,22.0,EM,1,6.12208549992647,1.8119028064378613,5,1,1,0.14666816050161863,0.19751123460723807,1.0
sub51,NB,36.0,BB,1,2.945192200015299,1.080174078137092,5,1,0,-0.7799750075819831,0.09018740690649973,1.0
sub51,NB,17.0,BB,1,3.156922099995427,1.1495975339452897,5,1,0,-0.7182171684688169,0.09734020089715632,1.0
sub51,NB,14.0,BB,1,3.2111781999701634,1.1666379102881894,4,1,0,-0.7023916308689686,0.09917311493476831,0.75
sub51,NB,6.0,BB,1,5.943892000010237,1.7823641376693389,5,1,0,0.09469229171845861,0.19149138858882253,1.0
sub51,NB,24.0,BB,0,5.324157599941827,1.67225450188697,5,1,0,-0.08607319003877846,0.17055512737569894,1.0
sub51,NB,40.0,EM,1,4.123471700004302,1.4166954541670311,5,1,1,-0.43629187261855806,0.12999279352230697,1.0
sub51,NB,26.0,EM,1,4.094080199953169,1.409542076679165,5,1,1,-0.44486484947077815,0.12899987119550355,1.0
sub51,NB,25.0,BB,1,4.643271500011906,1.5354191824545877,5,1,0,-0.2846755330135305,0.14755300058889442,1.0
sub51,NB,10.0,BB,1,5.128725900081918,1.6348572657784597,5,1,0,-0.14307713458649554,0.1639529295355594,1.0
sub51,NB,33.0,BB,1,5.125280600041151,1.6341852747532197,5,1,0,-0.14408206721827885,0.1638365382208234,1.0
sub51,NB,28.0,EM,1,4.533837900031358,1.5115687993578522,5,1,1,-0.3165953641843174,0.14385604519246598,1.0
sub51,NB,12.0,EM,1,5.1563438000157475,1.640227762453596,5,1,1,-0.13502148528558397,0.1648859349764527,1.0
sub51,NB,27.0,BB,1,3.9325731999706477,1.369293969882751,5,1,0,-0.4919735635518164,0.1235437391185868,1.0
sub51,NB,32.0,EM,1,5.161604300024919,1.641247442028249,5,1,1,-0.13348709116717308,0.16506364852969663,1.0
sub51,NB,9.0,EM,1,5.0872143999440596,1.6267304115898058,4,1,1,-0.15518529950368784,0.16255056166613197,0.75
sub51,NB,38.0,EM,1,6.6008515999419615,1.887198671002924,3,1,1,0.2863157009782818,0.21368521515246253,0.5
sub51,NB,7.0,EM,0,6.576280700042844,1.883469342372507,4,1,1,0.2791488072944996,0.2128551454024653,0.75
sub51,NB,13.0,BB,0,6.574539299937896,1.8832045071584096,2,1,0,0.27864087191303916,0.21279631631782886,0.25
sub51,NB,20.0,EM,1,7.222259899950586,1.9771679094620447,4,1,1,0.4675694295216792,0.2346780251167755,0.75
sub51,NB,37.0,BB,1,3.721139300032519,1.31402988484558,5,1,0,-0.5536450647270108,0.11640094478939438,1.0
sub51,NB,8.0,BB,1,5.755704200011678,1.7501913978525812,5,1,0,0.03980126368480577,0.18513390877576397,1.0
sub51,NB,21.0,BB,1,5.551798300002702,1.7141218932943463,5,1,0,-0.01967445404878611,0.17824543012262845,1.0
sub52,NB,24.0,BB,1,7.678332099923864,2.0384023490847065,4,1,0,0.6005975637274811,0.2500853459136047,0.75
sub52,NB,37.0,BB,1,5.200842300080694,1.6488205932546598,5,1,0,-0.12204206571354373,0.16638921157502312,1.0
sub52,NB,28.0,EM,1,4.369001999963075,1.4745346077313994,5,1,1,-0.36467505910433773,0.13828745409804077,1.0
sub52,NB,20.0,EM,1,4.373493599938229,1.475562140503712,5,1,1,-0.363364939425198,0.1384391921818623,1.0
sub52,NB,13.0,BB,0,10.747775300056674,2.37469878432487,1,1,0,1.4958994523062583,0.35377922608183937,0.0
sub52,NB,15.0,BB,1,5.4799525999696925,1.7010964512819489,3,1,0,-0.04063056456519318,0.17581829304138075,0.5
sub52,NB,6.0,BB,1,5.634160800022073,1.728848210051877,5,1,0,0.00434921962995221,0.1810278524222153,1.0
sub52,NB,18.0,EM,0,7.603656799998134,2.028629289467435,3,1,1,0.5788161093416173,0.24756261749116948,0.5
sub52,NB,1.0,EM,1,3.9783021999755874,1.3808551453632618,5,1,1,-0.47863522907295386,0.12508858524785227,1.0
sub52,NB,7.0,EM,0,4.698864699923433,1.5473209263295578,5,1,1,-0.26845998718724695,0.14943108538601502,1.0
sub52,NB,39.0,BB,1,4.977940100012347,1.6050161709305264,5,1,0,-0.18705866568871865,0.1588589878451548,1.0
sub52,NB,11.0,EM,1,6.303697200026363,1.841136318411215,3,1,1,0.19964105737112295,0.20364655643580065,0.5
sub52,NB,38.0,EM,1,9.675268299994059,2.2695729697968767,1,1,1,1.1830682708631644,0.3175471132545769,0.0
sub52,NB,30.0,EM,1,9.997495600022376,2.30233462163095,5,1,1,1.2770562326715178,0.32843280061136665,1.0
sub52,NB,12.0,EM,1,8.256705699954182,2.1110256823093696,5,1,1,0.7692988371013766,0.26962433030380917,1.0
sub52,NB,2.0,BB,1,4.946963399997912,1.5987739337944942,5,1,0,-0.19609401712433464,0.1578125132861321,1.0
sub52,NB,14.0,BB,1,3.6883083999855444,1.3051679247539096,5,1,0,-0.5632212532730394,0.11529183046692086,1.0
sub52,NB,25.0,BB,1,2.711413399898447,0.9974700487098199,5,1,0,-0.8481641179865157,0.08228974296401607,1.0
sub52,NB,29.0,BB,1,10.084229100029916,2.3109727282296277,3,1,0,1.302354849162104,0.331362886809399,0.5
sub52,NB,4.0,EM,1,4.584394499892369,1.5226580358954174,5,1,1,-0.3018489048480683,0.14556398036698698,1.0
sub52,NB,40.0,EM,1,3.3473033999325708,1.2081550664425311,5,1,1,-0.6626863355879763,0.10377178291864503,1.0
sub52,NB,35.0,EM,1,3.8067060000030324,1.3367642482567308,5,1,1,-0.5286867830165886,0.11929161340732151,1.0
sub52,NB,31.0,EM,1,2.7057521999813616,0.9953799512691484,5,1,1,-0.8498153891281903,0.08209849271192303,1.0
sub52,NB,26.0,EM,1,2.830328800017014,1.0403928886579321,5,1,1,-0.8134786146670057,0.08630701855638373,1.0
sub52,NB,34.0,BB,0,3.769368899986148,1.3269075869127078,5,1,0,-0.5395773498000772,0.11803026777472837,1.0
sub52,NB,16.0,EM,1,2.7561039000283927,1.0138180520156894,5,1,1,-0.8351286954166701,0.0837995058307577,1.0
sub52,NB,5.0,EM,1,2.962011600029655,1.085868632120739,5,1,1,-0.7750690882944188,0.09075561056295271,1.0
sub52,NB,10.0,BB,1,3.4232927999692038,1.230602894881677,5,1,0,-0.6405215816150661,0.10633890510585922,1.0
sub52,NB,9.0,EM,1,4.668412600061856,1.5408190995631845,3,1,1,-0.2773423221058667,0.14840233320262852,0.5
sub52,NB,22.0,EM,1,1.842484200024046,0.6111147697523456,5,1,1,-1.1016152825674848,0.05293502471330611,1.0
sub52,NB,23.0,EM,1,4.14165210002102,1.4210947662108573,4,1,1,-0.430988973881295,0.13060697534546717,0.75
sub52,NB,8.0,BB,1,3.680644499952905,1.3030878727031134,5,1,0,-0.5654566763532919,0.11503292372723223,1.0
sub52,NB,3.0,BB,1,8.163209500024095,2.0996374127269397,3,1,0,0.74202766154461,0.2664657822807292,0.5
sub52,NB,21.0,BB,1,3.868350899894722,1.3528282921668222,5,1,0,-0.5107060641383597,0.12137414057774613,1.0
sub52,NB,33.0,BB,1,3.58439560001716,1.2765898684903925,3,1,0,-0.5935307654527004,0.11178138224380302,0.5
sub52,NB,36.0,BB,1,2.844035000074655,1.0452238185019262,4,1,0,-0.8094807603342351,0.08677005011411945,0.75
sub52,NB,17.0,BB,1,5.1902691998984665,1.6467855647918914,5,1,0,-0.12512605063982338,0.16603202438770026,1.0
sub52,NB,27.0,BB,1,2.6793193999910727,0.9855628070434644,5,1,0,-0.8575253658922845,0.08120552307020257,1.0
sub52,NB,32.0,EM,1,3.881744400016032,1.3562846402339415,3,1,1,-0.5067994188051702,0.12182660830757815,0.5
sub52,NB,19.0,BB,1,2.4609897000482306,0.9005635861292262,3,1,0,-0.9212082490559822,0.07382977044442987,0.5
sub53,NB,11.0,EM,1,10.35959060001187,2.3379127186771336,5,1,1,1.3826728921755933,0.34066532393572824,1.0
sub53,NB,9.0,EM,1,6.180508800083771,1.8214005981913044,5,1,1,0.1637091961414289,0.199484927648791,1.0
sub53,NB,26.0,EM,1,5.017901299986988,1.6130117785572837,4,1,1,-0.1754026957051,0.16020898248958088,0.75
sub53,NB,40.0,EM,1,6.645525199943222,1.893943725903243,5,1,1,0.29934619408172514,0.21519440708832044,1.0
sub53,NB,34.0,BB,1,8.568787700030953,2.148126264030663,5,1,0,0.8603275956879781,0.2801672826924455,1.0
sub53,NB,19.0,BB,1,6.115162599948235,1.810771359128748,5,1,0,0.14464887393371997,0.19727736080213598,1.0
sub53,NB,33.0,BB,1,5.074407399981283,1.6242097496332872,5,1,0,-0.15892087319119128,0.16211790745725224,1.0
sub53,NB,30.0,EM,1,9.817149700014852,2.2841308256533885,2,1,1,1.2244525471342877,0.32234024084567253,0.25
sub53,NB,6.0,BB,1,10.857616399996914,2.3848668060690663,4,1,0,1.5279381439542459,0.3574899479007861,0.75
sub53,NB,27.0,BB,1,5.540250499965623,1.7120397163372458,5,1,0,-0.023042741555028015,0.1778553150055936,1.0
sub53,NB,16.0,EM,1,9.53755580005236,2.255237247188728,3,1,1,1.142899988461531,0.3128948220944066,0.5
sub53,NB,15.0,BB,1,4.7556841999758035,1.5593405762824304,5,1,0,-0.25188675146071915,0.1513505978335477,1.0
sub53,NB,20.0,EM,1,5.433551200083457,1.692592916515566,3,1,1,-0.054165026108266616,0.17425073147215758,0.5
sub53,NB,35.0,EM,1,3.8220810999628156,1.3407950648401608,5,1,1,-0.5242021403196702,0.119811024801784,1.0
sub53,NB,39.0,BB,1,8.399931400083005,2.1282235391591358,5,1,0,0.8110752217605894,0.27446287189517243,1.0
sub53,NB,25.0,BB,1,8.282782100024633,2.114178914379431,5,1,0,0.7769048583593692,0.270505259817021,1.0
sub53,NB,13.0,BB,0,6.024040899937972,1.7957582799728793,3,1,0,0.11807029769351886,0.19419902964383956,0.5
sub53,NB,10.0,BB,1,3.408632899983786,1.2263113018142244,5,1,0,-0.644797613223259,0.10584365505128893,1.0
sub53,NB,2.0,BB,1,4.575676399981603,1.5207545347897098,5,1,0,-0.3043918192485008,0.14526945997729462,1.0
sub53,NB,37.0,BB,1,3.6007151999510825,1.2811324923835365,5,1,0,-0.5887706289429065,0.11233270133642166,1.0
sub53,NB,8.0,BB,1,4.18163189990446,1.4307015770235159,5,1,0,-0.4193275786357023,0.13195759834382859,1.0
sub53,NB,7.0,EM,1,6.954790899995714,1.9394307602211844,4,1,1,0.3895534881335107,0.2256422174403741,0.75
sub53,NB,23.0,EM,1,4.091365700005554,1.4088788263003096,5,1,1,-0.44565662073715684,0.12890816823378315,1.0
sub53,NB,31.0,EM,1,4.813676299992949,1.571461095719302,5,1,1,-0.23497148921844896,0.15330972379802943,1.0
sub53,NB,21.0,BB,1,6.072297899983823,1.8037371001520224,5,1,0,0.13214600473912474,0.19582927827649593,1.0
sub53,NB,36.0,BB,1,6.153394099907018,1.817003815749008,5,1,0,0.15580032124338747,0.1985689216217682,1.0
sub53,NB,1.0,EM,0,5.465890899999067,1.698527127555318,5,1,1,-0.044732111888103165,0.17534325175973964,1.0
sub53,NB,24.0,BB,1,6.615277900011279,1.8893818072682147,5,1,0,0.29052359565335023,0.2141725735862638,1.0
sub53,NB,18.0,EM,1,4.836356399930082,1.5761616272930505,2,1,1,-0.22835610819234217,0.1540759173425078,0.25
sub53,NB,28.0,EM,1,3.19435549993068,1.1613853460195416,5,1,1,-0.7072985127150612,0.09860479979476999,1.0
sub53,NB,3.0,BB,1,11.257771700038575,2.421058707926868,3,1,0,1.6446563148057558,0.3710082484607732,0.5
sub53,NB,14.0,BB,1,4.01392240007408,1.389768917868909,5,1,0,-0.4682454514030644,0.1262919294766759,1.0
sub53,NB,12.0,EM,1,3.8923206999897957,1.3590055607209106,5,1,1,-0.5037145005567151,0.12218390359229143,1.0
sub53,NB,29.0,BB,1,7.276953299995512,1.9847122718640098,1,1,0,0.48352251975996663,0.2365257123031702,0.0
sub53,NB,22.0,EM,1,4.095775099936873,1.4099559789877745,5,1,1,-0.4443704773461215,0.12905712938350317,1.0
sub53,NB,4.0,EM,1,3.469579100026749,1.2440332897794508,5,1,1,-0.6270206926411144,0.10790257829954802,1.0
sub53,NB,38.0,EM,1,5.538339099963196,1.7116946543590668,5,1,1,-0.023600262877438764,0.17779074287642155,1.0
sub53,NB,5.0,EM,1,5.969210600014776,1.786614690858424,5,1,1,0.10207727620009148,0.1923467176187862,1.0
sub53,NB,17.0,BB,1,3.96443900000304,1.3773643570570273,5,1,0,-0.4826788774833985,0.12462024981925095,1.0
sub53,NB,32.0,EM,1,3.9149391000391915,1.3647997737762327,5,1,1,-0.4971171162884614,0.122948012751965,1.0
sub54,NB,21.0,BB,1,4.095709300017916,1.4099399135432846,4,1,0,-0.4443896700100249,0.12905490648883905,0.75
sub54,NB,26.0,EM,1,8.128883600002155,2.0954235955577403,4,1,1,0.7320154081445536,0.2653061629193454,0.75
sub54,NB,2.0,BB,1,5.622394400066696,1.7267576230060713,5,1,0,0.0009171704226671735,0.1806303524238666,1.0
sub54,NB,24.0,BB,1,9.860772900050506,2.2885645529714673,4,1,0,1.2371766572843244,0.3238139475025855,0.75
sub54,NB,15.0,BB,1,9.154366899980232,2.214231022265053,4,1,0,1.0311306141651908,0.29994969123674564,0.75
sub54,NB,5.0,EM,1,6.266270600026473,1.8351813770470204,3,1,1,0.18872438503734792,0.20238218725792334,0.5
sub54,NB,29.0,BB,1,9.118424399988726,2.2102970260018355,4,1,0,1.0206468273594125,0.2987354588681829,0.75
sub54,NB,23.0,EM,1,4.68330130004324,1.5440032672398347,4,1,1,-0.2729995536157252,0.14890531272401647,0.75
sub54,NB,35.0,EM,1,4.152893699938431,1.4238053683514775,5,1,1,-0.42770999949393046,0.13098674621553402,1.0
sub54,NB,18.0,EM,1,5.967557700001635,1.786337748225014,4,1,1,0.10159515471847119,0.1922908783004742,0.75
sub54,NB,6.0,BB,1,6.654819599934854,1.8953413440318558,5,1,0,0.30205720494693816,0.21550839641346126,1.0
sub54,NB,31.0,EM,1,3.1281762999715284,1.1404501829782743,5,1,1,-0.726601806128504,0.0963690920188786,1.0
sub54,NB,36.0,BB,1,3.840222100028768,1.3455302034762096,4,1,0,-0.518910733845997,0.12042387559077707,0.75
sub54,NB,37.0,BB,1,4.337102900026366,1.4672065906557834,5,1,0,-0.3739794581614901,0.13720981843885394,1.0
sub54,NB,3.0,BB,1,4.330247699981555,1.4656247459166896,4,1,0,-0.3759789978651207,0.13697823171591178,0.75
sub54,NB,12.0,EM,1,3.7283860000316054,1.3159754322443782,5,1,1,-0.5515313314626632,0.11664575741250725,1.0
sub54,NB,4.0,EM,0,4.47668030008208,1.498881767301434,4,1,1,-0.33326721762633726,0.14192511083942505,0.75
sub54,NB,13.0,BB,0,7.588430800009519,2.026624824315901,3,1,0,0.5743749564495495,0.2470482430866544,0.5
sub54,NB,9.0,EM,0,9.17404600000009,2.2163784103329007,3,1,1,1.036870656988771,0.30061450309551846,0.5
sub54,NB,40.0,EM,1,7.741816199966706,2.046636311233848,4,1,1,0.6191147445179975,0.2522300061119579,0.75
sub54,NB,16.0,EM,1,4.690771900000982,1.5455971531376487,4,1,1,-0.2708205127230012,0.14915768927777368,0.75
sub54,NB,27.0,BB,1,3.974681199993938,1.3799445436306157,4,1,0,-0.47969141024678175,0.1249662583260933,0.75
sub54,NB,1.0,EM,1,7.368036399944685,1.997151239215597,4,1,1,0.5100898370501437,0.2396027394496808,0.75
sub54,NB,7.0,EM,1,3.274853900074959,1.1862732574279953,4,1,1,-0.6838185637544077,0.10132424788813568,0.75
sub54,NB,22.0,EM,1,4.376974400016479,1.4763577094405642,5,1,1,-0.36234965206503833,0.1385567827814173,1.0
sub54,NB,33.0,BB,1,4.088828700012527,1.4082585476246923,5,1,0,-0.44639661842956646,0.12882246168829237,1.0
sub54,NB,19.0,BB,0,8.691005100030452,2.1622885942726002,3,1,0,0.8959762335360429,0.2842961085425127,0.5
sub54,NB,38.0,EM,1,5.919717099983245,1.778288660589079,4,1,1,0.08764090414124834,0.19067469675807958,0.75
sub54,NB,34.0,BB,1,4.775746600003913,1.5635503177321266,5,1,0,-0.24603490685456642,0.15202835857670527,1.0
sub54,NB,8.0,BB,0,2.792806899989955,1.027047147440826,4,1,0,-0.8244230843206016,0.08503942989244559,0.75
sub54,NB,11.0,EM,1,3.4068972000386566,1.2258019650620773,5,1,1,-0.6453038859696689,0.10578501853307269,1.0
sub54,NB,39.0,BB,1,6.50272590003442,1.8722214582269552,5,1,0,0.2576941827688767,0.210370270420077,1.0
sub54,NB,10.0,BB,1,3.0939873999450356,1.1294606797266271,5,1,0,-0.7365740990710239,0.0952141008783755,1.0
sub54,NB,30.0,EM,1,5.741897900006734,1.7477898002810717,5,1,1,0.03577421198103849,0.1846674955780161,1.0
sub54,NB,32.0,EM,1,3.9741123999701813,1.379801427567134,5,1,1,-0.47985731907854356,0.12494704276233874,1.0
sub54,NB,14.0,BB,1,2.8297533000586554,1.0401895347311987,5,1,0,-0.813646477750308,0.08628757665118206,1.0
sub54,NB,20.0,EM,1,6.891032600076869,1.9302209431833364,4,1,1,0.37095632812499696,0.22348829404761378,0.75
sub54,NB,25.0,BB,1,3.0709216999821365,1.1219777445469068,5,1,0,-0.7433019527538292,0.09443488074885954,1.0
sub54,NB,17.0,BB,1,3.7993372000055388,1.3348266304680456,5,1,0,-0.5308361306748316,0.11904267592449376,1.0
sub54,NB,28.0,EM,1,2.1340361000038683,0.7580150693268565,5,1,1,-1.0165747883633987,0.06278441621793494,1.0
sub55,NB,35.0,EM,1,7.250057900091633,1.9810094550542294,5,1,1,0.47567761084391885,0.23561711481728453,1.0
sub55,NB,27.0,BB,1,3.1646264999872074,1.1520350391497578,5,1,0,-0.7159699322721318,0.09760047583219382,1.0
sub55,NB,26.0,EM,1,5.287748500006273,1.6653925409051622,5,1,1,-0.09669307573412037,0.16932513203140093,1.0
sub55,NB,12.0,EM,1,7.590463100001216,2.0268926040391437,5,1,1,0.5749677421445727,0.24711689953607036,1.0
sub55,NB,10.0,BB,1,7.877643099986017,2.0640287601442187,4,1,0,0.6587330310208486,0.25681859673765045,0.75
sub55,NB,25.0,BB,0,13.659778299974278,2.614455624140827,4,1,0,2.345278839831817,0.45215436138648707,0.75
sub55,NB,15.0,BB,1,4.102487499942072,1.4115934970407387,5,1,0,-0.442412589869562,0.12928389194478795,1.0
sub55,NB,31.0,EM,1,4.178360599908046,1.4299189686268092,5,1,1,-0.4202817585549691,0.13184708520913113,1.0
sub55,NB,40.0,EM,1,17.530119400005788,2.86392051009111,5,1,1,3.4741883750049527,0.5829046832101638,1.0
sub55,NB,6.0,BB,1,3.404160700039938,1.2249984187742298,5,1,0,-0.6461020742589464,0.10569257235164956,1.0
sub55,NB,19.0,BB,1,2.6330865001073107,0.9681567322750831,5,1,0,-0.8710106789870551,0.07964365387510901,1.0
sub55,NB,14.0,BB,1,4.201833300059661,1.43552093006511,5,1,0,-0.4134351901692518,0.13264005487758473,1.0
sub55,NB,4.0,EM,0,4.209357199957594,1.4373099519413035,5,1,1,-0.41124060263369955,0.13289423204378226,1.0
sub55,NB,11.0,EM,1,2.6384957000846043,0.9702089441804703,5,1,1,-0.8694329117375547,0.07982639090514339,1.0
sub55,NB,24.0,BB,1,3.963058599969372,1.3770161008689399,5,1,0,-0.48308151557654955,0.12457361626836162,1.0
sub55,NB,5.0,EM,1,2.920911099994555,1.0718955881579837,5,1,1,-0.7870573718050453,0.08936712736010025,1.0
sub55,NB,13.0,BB,0,8.145385499927215,2.0974515705751524,5,1,0,0.7368287183134485,0.26586364058607775,1.0
sub55,NB,7.0,EM,1,4.144137200084515,1.4216946125376226,5,1,1,-0.4302641144735502,0.13069092857456716,1.0
sub55,NB,3.0,BB,1,3.164956400054507,1.1521392798470702,5,1,0,-0.7158737063008277,0.09761162072584897,1.0
sub55,NB,32.0,EM,1,2.261110399966128,0.8158560200410405,5,1,1,-0.9795094793389103,0.06707732094807582,1.0
sub55,NB,18.0,EM,1,3.5127389999106526,1.2563960750242553,5,1,1,-0.6144317188900257,0.10936063345640543,1.0
sub55,NB,37.0,BB,1,3.560053799999878,1.2697756571092649,5,1,0,-0.6006308347831695,0.11095905209155847,1.0
sub55,NB,17.0,BB,1,5.345852899947204,1.6763211014285437,5,1,0,-0.07974505760509923,0.1712880517832508,1.0
sub55,NB,33.0,BB,1,4.535849999985658,1.5120124970924358,5,1,0,-0.3160084704802684,0.1439240192313857,1.0
sub55,NB,23.0,EM,1,7.970815699896775,2.075786833850768,5,1,1,0.6859098182180469,0.25996621269929815,1.0
sub55,NB,8.0,BB,0,9.002513000043109,2.1975037605879604,5,1,0,0.9868375373635493,0.29481966631806406,1.0
sub55,NB,39.0,BB,1,6.662834499962628,1.8965449946050428,5,1,0,0.30439500847147505,0.21577916085797177,1.0
sub55,NB,2.0,BB,1,2.6622937000356615,0.9791880444788567,5,1,0,-0.8624914591966973,0.0806303500580809,1.0
sub55,NB,34.0,BB,1,3.252571400022134,1.1794458835147297,5,1,0,-0.6903179719788985,0.10057148631553962,1.0
sub55,NB,22.0,EM,1,3.448309400002472,1.237884081955037,5,1,1,-0.6332246851438639,0.10718403178093637,1.0
sub55,NB,38.0,EM,1,8.460998899885453,2.135467239920544,5,1,1,0.828887523321195,0.2765258929689668,1.0
sub55,NB,30.0,EM,1,6.0087711999658495,1.793220268402185,5,1,1,0.1136163982949304,0.19368317893871956,1.0
sub55,NB,1.0,EM,1,11.04220639995765,2.4017248759492134,5,1,1,1.5817797578242965,0.36372588454732663,1.0
sub55,NB,29.0,BB,1,3.118129799957387,1.1372333990049643,5,1,0,-0.7295321911689825,0.09602969477297697,1.0
sub55,NB,21.0,BB,1,3.230908500030637,1.172763367045085,5,1,0,-0.6966366539058492,0.09983965646583998,1.0
sub55,NB,9.0,EM,1,6.439943099976517,1.8625197046698567,5,1,1,0.2393815586878472,0.20824930198334268,1.0
sub55,NB,28.0,EM,1,2.93171410006471,1.075587269060122,5,1,1,-0.7839063291779306,0.08973208117148974,1.0
sub55,NB,16.0,EM,1,23.697757299989462,3.1653804149710805,3,1,1,5.273178452321421,0.7912637449755998,0.5
sub55,NB,20.0,EM,1,2.245739300036803,0.8090347765769452,5,1,1,-0.9839929552982186,0.06655804468518343,1.0
sub55,NB,36.0,BB,1,3.106427500024438,1.1334733520952207,5,1,0,-0.7329455435418921,0.09563436024230787,1.0
sub56,NB,25.0,BB,1,27.53211090003606,3.3153529925694136,5,1,0,6.391591074992535,0.9207983142123486,1.0
sub56,NB,1.0,EM,0,11.864236199995503,2.4735285136053786,5,1,1,1.8215512031503025,0.3914962174781184,1.0
sub56,NB,14.0,BB,1,8.506122800055891,2.140786233601895,5,1,0,0.8420493609603099,0.2780502972312103,1.0
sub56,NB,29.0,BB,1,16.88897589989938,2.826661095464512,3,1,0,3.287178240244864,0.5612451661786058,0.5
sub56,NB,26.0,EM,1,3.2379655999829993,1.1749452313518818,5,1,1,-0.694578223596741,0.10007806389972371,1.0
sub56,NB,37.0,BB,1,3.700402499991469,1.3084415975151305,5,1,0,-0.5596936198001358,0.11570040103656122,1.0
sub56,NB,3.0,BB,0,7.6256950999377295,2.031523478986167,5,1,0,0.585244288744361,0.24830712934040294,1.0
sub56,NB,28.0,EM,1,4.0516106999712065,1.3991145057518886,5,1,1,-0.45725244587236713,0.12756513956673654,1.0
sub56,NB,38.0,EM,1,8.304262100020424,2.1167688890300074,5,1,1,0.7831701916165772,0.27123091082287143,1.0
sub56,NB,8.0,BB,1,3.8085672999732196,1.3372530816666248,5,1,0,-0.5281438749808745,0.11935449302537647,1.0
sub56,NB,7.0,EM,1,12.128830300061963,2.4955852879733587,4,1,1,1.8987285874674498,0.40043490346009925,0.75
sub56,NB,35.0,EM,1,4.149170200107619,1.422908362468288,5,1,1,-0.4287960780473647,0.13086095657875368,1.0
sub56,NB,10.0,BB,0,7.536149199935608,2.01971133537102,5,1,0,0.5591253452881284,0.2452820328590688,1.0
sub56,NB,36.0,BB,1,5.5703316000290215,1.7174545853860157,5,1,0,-0.014268620666873918,0.17887153383810622,1.0
sub56,NB,5.0,EM,0,27.206435100059025,3.303453529881231,2,1,1,6.296597247196266,0.9097961274394996,0.25
sub56,NB,2.0,BB,1,5.519896800047718,1.7083591644707088,5,1,0,-0.028979553148504516,0.17716771338449955,1.0
sub56,NB,39.0,BB,1,4.896962700062431,1.5886151557956094,5,1,0,-0.21067833035761419,0.15612335787605208,1.0
sub56,NB,9.0,EM,1,4.872513799928129,1.5836099846024698,5,1,1,-0.21780963888385374,0.1552974095996149,1.0
sub56,NB,4.0,EM,1,6.517521200003102,1.8744941196016798,5,1,1,0.262009708139562,0.21087009464289996,1.0
sub56,NB,23.0,EM,0,16.424409299972467,2.798768600251977,3,1,1,3.1516724409301253,0.54555088216615,0.5
sub56,NB,22.0,EM,1,2.992581899976358,1.0961365264886351,5,1,1,-0.7661522765171171,0.09178835585670608,1.0
sub56,NB,13.0,BB,1,9.564555299934,2.2580641093842275,4,1,0,1.1507752614861855,0.3138069363518745,0.75
sub56,NB,34.0,BB,1,13.119963999954052,2.5741350396062375,3,1,0,2.1878246272016475,0.4339180117654956,0.5
sub56,NB,21.0,BB,1,9.053762400057167,2.2031804061310076,5,1,0,1.0017860741597766,0.2965510061074831,1.0
sub56,NB,18.0,EM,1,8.92478779994417,2.1888325514664317,2,1,1,0.9641664814418327,0.2921939042304116,0.25
sub56,NB,19.0,BB,1,5.602374100009911,1.7231904543315475,5,1,0,-0.004922394372008998,0.17995401392868587,1.0
sub56,NB,17.0,BB,1,7.537977400003001,2.019953896698104,5,1,0,0.5596585986719885,0.2453437942751796,1.0
sub56,NB,30.0,EM,1,9.776930500054732,2.280025579983871,3,1,1,1.21272132315208,0.3209815302818326,0.5
sub56,NB,27.0,BB,1,13.391391100012697,2.5946120452711425,4,1,0,2.266995075862646,0.44308753449413735,0.75
sub56,NB,32.0,EM,1,3.0945162000134587,1.129631577282448,5,1,1,-0.7364198575134935,0.09523196513822746,1.0
sub56,NB,20.0,EM,1,12.90414979995694,2.557548949555661,3,1,1,2.1248754705496617,0.4266272393569573,0.5
sub56,NB,16.0,EM,0,12.475134999956936,2.5237374632188634,4,1,1,1.9997394977935505,0.41213398883527474,0.75
sub56,NB,33.0,BB,1,18.349782799952663,2.909617737915686,2,1,0,3.713269583590141,0.6105950729097359,0.25
sub56,NB,11.0,EM,1,3.6127916000550613,1.284480769919313,5,1,1,-0.5852481582160146,0.11274067395672994,1.0
sub56,NB,6.0,BB,1,7.5014769999543205,2.0150999344806855,5,1,0,0.5490120823604795,0.24411071457245803,1.0
sub56,NB,12.0,EM,1,6.547091000014916,1.8790208288605879,5,1,1,0.27063469191327316,0.21186904041224702,1.0
sub56,NB,31.0,EM,1,2.9292678999481723,1.0747525283089738,5,1,1,-0.7846198421642868,0.08964944208511057,1.0
sub56,NB,40.0,EM,1,2.947138399933465,1.0808346656434875,5,1,1,-0.779407335744234,0.09025315466853324,1.0
sub56,NB,24.0,BB,1,15.895846500061452,2.7660578486893943,5,1,0,2.997500090396862,0.5276946378697943,1.0
sub56,NB,15.0,BB,0,8.300400399952196,2.1163037545970904,5,1,0,0.7820438025164109,0.2711004524178737,1.0
sub57,NB,36.0,BB,0,4.4442731000017375,1.4916163235349411,5,1,0,-0.3427198204418009,0.14083031021839593,1.0
sub57,NB,15.0,BB,0,6.392836699960753,1.8551780978889358,5,1,0,0.22564146116904119,0.20665792365186547,1.0
sub57,NB,28.0,EM,1,5.639328600023873,1.7297650158748823,5,1,1,0.005856574807988673,0.181202434324919,1.0
sub57,NB,12.0,EM,1,3.868526600068435,1.352873711051571,5,1,1,-0.5106548155284026,0.12138007619263479,1.0
sub57,NB,8.0,BB,0,10.026263399980962,2.3052079901879146,5,1,0,1.2854472873201475,0.3294046527054143,1.0
sub57,NB,1.0,EM,1,10.366105600027367,2.3385414068685653,5,1,1,1.3845732015925303,0.340885417805155,1.0
sub57,NB,16.0,EM,1,3.77143540000543,1.3274556717028183,5,1,1,-0.5389745885664009,0.11810007959120304,1.0
sub57,NB,27.0,BB,1,3.959179400000721,1.3760367815708578,5,1,0,-0.48421300908584713,0.12444256667061031,1.0
sub57,NB,31.0,EM,1,3.5681224999716505,1.2720395470800965,5,1,1,-0.598277338773603,0.11123163403995558,1.0
sub57,NB,34.0,BB,0,5.021512100007385,1.6137311034883783,4,1,0,-0.17434948967822136,0.16033096482976888,0.75
sub57,NB,30.0,EM,1,16.128096999949776,2.7805629062526784,3,1,1,3.0652434228567635,0.5355406718030465,0.5
sub57,NB,17.0,BB,1,3.642982400022447,1.2928026868378275,5,1,0,-0.5764420398205561,0.11376059874109012,1.0
sub57,NB,14.0,BB,1,3.841702700010501,1.3459156797828922,5,1,0,-0.518478869213409,0.12047389415996783,1.0
sub57,NB,24.0,BB,1,5.199394800001755,1.6485422341991198,5,1,0,-0.12246427569427765,0.16634031120777654,1.0
sub57,NB,39.0,BB,1,7.515687000006437,2.0169924361931684,3,1,0,0.5531568861746743,0.2445907658216654,0.5
sub57,NB,35.0,EM,1,4.1930386000312865,1.4334256739729363,5,1,1,-0.4160004474590909,0.13234294673405617,1.0
sub57,NB,6.0,BB,1,4.988708899938501,1.6071771387978344,5,1,0,-0.1839175986342132,0.1592227862855527,1.0
sub57,NB,29.0,BB,1,9.323809799971059,2.232571321991946,4,1,0,1.0805540888727496,0.3056739189293274,0.75
sub57,NB,13.0,BB,1,3.5125027000904083,1.2563288033685818,5,1,0,-0.6145006433370805,0.10935265062575941,1.0
sub57,NB,37.0,BB,1,5.008589999983087,1.6111544383567882,5,1,0,-0.17811863600275904,0.15989442223748912,1.0
sub57,NB,10.0,BB,1,2.818796299980022,1.0363099498474841,5,1,0,-0.8168424394358456,0.08591742031367172,1.0
sub57,NB,33.0,BB,1,3.3577627000631765,1.211274889113401,5,1,0,-0.6596355441090076,0.10412512564032814,1.0
sub57,NB,7.0,EM,1,4.1459051999263465,1.4221211483219591,5,1,1,-0.42974842042280825,0.13075065626841348,1.0
sub57,NB,40.0,EM,0,9.166708400007337,2.2155782687221253,3,1,1,1.0347304098159735,0.30036661963107186,0.5
sub57,NB,22.0,EM,1,2.95175410003867,1.0823996038237396,5,1,1,-0.7780610182684375,0.09040908518178756,1.0
sub57,NB,3.0,BB,1,3.4559755999362096,1.2401047907132428,5,1,0,-0.6309885912234419,0.107443016217345,1.0
sub57,NB,32.0,EM,1,3.5866801000665873,1.27722701143024,5,1,1,-0.5928644174946662,0.11185855867578892,1.0
sub57,NB,19.0,BB,1,8.113262499915436,2.093500068357939,5,1,0,0.7274590115939634,0.2647784409923138,1.0
sub57,NB,9.0,EM,1,6.7913918000413105,1.9156558984802756,5,1,1,0.34189288220507374,0.22012216524017825,1.0
sub57,NB,26.0,EM,1,12.24165959993843,2.5048448561231904,5,1,1,1.9316388837915683,0.40424657454766,1.0
sub57,NB,25.0,BB,1,5.144751999992877,1.63797716598487,5,1,0,-0.1384026068036672,0.16449433342394515,1.0
sub57,NB,38.0,EM,0,8.147578100091778,2.097720717457405,4,1,1,0.7374682607125866,0.2659377123977702,0.75
sub57,NB,20.0,EM,1,3.028892800095491,1.1081971402321191,5,1,1,-0.7555610339584509,0.0930150337524206,1.0
sub57,NB,23.0,EM,1,3.7088783000363037,1.3107294859001866,5,1,1,-0.5572213799531732,0.11598673589825241,1.0
sub57,NB,21.0,BB,1,3.512693400029093,1.2563830936505935,5,1,0,-0.6144450195629547,0.1093590929722375,1.0
sub57,NB,18.0,EM,1,5.310285300016403,1.6696455626271547,5,1,1,-0.0901194927433296,0.17008648452670844,1.0
sub57,NB,4.0,EM,1,4.974068899988197,1.6042381973134603,5,1,1,-0.1881878257567525,0.15872820850661085,1.0
sub57,NB,2.0,BB,1,3.638018700061366,1.2914392202865037,5,1,0,-0.5778898626534732,0.11359291187562437,1.0
sub57,NB,11.0,EM,1,2.7251702999928966,1.0025309215726879,5,1,1,-0.844151475356407,0.08275448730260443,1.0
sub57,NB,5.0,EM,1,5.068483599927276,1.6230416801494312,5,1,1,-0.1606487401136629,0.16191778588050693,1.0
sub58,NB,2.0,BB,1,11.826621199958026,2.470353024342939,5,1,0,1.810579577882571,0.39022548365048304,1.0
sub58,NB,36.0,BB,0,20.275382799911313,3.0094074802134445,1,1,0,4.27493279225798,0.6756469154194866,0.0
sub58,NB,32.0,EM,1,11.486672200029716,2.4411874241520786,5,1,1,1.7114225119876512,0.3787411105692831,1.0
sub58,NB,17.0,BB,1,7.179701299988665,1.9712577805218714,5,1,0,0.45515584424356476,0.23324028345588127,1.0
sub58,NB,38.0,EM,1,9.449126800056547,2.2459223351258952,4,1,1,1.1171068248356466,0.3099074574386391,0.75
sub58,NB,19.0,BB,1,17.9743676999351,2.8889467263505733,1,1,0,3.6037676882521947,0.5979125615041224,0.0
sub58,NB,10.0,BB,1,5.717318100039847,1.7434998318113883,4,1,0,0.028604722306073985,0.1838371251602754,0.75
sub58,NB,1.0,EM,1,6.475706099998206,1.8680576518328345,5,1,1,0.24981298855085143,0.20945747036989082,1.0
sub58,NB,37.0,BB,1,7.943915799958631,2.0724063274871316,5,1,0,0.6780635967221879,0.25905746319039613,1.0
sub58,NB,40.0,EM,1,19.01639120001346,2.9453013019967655,2,1,1,3.907707375920386,0.633114861369106,0.25
sub58,NB,6.0,BB,1,9.158363599912263,2.2146675164291003,5,1,0,1.0322963803201324,0.30008471029290623,1.0
sub58,NB,8.0,BB,0,8.674182699993253,2.1603511081373132,3,1,0,0.891069439195271,0.28372780353738214,0.5
sub58,NB,15.0,BB,1,28.131887499941513,3.3369037194310045,3,1,0,6.5665352220604705,0.9410603483414103,0.5
sub58,NB,21.0,BB,1,4.982735599973239,1.6059790574807653,5,1,0,-0.18565990379878364,0.15902099247135865,1.0
sub58,NB,20.0,EM,1,14.80659980000928,2.6950730138048105,1,1,1,2.679786236743302,0.49089701386294904,0.0
sub58,NB,13.0,BB,1,10.383616400067694,2.3402292178375195,3,1,0,1.389680789947953,0.3414769787765237,0.5
sub58,NB,4.0,EM,1,9.748923200066201,2.2771568378918463,3,1,1,1.2045520927937403,0.32003536988091014,0.5
sub58,NB,9.0,EM,1,7.689800199936144,2.0398948013771774,5,1,1,0.6039426041566248,0.25047276855376926,1.0
sub58,NB,23.0,EM,1,9.423591999919154,2.2432163322452854,4,1,1,1.1096587786276242,0.30904482459843796,0.75
sub58,NB,33.0,BB,1,9.764742300030775,2.2787781738145965,5,1,0,1.2091662423806382,0.3205697807656025,1.0
sub58,NB,27.0,BB,1,6.84236049989704,1.9231327744244773,5,1,0,0.35675954376677504,0.22184402223852312,1.0
sub58,NB,12.0,EM,0,18.841648599947803,2.936069770624936,5,1,1,3.856738073133751,0.6272115958417589,1.0
sub58,NB,25.0,BB,1,9.427612800034694,2.2436429150784973,5,1,0,1.110831574376666,0.3091806578223084,1.0
sub58,NB,30.0,EM,1,16.003715400001965,2.7728209077827546,5,1,1,3.0289635264465917,0.5313387335754346,1.0
sub58,NB,16.0,EM,0,7.1860990999266505,1.972148479290176,3,1,1,0.45702196848622223,0.2334564179978338,0.5
sub58,NB,3.0,BB,1,5.7436371999792755,1.748092668187651,5,1,0,0.036281534791297414,0.1847262537146454,1.0
sub58,NB,22.0,EM,1,6.229249700088985,1.8292558921741262,5,1,1,0.1779260481828054,0.20113152369729054,1.0
sub58,NB,7.0,EM,1,9.3381134000374,2.2341042404070497,4,1,1,1.084726194143281,0.3061571322336783,0.75
sub58,NB,34.0,BB,1,6.075690800091252,1.8042956947110758,5,1,0,0.13313565324404197,0.19594389938339485,1.0
sub58,NB,39.0,BB,1,5.583646100014448,1.7198419859470566,5,1,0,-0.01038501826565704,0.17932133273515993,1.0
sub58,NB,28.0,EM,1,4.020217499928549,1.3913360056271742,5,1,1,-0.4664092829448064,0.1265045945391628,1.0
sub58,NB,31.0,EM,1,16.948556400020607,2.83018266205907,3,1,1,3.3045568104945744,0.5632579524844956,0.5
sub58,NB,18.0,EM,1,4.996202000067569,1.6086780238053668,5,1,1,-0.18173199484243296,0.15947592295439172,1.0
sub58,NB,29.0,BB,1,6.063587800017558,1.8023016710985287,3,1,0,0.12960542377995604,0.19553502814601098,0.5
sub58,NB,14.0,BB,1,4.278948799939826,1.4537073719365514,5,1,0,-0.3909419729374031,0.13524521968511116,1.0
sub58,NB,24.0,BB,1,5.404339000000618,1.687202149440681,5,1,0,-0.06268570435459313,0.17326386637079022,1.0
sub58,NB,11.0,EM,1,4.75260360003449,1.5586925942032384,5,1,1,-0.25278530757190376,0.15124652704926117,1.0
sub58,NB,35.0,EM,1,4.127056599943899,1.4175644652254438,5,1,1,-0.435246221183748,0.1301139008895114,1.0
sub58,NB,5.0,EM,0,13.726053499965928,2.6192957421887355,1,1,1,2.3646101347441624,0.45439331229646407,0.0
sub58,NB,26.0,EM,0,9.317418699967675,2.2318856268132383,5,1,1,1.0786899188816326,0.30545801072882206,1.0
sub59,NB,7.0,EM,1,10.965987300034612,2.3947984188592284,2,1,1,1.5595480044874317,0.36115100249262433,0.25
sub59,NB,3.0,BB,1,23.126639300026,3.14098516953578,2,1,0,5.106593508203055,0.7719698738762517,0.25
sub59,NB,40.0,EM,0,17.079207599977963,2.8378617938403017,3,1,1,3.342665437512609,0.5676716943226335,0.5
sub59,NB,5.0,EM,1,10.31178829993587,2.333287735939717,3,1,1,1.3687298130091174,0.3390504362663189,0.5
sub59,NB,37.0,BB,1,11.247466300032102,2.4201428855101734,5,1,0,1.641650413250726,0.3706601048908545,1.0
sub59,NB,19.0,BB,1,13.477818600018509,2.6010452674646523,3,1,0,2.292204437605192,0.4460072832057131,0.5
sub59,NB,1.0,EM,0,8.853869399987161,2.1808545838044093,5,1,1,0.9434808478344906,0.2897980937894342,1.0
sub59,NB,11.0,EM,1,5.290156500064768,1.6658478295658325,5,1,1,-0.09599070502402719,0.16940648061915126,1.0
sub59,NB,32.0,EM,1,7.9724452999653295,2.0759912587892098,5,1,1,0.6863851435210013,0.26002126488407995,1.0
sub59,NB,38.0,EM,1,23.895892800064757,3.1737065947999947,2,1,1,5.330971047214279,0.7979572843123082,0.25
sub59,NB,21.0,BB,1,12.634204100002535,2.536407747166548,3,1,0,2.0461371199027294,0.4175077622277531,0.5
sub59,NB,26.0,EM,1,6.73541419999674,1.9073793075996233,5,1,1,0.3255652137094185,0.21823109439355826,1.0
sub59,NB,9.0,EM,1,6.579401599941775,1.8839437989436392,1,1,1,0.28005911818523627,0.21296057762552223,0.0
sub59,NB,24.0,BB,0,7.4309616999235,2.0056552850675136,3,1,0,0.5284440258189671,0.2417285219092719,0.5
sub59,NB,8.0,BB,1,15.053151500062086,2.7115873712708276,1,1,0,2.751700974465125,0.499226180025543,0.0
sub59,NB,16.0,EM,1,6.564811400021426,1.8817237792417838,2,1,1,0.27580341684407284,0.2124676822228297,0.25
sub59,NB,15.0,BB,1,7.513388799969107,2.016686602343392,5,1,0,0.5524865421742821,0.24451312656798474,1.0
sub59,NB,34.0,BB,1,5.7460209999699146,1.7485076152615078,5,1,0,0.03697684677280628,0.1848067847603294,1.0
sub59,NB,27.0,BB,1,4.784359799930826,1.5653522228359154,5,1,0,-0.24352258991026265,0.15231933516850138,1.0
sub59,NB,6.0,BB,1,5.0235111999791116,1.6141291314348385,5,1,0,-0.17376638783744872,0.16039849969501857,1.0
sub59,NB,22.0,EM,1,4.955663000000641,1.6005309630692353,5,1,1,-0.19355649881743595,0.15810640870017834,1.0
sub59,NB,17.0,BB,0,19.76497710007243,2.983911538137931,1,1,0,4.126056544283313,0.6584040658127608,0.0
sub59,NB,20.0,EM,1,3.950469800038263,1.3738345085591674,3,1,1,-0.4867534442028146,0.1241483334315716,0.5
sub59,NB,4.0,EM,0,14.512565699988045,2.6750148741447215,4,1,1,2.594021729016238,0.48096376709960853,0.75
sub59,NB,12.0,EM,1,6.013173799961805,1.79395269567461,4,1,1,0.11490055826598497,0.19383191036870323,0.75
sub59,NB,31.0,EM,1,4.0095680999802426,1.3886835297772102,3,1,1,-0.46951552315330314,0.12614482974466995,0.5
sub59,NB,36.0,BB,1,9.527823999989778,2.2542163600089427,5,1,0,1.1400613957894388,0.3125660562421938,1.0
sub59,NB,14.0,BB,0,11.543902099947445,2.446157340835076,1,1,0,1.7281154540421906,0.3806744874057896,0.0
sub59,NB,2.0,BB,1,7.587692900095135,2.0265275794687256,4,1,0,0.5741597241927996,0.24702331488296753,0.75
sub59,NB,33.0,BB,1,3.4454230000264943,1.2370466835829632,3,1,0,-0.6340665965855139,0.10708652158325176,0.5
sub59,NB,13.0,BB,0,4.799496800056659,1.568511079096919,3,1,0,-0.23910739669232364,0.1528307029231113,0.5
sub59,NB,29.0,BB,1,6.271001299959607,1.8359360388578816,2,1,0,0.19010424591382583,0.20254200276842277,0.25
sub59,NB,23.0,EM,1,6.573837799951434,1.8830978019761961,2,1,1,0.2784362568666716,0.21277261779963147,0.25
sub59,NB,18.0,EM,1,7.0674387000035495,1.9554981370430127,1,1,1,0.42241084418000646,0.229447756984068,0.0
sub59,NB,28.0,EM,1,12.739538399968296,2.544710417146032,5,1,1,2.076861258302616,0.42106623246684466,1.0
sub59,NB,39.0,BB,1,13.436182899982668,2.5979512843384507,4,1,0,2.2800600457908153,0.4446007195364293,0.75
sub59,NB,30.0,EM,1,5.5428203999763355,1.7125034686816947,4,1,1,-0.022293147513688556,0.17794213300038286,0.75
sub59,NB,10.0,BB,1,5.695145000005141,1.739614057506565,3,1,0,0.022137224117523124,0.18308805940859196,0.5
sub59,NB,25.0,BB,1,3.7909339999314398,1.332612426710118,3,1,0,-0.5332871944039538,0.11875879368113589,0.5
sub59,NB,35.0,EM,1,5.670220899977721,1.7352280764124586,4,1,1,0.01486730824981473,0.1822460576274766,0.75
sub60,NB,37.0,BB,1,3.9604204000206664,1.3763501812530234,5,1,0,-0.4838510314927986,0.12448449092167686,1.0
sub60,NB,23.0,EM,1,4.498241199995391,1.5036864759312076,5,1,1,-0.3269782873047043,0.14265349485768397,1.0
sub60,NB,8.0,BB,1,6.663922899984755,1.896708335167474,4,1,0,0.3047124753642643,0.21581592987896703,0.75
sub60,NB,12.0,EM,1,4.08719160000328,1.40785808383643,5,1,1,-0.4468741313315835,0.12876715613574946,1.0
sub60,NB,38.0,EM,1,3.9977308999514207,1.3857269251464004,5,1,1,-0.4729682234804603,0.12574493793326164,1.0
sub60,NB,22.0,EM,1,9.07619200006593,2.2056547213947995,5,1,1,1.008328388820313,0.29730873710424155,1.0
sub60,NB,29.0,BB,1,4.948923800024204,1.599170138806195,5,1,0,-0.19552220336807005,0.1578787407652395,1.0
sub60,NB,30.0,EM,1,3.7582486999453977,1.323953077605544,5,1,1,-0.5428209140065843,0.11765459811241878,1.0
sub60,NB,24.0,BB,1,7.832039300003089,2.0582229230913973,5,1,0,0.6454312151575293,0.2552779801950667,1.0
sub60,NB,20.0,EM,0,24.339545599999838,3.192102418527262,2,1,1,5.460376663724124,0.8129450450471475,0.25
sub60,NB,6.0,BB,1,2.914370800019242,1.069653947453694,5,1,0,-0.788965060769453,0.08914617879135817,1.0
sub60,NB,27.0,BB,1,3.164278900017962,1.1519251939403177,5,1,0,-0.7160713209894477,0.09758873298920658,1.0
sub60,NB,34.0,BB,1,14.11856259999331,2.64749042801591,3,1,0,2.4790980452953875,0.4676533040700274,0.5
sub60,NB,5.0,EM,1,2.2977333000162616,0.831923115257202,5,1,1,-0.9688272319597447,0.0683145390236693,1.0
sub60,NB,39.0,BB,1,4.8656803000485525,1.5822065414319897,5,1,0,-0.21980284903594996,0.15506655596544056,1.0
sub60,NB,10.0,BB,1,11.139731300063431,2.4105181139266803,3,1,0,1.6102260334368848,0.36702053267912804,0.5
sub60,NB,17.0,BB,1,7.117051100009121,1.962493468284209,5,1,0,0.4368818972426571,0.23112379459923338,1.0
sub60,NB,31.0,EM,1,2.3832131000235677,0.8684496192227275,5,1,1,-0.9438942974201624,0.07120227193183282,1.0
sub60,NB,14.0,BB,1,4.311635500052944,1.4613172985060947,5,1,0,-0.38140784494265273,0.13634946255381059,1.0
sub60,NB,21.0,BB,1,7.363608799991198,1.9965501386559905,5,1,0,0.5087983850369391,0.23945316345524964,1.0
sub60,NB,2.0,BB,1,5.352209899923764,1.6775095410261969,5,1,0,-0.0778908339841951,0.17150280799498668,1.0
sub60,NB,32.0,EM,1,2.40113090001978,0.8759398347116872,5,1,1,-0.9386679944297401,0.07180758243427353,1.0
sub60,NB,36.0,BB,1,3.273707199958153,1.1859230430492915,5,1,0,-0.6841530357459941,0.10128550933630459,1.0
sub60,NB,25.0,BB,1,7.184763099998236,1.9719625475188352,5,1,0,0.45663228111262977,0.23341128439950692,1.0
sub60,NB,15.0,BB,0,6.151318900054321,1.8166665141195626,5,1,0,0.15519502242332195,0.19849881590199414,1.0
sub60,NB,26.0,EM,1,5.846697999979369,1.7658770574370577,4,1,1,0.06634253376157688,0.18820791913356882,0.75
sub60,NB,1.0,EM,1,8.92270210001152,2.188598826729358,4,1,1,0.963558119935541,0.292123443790266,0.75
sub60,NB,40.0,EM,1,6.419434800045565,1.8593300764502723,5,1,1,0.2333996530253064,0.20755647756639228,1.0
sub60,NB,35.0,EM,1,4.486690900055692,1.5011154367350057,5,1,1,-0.33034730398799617,0.14226329528735066,1.0
sub60,NB,4.0,EM,1,8.086479700054042,2.0901934942244607,4,1,1,0.7196469461039438,0.26387364743259684,0.75
sub60,NB,3.0,BB,1,6.332262999960221,1.8456576762099397,5,1,0,0.20797319221187852,0.20461158443668465,1.0
sub60,NB,7.0,EM,1,3.5892085999948904,1.2779317325145916,5,1,1,-0.5921268991196779,0.11194397806669328,1.0
sub60,NB,9.0,EM,1,11.026021600002423,2.4002580791717785,4,1,1,1.5770589400663535,0.36317911935322517,0.75
sub60,NB,19.0,BB,0,14.66265050007496,2.6853034782116536,2,1,0,2.637798790914295,0.486034027163262,0.25
sub60,NB,16.0,EM,0,6.079260500031523,1.8048830602964672,5,1,1,0.13417687110989024,0.1960644932545657,1.0
sub60,NB,11.0,EM,1,3.4509675999870524,1.238654655485022,5,1,1,-0.632449335573521,0.1072738327815388,1.0
sub60,NB,13.0,BB,1,10.413426400045864,2.343095973527766,3,1,0,1.3983758357718452,0.34248403913373043,0.5
sub60,NB,18.0,EM,1,4.25271689996589,1.4475580492701385,5,1,1,-0.3985933507464659,0.13435903697537255,1.0
sub60,NB,28.0,EM,1,5.567520400043577,1.7169497842726371,5,1,1,-0.015088597611237061,0.17877656409427545,1.0
sub60,NB,33.0,BB,1,12.346399499918334,2.5133644821002346,5,1,0,1.962189646306901,0.40778496438881395,1.0
sub61,NB,33.0,BB,1,12.90551360000245,2.557654630906529,5,1,0,2.1252732667220546,0.4266733121165009,1.0
sub61,NB,38.0,EM,0,8.206876700001885,2.1049724247747417,4,1,1,0.7547646056937544,0.2679409753716401,0.75
sub61,NB,19.0,BB,1,14.885029400000349,2.7003559696085735,3,1,0,2.7026627535621968,0.49354657243525446,0.5
sub61,NB,22.0,EM,1,4.731111299995973,1.5541601220531094,5,1,1,-0.2590542285324068,0.15052046051555323,1.0
sub61,NB,27.0,BB,1,3.894437000002654,1.3595491245883127,5,1,0,-0.5030972135522742,0.12225539778378645,1.0
sub61,NB,12.0,EM,1,10.916954599997553,2.3903170486376166,4,1,1,1.545246039576207,0.35949454867007175,0.75
sub61,NB,21.0,BB,1,8.966741000003822,2.1935222878685736,3,1,0,0.9764034823557785,0.2936111938872038,0.5
sub61,NB,32.0,EM,1,4.50792519999959,1.505837003315732,5,1,1,-0.3241536370579164,0.14298064589795773,1.0
sub61,NB,28.0,EM,1,2.88907769999787,1.0609373162411122,5,1,1,-0.7963426073603678,0.0882917112180257,1.0
sub61,NB,18.0,EM,1,12.60123300000123,2.5337946663126893,3,1,1,2.036520037528177,0.416393911581355,0.5
sub61,NB,17.0,BB,0,18.631326399998215,2.9248443790731113,1,1,0,3.7953908350363785,0.6201063576678294,0.0
sub61,NB,8.0,BB,0,3.154908800002886,1.1489595890786675,5,1,0,-0.7188044122026379,0.09727218631778238,1.0
sub61,NB,13.0,BB,1,6.865924500001711,1.926570698762066,5,1,0,0.3636327427219696,0.2226400762599926,1.0
sub61,NB,36.0,BB,1,4.992127899997286,1.6078622517319605,3,1,0,-0.18292033723854773,0.1593382891175893,0.5
sub61,NB,26.0,EM,1,1.9960740999958944,0.6911823014466245,5,1,1,-1.0568158454886454,0.05812369628802132,1.0
sub61,NB,37.0,BB,1,4.453059200001007,1.4935913206596858,5,1,0,-0.3401570716272119,0.1411271278302778,1.0
sub61,NB,10.0,BB,1,4.14570239999739,1.4220722314077052,4,1,0,-0.42980757354849264,0.13074380515237705,0.75
sub61,NB,3.0,BB,1,7.226494900001853,1.9777541191709336,3,1,0,0.46880470357524906,0.23482109457895334,0.5
sub61,NB,16.0,EM,0,5.5061619999978575,1.705867828735433,3,1,1,-0.03298574958939644,0.1767037156436574,0.5
sub61,NB,31.0,EM,0,4.8923436000040965,1.5876714524810838,2,1,1,-0.21202563953915649,0.15596731250342122,0.25
sub61,NB,20.0,EM,1,4.013329999994312,1.389621320646019,4,1,1,-0.46841824395064674,0.1262719166408363,0.75
sub61,NB,40.0,EM,1,8.744390799998655,2.168412443379476,4,1,1,0.9115478909632154,0.28609961817414903,0.75
sub61,NB,1.0,EM,1,11.698985499999253,2.45950212864246,3,1,1,1.7733505184824103,0.3859136133490091,0.5
sub61,NB,25.0,BB,0,14.421186599996872,2.668698416959285,4,1,0,2.5673680737880895,0.4778767402916338,0.75
sub61,NB,39.0,BB,1,5.880142699999851,1.7715810303235129,5,1,0,0.07609775682287753,0.18933776923668733,1.0
sub61,NB,15.0,BB,1,3.876754000004439,1.354998205554828,4,1,0,-0.5082550295670665,0.12165801944404377,0.75
sub61,NB,6.0,BB,1,5.048847500002012,1.6191599994202348,5,1,0,-0.16637624057584782,0.16125442667824713,1.0
sub61,NB,29.0,BB,1,4.289192500000354,1.4560984867845839,5,1,0,-0.38795406815720446,0.13559127886825867,1.0
sub61,NB,11.0,EM,1,2.609860299999127,0.9592966949975442,5,1,1,-0.8777853477023666,0.0788590116277212,1.0
sub61,NB,9.0,EM,1,8.26655010000104,2.112217263597084,4,1,1,0.7721702731825189,0.2699569000802243,0.75
sub61,NB,5.0,EM,1,3.9437653999993927,1.3721359522124448,3,1,1,-0.4887089982317436,0.1239218411302316,0.5
sub61,NB,34.0,BB,0,7.0770335999986855,1.956854836856672,4,1,0,0.4252095055417799,0.22977189799123138,0.75
sub61,NB,14.0,BB,1,2.2816533999939566,0.824900355589638,2,1,0,-0.9735174522764147,0.06777131762574345,0.25
sub61,NB,24.0,BB,1,8.50469489999523,2.140618352187939,3,1,0,0.8416328679556642,0.2780020590042328,0.5
sub61,NB,23.0,EM,1,6.649811999996018,1.8945885835908491,3,1,1,0.30059657727274225,0.2153392264910579,0.5
sub61,NB,4.0,EM,1,5.975510500000382,1.7876695334984505,4,1,1,0.10391484477107096,0.19255954484235266,0.75
sub61,NB,7.0,EM,1,7.495986300004006,2.0143677172935766,3,1,1,0.5474105430210569,0.24392522425855906,0.5
sub61,NB,2.0,BB,1,3.792463100005989,1.3330157024650655,4,1,0,-0.5328411831584905,0.11881045071127368,0.75
sub61,NB,30.0,EM,1,5.82481800000096,1.762127754328612,5,1,1,0.0599605276368419,0.18746875507419025,1.0
sub61,NB,35.0,EM,1,7.829636800001026,2.057916123230952,1,1,1,0.6447304487158945,0.25519681741371686,0.0
sub62,NB,19.0,BB,0,15.048480699995707,2.7112770359326754,3,1,0,2.7503385853124533,0.4990683880903959,0.5
sub62,NB,24.0,BB,1,5.1595651999959955,1.64085231237643,5,1,0,-0.13408186031188882,0.16499476235710314,1.0
sub62,NB,6.0,BB,1,3.9686280000023544,1.3784204430294893,5,1,0,-0.4814570208253308,0.1247617652784505,1.0
sub62,NB,16.0,EM,1,6.3140120999960345,1.8427713065096423,4,1,1,0.2026497298961426,0.20399502093951133,0.75
sub62,NB,3.0,BB,1,2.887909999997646,1.0605330571092717,5,1,0,-0.7966832046437606,0.08825226323479199,1.0
sub62,NB,10.0,BB,1,5.53091200000199,1.7103527205626998,4,1,0,-0.025766615596278075,0.17753983586718242,0.75
sub62,NB,32.0,EM,1,2.3823622000054456,0.8680925164707641,5,1,1,-0.9441424897936793,0.07117352628685379,1.0
sub62,NB,21.0,BB,1,10.231184600001143,2.325440369936171,5,1,0,1.3452191499758757,0.33632743086853656,1.0
sub62,NB,33.0,BB,1,3.818203499999072,1.3397800240400601,5,1,0,-0.525333167136046,0.11968002925641492,1.0
sub62,NB,37.0,BB,1,6.111480899999151,1.8101691169744922,5,1,0,0.1435749876609743,0.19715298327551517,1.0
sub62,NB,31.0,EM,1,3.334002399999008,1.2041735041840744,5,1,1,-0.6665660002646153,0.1033224400889198,1.0
sub62,NB,34.0,BB,1,7.187730699995882,1.97237550299909,5,1,0,0.4574978771537372,0.23351153774790895,1.0
sub62,NB,17.0,BB,1,2.529404799999611,0.9279840181450296,5,1,0,-0.9012527834552093,0.07614101281429984,1.0
sub62,NB,2.0,BB,1,5.2323815999989165,1.6548665472748223,5,1,0,-0.11284261391068416,0.1674546922414087,1.0
sub62,NB,29.0,BB,1,2.9621604999992996,1.08591890073791,5,1,0,-0.7750256568264488,0.09076064079632166,1.0
sub62,NB,38.0,EM,1,7.017833199999586,1.9484545094233985,3,1,1,0.40794180372487726,0.2277719524691404,0.5
sub62,NB,30.0,EM,1,4.127107100001012,1.4175767014880016,5,1,1,-0.4352314912169236,0.13011560691452295,1.0
sub62,NB,35.0,EM,1,4.139022499999555,1.4204596488473877,5,1,1,-0.4317559813520056,0.1305181405269879,1.0
sub62,NB,7.0,EM,0,5.352525099995546,1.6775684308673513,4,1,1,-0.0777988957396515,0.1715134562840545,0.75
sub62,NB,26.0,EM,1,1.8805149999971036,0.6315456754968685,5,1,1,-1.0905223758674791,0.054219805358518156,1.0
sub62,NB,8.0,BB,1,3.632501100000809,1.2899214192842259,5,1,0,-0.5794992482757337,0.11340651280511188,1.0
sub62,NB,13.0,BB,1,6.247729199996684,1.8322180697281698,2,1,0,0.1833161890287536,0.20175580990298247,0.25
sub62,NB,22.0,EM,1,6.231021300001885,1.8295402519484563,5,1,1,0.17844279231012997,0.20119137301102485,1.0
sub62,NB,14.0,BB,1,5.777784900004917,1.754020373937607,4,1,0,0.04624181042769162,0.18587985301054588,0.75
sub62,NB,15.0,BB,1,4.69171980000101,1.5457992103381368,5,1,0,-0.2705440271831573,0.14918971183776442,1.0
sub62,NB,18.0,EM,1,4.78522189999785,1.565532397914908,5,1,1,-0.243271130682049,0.15234845918064766,1.0
sub62,NB,11.0,EM,1,2.678119100004551,0.9851147197694412,5,1,1,-0.8578754720107973,0.08116497377352135,1.0
sub62,NB,12.0,EM,1,5.053361500002211,1.6200536654096473,5,1,1,-0.16505958720853736,0.16140692149394525,1.0
sub62,NB,39.0,BB,1,5.810686600001645,1.759698739441302,5,1,0,0.05583865005751385,0.18699135914190035,1.0
sub62,NB,23.0,EM,1,3.6112795999943046,1.2840621693709615,4,1,1,-0.5856891816921513,0.11268959461012151,0.75
sub62,NB,27.0,BB,1,2.791183799999999,1.026465806918296,5,1,0,-0.8248965136664508,0.08498459729744845,1.0
sub62,NB,4.0,EM,1,11.416513300006045,2.4350608423737805,5,1,1,1.6909584109777076,0.3763709580375552,1.0
sub62,NB,1.0,EM,1,4.922640600001614,1.5938450938457587,5,1,1,-0.2031885444872347,0.15699082500466693,1.0
sub62,NB,9.0,EM,1,3.070028399997682,1.1216868123698944,5,1,1,-0.7435625124420211,0.09440470272128168,1.0
sub62,NB,40.0,EM,1,2.832226400001673,1.0410631161395774,5,1,1,-0.8129251185638823,0.08637112448458853,1.0
sub62,NB,36.0,BB,1,2.6752804999996442,0.984054234663515,5,1,0,-0.8587034410526101,0.08106907838482622,1.0
sub62,NB,28.0,EM,1,3.942304399999557,1.3717654254345686,5,1,1,-0.4891351458988546,0.12387248470008093,1.0
sub62,NB,5.0,EM,1,3.416072800006077,1.228491587176426,5,1,1,-0.642627526954679,0.10609499448032339,1.0
sub62,NB,25.0,BB,1,6.274219300001278,1.8364490629353154,4,1,0,0.1910428791860197,0.20265071529018824,0.75
sub62,NB,20.0,EM,1,2.8455965999964974,1.0457727468230622,5,1,1,-0.8090252694624152,0.0868228050747453,1.0
sub63,NB,40.0,EM,1,14.8770624999961,2.699820597281836,4,1,1,2.7003389507892335,0.49327742955803255,0.75
sub63,NB,18.0,EM,1,4.945923700004641,1.5985637423738122,4,1,1,-0.19639727908646853,0.15777738948045017,0.75
sub63,NB,39.0,BB,1,9.308865800005151,2.2309672578745845,2,1,0,1.0761951903624858,0.30516907122873077,0.25
sub63,NB,22.0,EM,1,4.133125200001814,1.4190338278367631,4,1,1,-0.4334761186802562,0.13031891419197855,0.75
sub63,NB,31.0,EM,1,5.678353999996034,1.7366614020030988,3,1,1,0.017239588605444174,0.18252081517915847,0.5
sub63,NB,23.0,EM,1,1.9538033999997424,0.6697779344336465,4,1,1,-1.0691454554766928,0.05669568064667023,0.75
sub63,NB,26.0,EM,1,7.60226110000076,2.0284457162020164,4,1,1,0.5784090085216756,0.2475154670671863,0.75
sub63,NB,13.0,BB,0,10.128813600000285,2.3153841939289803,2,1,0,1.315359353374166,0.33286906871140914,0.25
sub63,NB,30.0,EM,1,9.606974099995568,2.2624893034726368,2,1,1,1.1631480696243925,0.3152399552037218,0.25
sub63,NB,25.0,BB,1,6.554239800003415,1.8801121379508035,4,1,0,0.27271986948896454,0.21211054571500748,0.75
sub63,NB,29.0,BB,1,4.67439440000453,1.5420996142436234,4,1,0,-0.2755975376493422,0.14860441416845943,0.75
sub63,NB,14.0,BB,1,3.188280800000939,1.1594818373505504,4,1,0,-0.7090703944424738,0.09839958042255771,0.75
sub63,NB,36.0,BB,1,1.8304613000000245,0.6045680115901317,4,1,0,-1.1051221482743447,0.052528859466686915,0.75
sub63,NB,28.0,EM,1,1.7629625999979908,0.5669956893495314,4,1,1,-1.1248103163387737,0.050248575502083934,0.75
sub63,NB,38.0,EM,1,4.3756804000004195,1.4760620277176921,3,1,1,-0.3627270888125726,0.13851306805081176,0.5
sub63,NB,16.0,EM,1,3.1275920000043698,1.1402633793944972,3,1,1,-0.7267722360175702,0.09634935282618912,0.5
sub63,NB,5.0,EM,1,5.9396491999941645,1.7816500743905666,2,1,1,0.09345474255413869,0.1913480556232784,0.25
sub63,NB,12.0,EM,1,2.800450800001272,1.0297804042225034,4,1,1,-0.8221934948901983,0.08529766097870813,0.75
sub63,NB,21.0,BB,1,7.42814240000007,2.005275814012152,3,1,0,0.5276216862670222,0.24163327852819033,0.5
sub63,NB,34.0,BB,1,2.924361700002919,1.073076234648662,4,1,0,-0.7860508932671514,0.0894836977217086,0.75
sub63,NB,3.0,BB,1,1.6714603000000352,0.5136976754742281,4,1,0,-1.1514999068136607,0.04715738667321252,0.75
sub63,NB,32.0,EM,1,1.883517499998561,0.6331410393191987,4,1,1,-1.0896466001171259,0.0543212377210205,0.75
sub63,NB,37.0,BB,1,3.2790778999988106,1.1875622548230116,4,1,0,-0.682586498241999,0.10146694573702097,0.75
sub63,NB,10.0,BB,1,2.1966193999978714,0.7869195421631506,4,1,0,-0.9983203548962152,0.06489864501677053,0.75
sub63,NB,20.0,EM,1,2.97856569999567,1.091441875924803,4,1,1,-0.7702405523037043,0.09131485168463065,0.75
sub63,NB,4.0,EM,0,2.838626099997782,1.0433201675133987,4,1,1,-0.8110584401081264,0.08658732321551162,0.75
sub63,NB,33.0,BB,1,2.7405543999993824,1.0081602356990564,4,1,0,-0.8396642075062328,0.08327420274236225,0.75
sub63,NB,19.0,BB,0,8.048614699997415,2.08549998966497,3,1,0,0.7086024002852537,0.2625944679454924,0.5
sub63,NB,1.0,EM,1,3.3593916000027093,1.2117598861519376,3,1,1,-0.6591604230212135,0.1041801541729065,0.5
sub63,NB,17.0,BB,0,3.777968000002147,1.32918629895402,1,1,0,-0.5370691455485476,0.11832076803437648,0.0
sub63,NB,35.0,EM,1,4.32518490000075,1.4644548909152857,4,1,1,-0.37745572640797687,0.1368071969906226,0.75
sub63,NB,7.0,EM,1,5.055806600001233,1.6205374045309113,3,1,1,-0.1643463951068579,0.16148952341545564,0.5
sub63,NB,6.0,BB,1,5.193081199999142,1.6473272011734297,4,1,0,-0.12430584031610423,0.16612702116153205,0.75
sub63,NB,2.0,BB,1,3.205722300001071,1.1649374315963914,4,1,0,-0.7039830196739525,0.09898880025594302,0.75
sub63,NB,15.0,BB,1,3.447268500000064,1.2375821783218943,4,1,0,-0.6335282971272808,0.10714886743578342,0.75
sub63,NB,9.0,EM,1,7.850884999999835,2.0606262642932522,2,1,1,0.6509281700443131,0.2559146376048094,0.25
sub63,NB,27.0,BB,1,5.780071699999098,1.7544160874514814,4,1,0,0.0469088292386289,0.18595710714072655,0.75
sub63,NB,8.0,BB,0,4.802561999997124,1.5691495255193815,4,1,0,-0.2382133324869813,0.15293425345478573,0.75
sub63,NB,11.0,EM,1,2.441853700001957,0.8927574639847341,4,1,1,-0.9267898792944995,0.07318330593398974,0.75
sub63,NB,24.0,BB,1,1.7616468999985955,0.5662491101551504,4,1,0,-1.1251940825847855,0.05020412768885555,0.75
sub64,NB,13.0,BB,1,3.7297435000000405,1.3163394645351612,5,1,0,-0.5511353729104955,0.11669161733884477,1.0
sub64,NB,33.0,BB,1,4.741117099998519,1.5562727830451428,5,1,0,-0.2561357149600973,0.1508584828078069,1.0
sub64,NB,15.0,BB,1,3.080409599999257,1.12506257515624,5,1,0,-0.7405345013790628,0.09475540701478977,1.0
sub64,NB,16.0,EM,1,9.490298199998506,2.2502700346780538,2,1,1,1.1291157885857734,0.311298335827187,0.25
sub64,NB,5.0,EM,1,5.415934999997262,1.6893455340603452,3,1,1,-0.05930335777899752,0.17365560980947997,0.5
sub64,NB,36.0,BB,1,4.754271600002539,1.559043498143822,4,1,0,-0.2522987817024956,0.15130287648384266,0.75
sub64,NB,34.0,BB,1,6.308430199998838,1.8418868658873926,3,1,0,0.20102158912809343,0.2038064496476903,0.5
sub64,NB,2.0,BB,1,3.9871674999958486,1.3830810790532138,4,1,0,-0.47604937902346806,0.1253880784451581,0.75
sub64,NB,10.0,BB,1,6.162614000000758,1.8185010381836286,4,1,0,0.15848960181586255,0.19888039414402953,0.75
sub64,NB,38.0,EM,1,7.140233399994031,1.9657454648920112,3,1,1,0.4436437610742444,0.23190695378476756,0.5
sub64,NB,20.0,EM,1,6.093913900003827,1.8072905518132028,2,1,1,0.13845100678007816,0.19655952372156354,0.25
sub64,NB,3.0,BB,1,14.126100299996324,2.6480241713435366,4,1,0,2.4812966580756943,0.4679079474401418,0.75
sub64,NB,6.0,BB,1,4.6971198999963235,1.5469495336503531,3,1,0,-0.26896891423625247,0.1493721414464264,0.5
sub64,NB,26.0,EM,1,16.076923699998588,2.7773849332591665,2,1,1,3.0503170830928856,0.5338119028742968,0.25
sub64,NB,24.0,BB,1,5.234065399999963,1.6551882992534208,3,1,0,-0.1123514794531836,0.16751157544274248,0.5
sub64,NB,9.0,EM,0,11.84724560000177,2.4720954017446353,1,1,1,1.8165953478792822,0.3909222302352008,0.0
sub64,NB,22.0,EM,1,4.41230319999886,1.4843968206979496,3,1,1,-0.35204487061670314,0.13975028274639534,0.5
sub64,NB,12.0,EM,1,8.693773399994825,2.1626070682741836,4,1,1,0.8967836973086739,0.2843896290105777,0.75
sub64,NB,21.0,BB,1,8.693166500001098,2.1625372572554,3,1,0,0.8966066753945564,0.2843691263294332,0.5
sub64,NB,31.0,EM,1,3.2115482999943197,1.1667531573019205,4,1,1,-0.7022836792865527,0.09918561788890458,0.75
sub64,NB,35.0,EM,1,3.7743642999994336,1.3282319711694186,4,1,1,-0.5381202806267797,0.11819902555149638,0.75
sub64,NB,37.0,BB,1,5.6051048999943305,1.7236777717806295,5,1,0,-0.004125868675336689,0.1800462675486048,1.0
sub64,NB,25.0,BB,1,19.399902699995437,2.9652680505925524,2,1,0,4.019570846862181,0.6460708905018654,0.25
sub64,NB,28.0,EM,1,3.543976900000416,1.2652495146630185,5,1,1,-0.605320180046632,0.11041593204231022,1.0
sub64,NB,8.0,BB,1,8.116510699997889,2.0939003450698572,5,1,0,0.728406453679934,0.26488817375104273,1.0
sub64,NB,14.0,BB,1,5.46252149999782,1.697910496340337,4,1,0,-0.04571490583078425,0.1752294245483571,0.75
sub64,NB,32.0,EM,1,8.000042300001951,2.079446829166101,3,1,1,0.6944346966943022,0.2609535642713683,0.5
sub64,NB,19.0,BB,1,11.306101000001945,2.4253424915231165,3,1,0,1.6587531104490254,0.3726409395751745,0.5
sub64,NB,18.0,EM,1,2.53739580000547,0.9311382794875018,4,1,1,-0.8989219511412023,0.07641096985308657,0.75
sub64,NB,4.0,EM,1,11.142992700006289,2.4108108429454607,3,1,1,1.6111773256869335,0.3671307113639269,0.5
sub64,NB,30.0,EM,1,10.783224900005735,2.377991676587351,4,1,1,1.506239468952399,0.3549768069880346,0.75
sub64,NB,17.0,BB,1,3.046286999997392,1.113923471963907,4,1,0,-0.7504874557857664,0.09360265566383827,0.75
sub64,NB,7.0,EM,1,5.397506499997689,1.6859370876669042,5,1,1,-0.06467862286048767,0.173033046515084,1.0
sub64,NB,39.0,BB,1,5.153699700000288,1.6397148451078207,4,1,0,-0.13579272214617463,0.16479661030996462,0.75
sub64,NB,23.0,EM,1,3.8270888999977615,1.342104435857001,3,1,1,-0.5227414542810043,0.11998020148396131,0.5
sub64,NB,11.0,EM,1,4.335456000000704,1.4668267950119733,5,1,1,-0.3744598295536735,0.1371541818159307,1.0
sub64,NB,1.0,EM,1,9.817814699999872,2.2841985619600838,3,1,1,1.2246465157806101,0.3223627062976332,0.5
sub64,NB,40.0,EM,1,13.346279299999878,2.591237641881188,2,1,1,2.253836767623902,0.4415635390071056,0.25
sub64,NB,27.0,BB,1,4.946428499999456,1.598665801011646,3,1,0,-0.1962500379227641,0.15779444295456851,0.5
sub64,NB,29.0,BB,1,4.381455799994001,1.4773810435920651,4,1,0,-0.36104250754345923,0.13870817628243892,0.75
sub65,NB,26.0,EM,1,3.3654481999983545,1.2135611488773994,5,1,1,-0.6573938207220626,0.1043847620816465,1.0
sub65,NB,10.0,BB,1,6.230533499998273,1.829461963161593,4,1,0,0.17830050974094505,0.20117489384140919,0.75
sub65,NB,7.0,EM,1,7.940857499997946,2.072021266908586,3,1,1,0.6771715451180002,0.2589541457582221,0.5
sub65,NB,15.0,BB,1,3.670018800003163,1.300196784670024,5,1,0,-0.568556003694506,0.1146739595811472,1.0
sub65,NB,2.0,BB,1,9.029493999994884,2.2004963304208527,4,1,0,0.9947074142883031,0.2957311555991485,0.75
sub65,NB,36.0,BB,1,6.280473099999654,1.8374453120374636,5,1,0,0.19286700121215714,0.20286198513469933,1.0
sub65,NB,39.0,BB,1,10.870569400001841,2.3860590824660535,4,1,0,1.5317163032525416,0.35792753437584185,0.75
sub65,NB,3.0,BB,1,3.1620476999960374,1.1512198240612381,5,1,0,-0.7167221222791863,0.09751335717261066,1.0
sub65,NB,4.0,EM,0,5.267932499999006,1.6616379705869109,3,1,1,-0.10247304984467438,0.16865569533028246,0.5
sub65,NB,24.0,BB,1,4.925550699997984,1.5944360856314426,4,1,0,-0.20233972017193522,0.1570891358514968,0.75
sub65,NB,32.0,EM,1,4.926217199994426,1.5945713912952024,5,1,1,-0.20214531399900915,0.1571116519777962,1.0
sub65,NB,33.0,BB,1,7.091223100003845,1.9588578362446187,5,1,0,0.42934832985755733,0.230251256694829,1.0
sub65,NB,22.0,EM,1,5.393616900000779,1.6852161988361165,5,1,1,-0.06581314987271543,0.17290164557697102,1.0
sub65,NB,17.0,BB,1,10.348582599996007,2.3368495634730113,1,1,0,1.3794620547171086,0.34029344468593875,0.0
sub65,NB,40.0,EM,1,4.460192099999404,1.4951918368531567,5,1,1,-0.33807653179531955,0.14136809598947153,1.0
sub65,NB,21.0,BB,1,4.837357899996277,1.5763686832466839,4,1,0,-0.22806398846827058,0.15410975065398524,0.75
sub65,NB,37.0,BB,1,3.251238500000909,1.1790360006736333,5,1,0,-0.6907067551647995,0.10052645744024681,1.0
sub65,NB,25.0,BB,0,5.95013900000049,1.7834145806292867,5,1,0,0.09651443030339263,0.19170242871113924,1.0
sub65,NB,11.0,EM,1,3.449779900001886,1.2383104319072442,5,1,1,-0.6327957664961517,0.107233709146108,1.0
sub65,NB,38.0,EM,1,6.221153200000117,1.8279552914955537,4,1,1,0.17556444337443877,0.20085800258767667,0.75
sub65,NB,28.0,EM,1,2.8597444999977597,1.050732285175974,5,1,1,-0.8048985791265244,0.08730075842058325,1.0
sub65,NB,5.0,EM,1,4.837814400001662,1.5764630484924012,4,1,1,-0.2279308355508492,0.15412517242717627,0.75
sub65,NB,8.0,BB,1,3.4157731000013882,1.2284038510040158,5,1,0,-0.6427149441058396,0.10608486982436909,1.0
sub65,NB,35.0,EM,1,4.069593000000168,1.4035429944542115,5,1,1,-0.4520073293716862,0.12817262905025967,1.0
sub65,NB,19.0,BB,1,5.0437307999964105,1.618146046336715,4,1,0,-0.16786869079551878,0.16108157106807824,0.75
sub65,NB,34.0,BB,1,3.5425103999950807,1.264835628356817,5,1,0,-0.6057479319673454,0.11036638980747968,1.0
sub65,NB,30.0,EM,1,9.24211440000363,2.223770690644958,5,1,1,1.0567249963924348,0.30291403302749603,1.0
sub65,NB,31.0,EM,1,4.748677899995528,1.5578662424606147,5,1,1,-0.25393036432314936,0.15111390655659362,1.0
sub65,NB,1.0,EM,0,6.574828799995885,1.8832485397013934,5,1,1,0.2787253139214951,0.21280609639270381,1.0
sub65,NB,23.0,EM,1,4.947991799999727,1.5989817972935665,4,1,1,-0.19579405116835957,0.1578472553483239,0.75
sub65,NB,27.0,BB,1,4.450432099998579,1.4930011925874163,4,1,0,-0.3409233498869163,0.14103837746902986,0.75
sub65,NB,14.0,BB,1,4.778489100004663,1.5641244086719326,3,1,0,-0.24523496847160747,0.15212100745400875,0.5
sub65,NB,16.0,EM,1,3.25364169999375,1.1797748920992375,5,1,1,-0.6900057845483274,0.10060764386912979,1.0
sub65,NB,6.0,BB,1,4.346261099999538,1.4693159582623645,5,1,0,-0.37130817441478065,0.1375192065684449,1.0
sub65,NB,9.0,EM,1,4.927270200001658,1.5947851227323058,5,1,1,-0.20183817265978918,0.1571472250929991,1.0
sub65,NB,12.0,EM,1,3.805104899998696,1.3363435599214624,5,1,1,-0.5291537953586394,0.11923752402981493,1.0
sub65,NB,20.0,EM,1,3.765197900000203,1.3258004229515297,5,1,1,-0.5407939561749784,0.1178893604034157,1.0
sub65,NB,18.0,EM,1,5.950469000003068,1.7834700399810546,3,1,1,0.09661068542403659,0.1917135769808715,0.5
sub65,NB,13.0,BB,1,8.147662799994578,2.0977311131187295,3,1,0,0.7374929661650074,0.26594057378369546,0.5
sub65,NB,29.0,BB,0,6.793726700001571,1.9159996422589174,3,1,0,0.34257393091904675,0.22020104431397036,0.5
sub66,NB,34.0,BB,1,14.111467800001265,2.6469877859683537,4,1,0,2.4770286185564623,0.4674136230294527,0.75
sub66,NB,21.0,BB,1,9.00517669999681,2.1977996008670297,5,1,0,0.9876144911768833,0.29490965312211737,1.0
sub66,NB,25.0,BB,1,13.827986799995415,2.626694567473691,4,1,0,2.3943422620633834,0.4578368877950929,0.75
sub66,NB,39.0,BB,1,6.496186600008514,1.87121532781758,5,1,0,0.2557867854718933,0.21014935563226106,1.0
sub66,NB,37.0,BB,1,3.265588599999319,1.1834400221313257,5,1,0,-0.6865210866926431,0.1010112416348437,1.0
sub66,NB,28.0,EM,1,2.564569100009976,0.9417904723116232,5,1,1,-0.8909959837175669,0.07732895553671831,1.0
sub66,NB,27.0,BB,1,5.314993699998013,1.6705318264682818,3,1,0,-0.08874613636535951,0.1702455466860786,0.5
sub66,NB,7.0,EM,1,29.876560500008054,3.397074243197404,3,1,1,7.075425248709079,1.0,0.5
sub66,NB,3.0,BB,1,15.228545600009966,2.7231716666156096,2,1,0,2.8028603081586487,0.5051514549358016,0.25
sub66,NB,9.0,EM,1,7.3007125000003725,1.987971946131285,2,1,1,0.4904526550478756,0.23732836069167618,0.25
sub66,NB,19.0,BB,1,5.123376499992446,1.633813694349655,4,1,0,-0.14463745927426308,0.1637722127033256,0.75
sub66,NB,1.0,EM,0,7.303544399997918,1.9883597645670235,2,1,1,0.49127866981692525,0.23742402973646615,0.25
sub66,NB,17.0,BB,1,8.294808500009822,2.1156298371805975,3,1,0,0.7804127449425374,0.2709115433015518,0.5
sub66,NB,36.0,BB,0,18.88084960001288,2.938148159705567,1,1,0,3.8681723063493787,0.628535908929894,0.0
sub66,NB,6.0,BB,1,13.530152899998939,2.6049207429317724,4,1,0,2.3074694203903108,0.44777527377502035,0.75
sub66,NB,20.0,EM,1,7.005361999996239,1.946675855826509,5,1,1,0.4043041769020851,0.22735064246781989,1.0
sub66,NB,40.0,EM,1,15.87415959998907,2.7646926047940936,3,1,1,2.9911744080739626,0.5269619972341152,0.5
sub66,NB,2.0,BB,0,10.078787300008116,2.3104329478668126,4,1,0,1.3007675730605055,0.33117904846395074,0.75
sub66,NB,23.0,EM,1,27.867887700005667,3.3274750474484596,1,1,1,6.489531184501882,0.9321417393839938,0.0
sub66,NB,4.0,EM,0,5.100362400000449,1.629311596029339,5,1,1,-0.15135026216499062,0.1629947357568075,1.0
sub66,NB,26.0,EM,1,2.6321584999968763,0.9678042320134523,5,1,1,-0.8712813600836908,0.0796123035858307,1.0
sub66,NB,5.0,EM,0,9.155921800003853,2.214400861206736,1,1,1,1.0315841507960817,0.3000022198571534,0.0
sub66,NB,8.0,BB,1,7.260517100003199,1.9824510521960184,4,1,0,0.4787283730907793,0.23597045415330437,0.75
sub66,NB,33.0,BB,1,5.563321999987238,1.7161954118532723,5,1,0,-0.01631319609844373,0.17863473107637778,1.0
sub66,NB,30.0,EM,1,9.872365899995202,2.2897395309003126,5,1,1,1.2405581287982235,0.32420558959161444,1.0
sub66,NB,12.0,EM,0,16.598054700007197,2.8092855017490397,4,1,1,3.2023217100182073,0.551417081385014,0.75
sub66,NB,13.0,BB,0,9.43701009999495,2.244639203293466,2,1,0,1.1135725993292027,0.3094981233795605,0.25
sub66,NB,29.0,BB,1,4.286869300005492,1.4555566996319567,5,1,0,-0.38863170419974674,0.13551279505013047,1.0
sub66,NB,18.0,EM,1,4.912816900003236,1.5918474840212806,2,1,1,-0.20605394273307903,0.15665895453044004,0.25
sub66,NB,22.0,EM,0,6.805800600006478,1.9177752779719615,3,1,1,0.34609567241158745,0.22060893247434354,0.5
sub66,NB,16.0,EM,1,23.78898150000896,3.1692225112928516,2,1,1,5.299786925987918,0.7943455388543252,0.25
sub66,NB,32.0,EM,1,5.097225499994238,1.628696372088949,5,1,1,-0.15226524000192282,0.1628887630079618,1.0
sub66,NB,11.0,EM,1,3.613648700003978,1.284717982133722,4,1,1,-0.5849981574331584,0.11276962905170981,0.75
sub66,NB,15.0,BB,0,23.632406700009597,3.1626189353569845,3,1,0,5.25411684675752,0.7890560294906086,0.5
sub66,NB,10.0,BB,1,4.178820299988729,1.4300289818206486,3,1,0,-0.4201476722326038,0.1318626150892988,0.5
sub66,NB,14.0,BB,1,19.00945079998928,2.944936266024584,2,1,0,3.905682984900911,0.6328803963663343,0.25
sub66,NB,31.0,EM,1,4.801978400006192,1.5690279996644534,4,1,1,-0.23838355820545482,0.15291453790913784,0.75
sub67,NB,11.0,EM,1,5.3198906000034185,1.671452739232981,5,1,1,-0.08731779788923735,0.1704109768730045,1.0
sub67,NB,28.0,EM,1,2.5929497000033734,0.9527961079894228,5,1,1,-0.882717868399457,0.07828772699555836,1.0
sub67,NB,27.0,BB,1,3.5940254000015557,1.279272855671273,5,1,0,-0.5907219243859257,0.11210670226457511,1.0
sub67,NB,19.0,BB,1,2.843881299995701,1.0451697740783157,5,1,0,-0.8095255919085598,0.08676485772040837,1.0
sub67,NB,12.0,EM,1,5.321542099991348,1.671763129769246,5,1,1,-0.08683608477002511,0.1704667688947753,1.0
sub67,NB,4.0,EM,1,24.07517209999787,3.181181106152839,3,1,1,5.383263624515026,0.80401381151669,0.5
sub67,NB,37.0,BB,1,2.7431460000079824,1.0091054369363606,5,1,0,-0.8389082839621712,0.08336175382026594,1.0
sub67,NB,26.0,EM,1,10.935068899998441,2.3919749549775084,5,1,1,1.5505296581166566,0.3601064974605046,1.0
sub67,NB,33.0,BB,1,7.16275719999976,1.9688949906456665,5,1,0,0.4502135521953921,0.23266786710566767,1.0
sub67,NB,8.0,BB,0,4.0622868000064045,1.4017460662803092,5,1,0,-0.4541384177242798,0.12792580636052703,1.0
sub67,NB,16.0,EM,1,8.490830800001277,2.138986851837322,5,1,1,0.8375889570250128,0.2775336931705366,1.0
sub67,NB,15.0,BB,1,4.500759400005336,1.5042461380953982,4,1,0,-0.32624377323237186,0.14273856629020293,0.75
sub67,NB,38.0,EM,1,5.594637699992745,1.7218085854210836,5,1,1,-0.0071789644059062,0.17969265794846162,1.0
sub67,NB,14.0,BB,0,14.9870848999999,2.707188823556395,2,1,0,2.732430524435265,0.4969942761709042,0.25
sub67,NB,17.0,BB,1,6.588389199998346,1.885308887680056,5,1,0,0.2826806409761094,0.21326420244035044,1.0
sub67,NB,40.0,EM,1,13.366849199999706,2.5927777014115003,5,1,1,2.259836640928912,0.4422584444367166,1.0
sub67,NB,34.0,BB,1,5.102738000001409,1.6297772584164085,5,1,0,-0.15065734197435962,0.16307498978523083,1.0
sub67,NB,13.0,BB,0,9.847664100001566,2.287234279852189,2,1,0,1.2333530538893147,0.32337109769146494,0.25
sub67,NB,6.0,BB,1,4.61885970000003,1.5301478564472155,5,1,0,-0.291796020095127,0.14672830565236233,1.0
sub67,NB,20.0,EM,1,3.062931899999967,1.119372594498669,5,1,1,-0.7456324350423086,0.09416496425003545,1.0
sub67,NB,2.0,BB,1,4.741660500003491,1.5563873908169346,5,1,0,-0.2559772148612247,0.1508768402919905,1.0
sub67,NB,35.0,EM,1,4.503992899990408,1.504964314457463,5,1,1,-0.3253006189028736,0.14284780244090334,1.0
sub67,NB,39.0,BB,1,4.778716399989207,1.5641719748741216,5,1,0,-0.24516866911626256,0.15212868624648768,1.0
sub67,NB,22.0,EM,1,2.6389103999972576,0.9703661046891151,5,1,1,-0.8693119511623677,0.07984040056104665,1.0
sub67,NB,30.0,EM,1,17.25334730000759,2.8480061710300575,4,1,1,3.393458885101514,0.5735545922979481,0.75
sub67,NB,7.0,EM,0,25.897740599990357,3.254155729378645,3,1,1,5.914874380510399,0.8655849784398776,0.5
sub67,NB,32.0,EM,1,3.56414840000798,1.2709251473522443,5,1,1,-0.5994365129204714,0.11109737847028366,1.0
sub67,NB,10.0,BB,0,10.270661800008384,2.329291461981953,1,1,0,1.356733945793161,0.33766107471858436,0.0
sub67,NB,29.0,BB,1,9.852737599998363,2.28774934550275,2,1,0,1.2348329034361771,0.3235424938914919,0.25
sub67,NB,3.0,BB,0,29.703205199999502,3.3912549591776995,2,1,0,7.024860596629483,0.9941436011245175,0.25
sub67,NB,9.0,EM,1,7.922981199997594,2.0697675491414147,5,1,1,0.671957346936902,0.25835023723500594,1.0
sub67,NB,24.0,BB,1,3.993948300005286,1.3847802904945423,5,1,0,-0.47407154048445826,0.1256171517388398,1.0
sub67,NB,25.0,BB,1,2.7643542000005255,1.016807045307566,5,1,0,-0.8327222299228397,0.08407822270573531,1.0
sub67,NB,21.0,BB,1,3.615842799990787,1.2853249681310568,5,1,0,-0.5843581775625956,0.11284375153135025,1.0
sub67,NB,18.0,EM,1,4.509294499992393,1.5061407111212166,5,1,1,-0.3237542366488996,0.14302690446021482,1.0
sub67,NB,23.0,EM,1,4.517160200004582,1.5078835220618454,3,1,1,-0.321459952110387,0.1432926285350138,0.5
sub67,NB,5.0,EM,1,15.939654999994673,2.768810029463768,1,1,1,3.0102782492252507,0.5291746044455657,0.0
sub67,NB,36.0,BB,0,15.095814400003292,2.7144175133432986,2,1,0,2.7641449821887267,0.5006674452145978,0.25
sub67,NB,31.0,EM,1,3.141582299998845,1.1447265901936132,5,1,1,-0.7226915147954621,0.09682198202847635,1.0
sub67,NB,1.0,EM,1,5.82289129999117,1.7617969253256314,5,1,1,0.059398543574906856,0.18740366607044956,1.0
sub68,NB,15.0,BB,1,20.609123100002762,3.025733846690207,3,1,0,4.372278891040258,0.6869215422584833,0.5
sub68,NB,1.0,EM,1,7.398872100005974,2.0013275696750688,4,1,1,0.5190840613118357,0.24064445065871065,0.75
sub68,NB,35.0,EM,1,7.107215199997881,1.961110493391658,5,1,1,0.4340129404704471,0.2307915119764215,1.0
sub68,NB,38.0,EM,1,4.7048825999954715,1.5486008205465362,5,1,1,-0.2667046729662374,0.14963438590935008,1.0
sub68,NB,14.0,BB,1,2.6912564000085695,0.990008147773894,5,1,0,-0.8540435556867177,0.08160878638823006,1.0
sub68,NB,2.0,BB,1,2.5733751999941887,0.945218344664023,5,1,0,-0.8884274012637401,0.07762644880079728,1.0
sub68,NB,16.0,EM,0,5.4634846999979345,1.6980868096216915,4,1,1,-0.04543395755353823,0.1752619639826707,0.75
sub68,NB,24.0,BB,1,4.613053000008222,1.5288898937809206,5,1,0,-0.29348973101600395,0.14653214002431048,1.0
sub68,NB,22.0,EM,1,2.990289200010011,1.0953701051366591,5,1,1,-0.7668210162448065,0.09171090240991749,1.0
sub68,NB,34.0,BB,1,3.809427500003949,1.337478915381919,5,1,0,-0.5278929699593924,0.11938355284928957,1.0
sub68,NB,28.0,EM,1,2.4945791000063764,0.9141200175802425,5,1,1,-0.9114108196012021,0.0749645088927687,1.0
sub68,NB,21.0,BB,1,4.452758600004017,1.4935238142265082,5,1,0,-0.34024475129009035,0.1411169727702118,1.0
sub68,NB,25.0,BB,1,4.545679100003326,1.5141771334102687,5,1,0,-0.3131414971450174,0.1442560721324948,1.0
sub68,NB,27.0,BB,1,2.990998799999943,1.0956073784441005,5,1,0,-0.7666140385717568,0.09173487456757794,1.0
sub68,NB,7.0,EM,1,2.933098900000914,1.0760595091680076,5,1,1,-0.7835024077116093,0.08977886336268179,1.0
sub68,NB,4.0,EM,1,10.020103500006371,2.304593424945325,5,1,1,1.2836505542577896,0.3291965550511603,1.0
sub68,NB,23.0,EM,1,3.027747400003136,1.1078189106962153,5,1,1,-0.7558951267560694,0.09297633911884139,1.0
sub68,NB,40.0,EM,1,4.894773199994233,1.5881679419150394,5,1,1,-0.2113169685138818,0.15604939079378444,1.0
sub68,NB,20.0,EM,1,5.11517289999756,1.6322112013733643,5,1,1,-0.14703030321685442,0.16349507347664727,1.0
sub68,NB,31.0,EM,1,3.0318133999971906,1.1091609223496974,5,1,1,-0.7547091470078595,0.09311369931372275,1.0
sub68,NB,5.0,EM,1,4.864941299994825,1.582054649788162,5,1,1,-0.22001840218374336,0.15504159059614747,1.0
sub68,NB,37.0,BB,1,3.351166299995384,1.20930843449944,5,1,0,-0.6615595964707716,0.1039022818626222,1.0
sub68,NB,33.0,BB,1,3.155400200004806,1.1491153342261438,5,1,0,-0.718661079578093,0.09728878710482791,1.0
sub68,NB,39.0,BB,1,5.182948300003773,1.6453740642405463,5,1,0,-0.12726142669158808,0.16578470509657567,1.0
sub68,NB,32.0,EM,1,3.7220505000004778,1.3142747261023506,5,1,1,-0.5533792839325815,0.11643172752558666,1.0
sub68,NB,8.0,BB,1,12.74628940000548,2.545240201797178,3,1,0,2.0788304047207102,0.4212942990389322,0.5
sub68,NB,10.0,BB,1,4.311708500012173,1.461334229283582,5,1,0,-0.3813865521552959,0.13635192868480933,1.0
sub68,NB,36.0,BB,0,7.829966300007072,2.0579582060352215,2,1,0,0.6448265579964594,0.2552079487922486,0.25
sub68,NB,11.0,EM,1,2.1427541000011843,0.7620919642245819,5,1,1,-1.0140319031059393,0.06307893323228767,1.0
sub68,NB,3.0,BB,1,2.2398095999960788,0.806390862252493,5,1,0,-0.9857225431416868,0.06635772379133864,1.0
sub68,NB,13.0,BB,1,3.864103799991426,1.3517297793412766,5,1,0,-0.511944867503165,0.12123066235068013,1.0
sub68,NB,19.0,BB,1,3.373357299991767,1.2159084799066135,5,1,0,-0.6550868771823503,0.10465195232218263,1.0
sub68,NB,6.0,BB,1,3.739076700003352,1.318838709291759,5,1,0,-0.5484130447732338,0.1170069174306294,1.0
sub68,NB,26.0,EM,1,11.518892100008088,2.443988478768636,5,1,1,1.7208204827007785,0.3798295836992779,1.0
sub68,NB,30.0,EM,1,9.880464299989399,2.290559504581649,5,1,1,1.2429202877751209,0.32447917488503714,1.0
sub68,NB,29.0,BB,1,4.6173799999960465,1.5298274446639128,5,1,0,-0.2922276222202418,0.14667831748679167,1.0
sub68,NB,17.0,BB,1,3.088635099993553,1.1277292781123096,5,1,0,-0.7381352695968688,0.09503328608116098,1.0
sub68,NB,9.0,EM,1,3.226975500001572,1.1715453208506017,5,1,1,-0.6977838399341326,0.09970678936026922,1.0
sub68,NB,18.0,EM,1,2.6589115999959176,0.9779168661256553,5,1,1,-0.8634779575143121,0.0805160938059297,1.0
sub68,NB,12.0,EM,1,3.1096446000010474,1.1345084431340886,5,1,1,-0.7320071728026386,0.09574304235750367,1.0
sub69,NB,1.0,EM,0,3.8897046000056434,1.358333216445005,5,1,1,-0.5044775703070923,0.1220955248406491,1.0
sub69,NB,9.0,EM,1,5.505491900010384,1.7057461213162959,3,1,1,-0.03318120581556018,0.17668107790017384,0.5
sub69,NB,40.0,EM,1,4.213256899995031,1.4382359590620908,5,1,1,-0.4101031296196178,0.13302597418788076,1.0
sub69,NB,13.0,BB,0,5.527583699993556,1.7097507761031234,3,1,0,-0.026737421403396015,0.17742739712186745,0.5
sub69,NB,38.0,EM,0,4.273675000004005,1.4524741128273926,5,1,1,-0.3924802464074329,0.13506705682529585,1.0
sub69,NB,4.0,EM,1,6.9579123000003165,1.939879472453754,5,1,1,0.3904639448961604,0.22574766655831846,1.0
sub69,NB,33.0,BB,1,7.777586299998802,2.051246045838515,4,1,0,0.629548245327526,0.25343841435556813,0.75
sub69,NB,34.0,BB,0,3.8166286000050604,1.3393674674845994,5,1,0,-0.5257925374019302,0.1196268249843017,1.0
sub69,NB,32.0,EM,1,3.605896199995186,1.282570339007747,5,1,1,-0.5872594235477352,0.11250772917134028,1.0
sub69,NB,10.0,BB,1,3.4918655999936163,1.250436149262338,4,1,0,-0.6205201177129699,0.10865547499978138,0.75
sub69,NB,36.0,BB,1,3.347571499994956,1.2082351575768797,5,1,0,-0.6626081355769218,0.10378084004527335,1.0
sub69,NB,24.0,BB,1,2.9317317999957595,1.0755933064420138,5,1,0,-0.7839011664234297,0.08973267912180502,1.0
sub69,NB,7.0,EM,1,3.9823743000015384,1.3818781992158158,5,1,1,-0.4774474700541332,0.12522615151788646,1.0
sub69,NB,28.0,EM,1,2.9370420999912312,1.0774029864655454,4,1,1,-0.7823522465363766,0.0899120750498235,0.75
sub69,NB,29.0,BB,1,7.445646899999701,2.0076295528917263,4,1,0,0.5327274370128315,0.24222462666758188,0.75
sub69,NB,27.0,BB,1,4.412311899999622,1.4843987924555082,5,1,0,-0.3520423329815018,0.13975057665534812,1.0
sub69,NB,15.0,BB,1,9.62475170000107,2.264338082438603,1,1,0,1.1683334787756796,0.31584052938100887,0.0
sub69,NB,23.0,EM,1,4.931334099994274,1.5956095599648261,2,1,1,-0.20065280544457995,0.1572845143442978,0.25
sub69,NB,25.0,BB,1,2.899104800002533,1.0644019996836709,5,1,0,-0.793417880956975,0.08863045308048254,1.0
sub69,NB,30.0,EM,1,5.8459834000095725,1.765754827138251,2,1,1,0.06613409768349283,0.1881837780634122,0.25
sub69,NB,8.0,BB,1,3.7379073000047356,1.3185259093691835,1,1,0,-0.5487541379158664,0.11696741201696999,0.0
sub69,NB,35.0,EM,0,8.581985900003929,2.1496653435947755,2,1,1,0.8641772754478559,0.2806131526685946,0.25
sub69,NB,17.0,BB,1,3.6512005000113277,1.2950560176299921,5,1,0,-0.5740449664880848,0.11403822781577724,1.0
sub69,NB,19.0,BB,1,3.8453421000012895,1.346862571691915,2,1,0,-0.5174173210847759,0.12059684268252487,0.25
sub69,NB,18.0,EM,0,4.8063737000047695,1.5699428912628066,2,1,1,-0.2371015275135604,0.15306302272597244,0.25
sub69,NB,39.0,BB,1,5.690824000004795,1.7388550531200642,4,1,0,0.02087686541119787,0.18294208464149958,0.75
sub69,NB,21.0,BB,1,5.114760900003603,1.6321306534436837,5,1,0,-0.14715047627386643,0.1634811550311126,1.0
sub69,NB,6.0,BB,1,4.2772989999939455,1.4533217356144383,5,1,0,-0.391423190184642,0.1351894850952408,1.0
sub69,NB,16.0,EM,1,2.737020799992024,1.006870029588315,5,1,1,-0.8406948956648973,0.08315482842205893,1.0
sub69,NB,20.0,EM,1,2.516240500001004,0.922765922505623,4,1,1,-0.9050925751966107,0.07569628806862115,0.75
sub69,NB,3.0,BB,0,2.663394100003643,0.979601286871185,5,1,0,-0.8621704921335235,0.08066752446887047,1.0
sub69,NB,22.0,EM,1,4.849477899988415,1.578871049667845,5,1,1,-0.22452880043088783,0.1545191961934138,1.0
sub69,NB,37.0,BB,1,3.417086000001291,1.2287881410930825,5,1,0,-0.642331994569788,0.1061292230462358,1.0
sub69,NB,31.0,EM,1,3.3051736000052188,1.1954889984007995,3,1,1,-0.6749748475365839,0.10234852725293031,0.5
sub69,NB,14.0,BB,1,3.1520720000116853,1.1480600143780446,1,1,0,-0.7196318562125262,0.0971763517382938,0.0
sub69,NB,12.0,EM,1,7.8921738999924855,2.065871622888774,1,1,1,0.6629714064655511,0.2573094854547162,0.0
sub69,NB,2.0,BB,0,2.658647500007646,0.9778175348409355,4,1,0,-0.863554990775023,0.08050717181234628,0.75
sub69,NB,5.0,EM,1,4.61187730000529,1.5286349975440794,5,1,1,-0.2938326617576386,0.14649242177990301,1.0
sub69,NB,26.0,EM,1,2.0437991000071634,0.7148103798431804,5,1,1,-1.0428953133736798,0.05973597255753607,1.0
sub69,NB,11.0,EM,1,2.6267647000058787,0.9657529368424804,5,1,1,-0.8728546354315936,0.0794300868079168,1.0
sub70,NB,11.0,EM,1,5.42828290000034,1.6916228592586238,2,1,1,-0.05570169536926156,0.17407275441186032,0.25
sub70,NB,35.0,EM,1,6.997865800003638,1.9456052168544489,3,1,1,0.40211766893534695,0.2270974010774217,0.5
sub70,NB,36.0,BB,1,3.5699485999939498,1.2725511979271005,4,1,0,-0.5977446979354771,0.11129332451100886,0.75
sub70,NB,5.0,EM,1,6.166397400011192,1.8191147775997816,5,1,1,0.15959315218436063,0.1990082073667318,1.0
sub70,NB,10.0,BB,1,6.087948699991102,1.8063111941098058,5,1,0,0.13671106422733398,0.19635800354511196,1.0
sub70,NB,22.0,EM,1,6.866439799996442,1.9266457477461618,4,1,1,0.36378304654855537,0.2226574844517787,0.75
sub70,NB,20.0,EM,1,6.25458960000833,1.8333155302568855,1,1,1,0.18531724547005451,0.2019875722945078,0.0
sub70,NB,25.0,BB,0,6.253276800009189,1.8331056143588458,2,1,0,0.18493432510244306,0.20194322245093033,0.25
sub70,NB,3.0,BB,1,2.505421000008937,0.9184567842915002,5,1,0,-0.9082484305569433,0.0753307768463874,1.0
sub70,NB,2.0,BB,1,3.4167119999910938,1.2286786851183606,3,1,0,-0.6424410837086401,0.10611658834029349,0.5
sub70,NB,23.0,EM,1,2.4573386999982176,0.8990789350755866,3,1,1,-0.9222731807151954,0.07370643004130273,0.5
sub70,NB,18.0,EM,1,3.326962699997239,1.2020597856711899,4,1,1,-0.6686193553181765,0.103084620471221,0.75
sub70,NB,30.0,EM,1,6.022563099992112,1.795512932827197,1,1,1,0.11763924978150245,0.19414910566723947,0.0
sub70,NB,37.0,BB,1,2.8411239000124624,1.0441997133299228,5,1,0,-0.8103298763509152,0.08667170548243067,1.0
sub70,NB,4.0,EM,0,3.1123165000026347,1.1353673042304164,5,1,1,-0.7312278271814486,0.09583330618078409,1.0
sub70,NB,21.0,BB,1,2.7502562000008766,1.0116940709757003,4,1,0,-0.8368343653174035,0.08360195511345274,0.75
sub70,NB,6.0,BB,1,2.293980799993733,0.8302886490094387,5,1,0,-0.9699217693523625,0.06818776968398887,1.0
sub70,NB,14.0,BB,1,3.0102573999902233,1.1020255900515077,4,1,0,-0.7609966481141209,0.09238548082721282,0.75
sub70,NB,8.0,BB,1,14.554729299998144,2.677915978604719,4,1,0,2.606320099846716,0.4823881646211914,0.75
sub70,NB,12.0,EM,1,2.570517200001632,0.944107123796864,5,1,1,-0.8892610289362716,0.07752989802939476,1.0
sub70,NB,15.0,BB,1,2.721046099992236,1.0010164019553616,5,1,0,-0.8453544310095066,0.08261516095812611,1.0
sub70,NB,32.0,EM,1,1.9676318999991054,0.676830738452016,5,1,1,-1.0651119284301243,0.05716284381873295,1.0
sub70,NB,26.0,EM,1,5.462900999991689,1.6979799673368174,4,1,1,-0.04560421244469652,0.17524224505824193,0.75
sub70,NB,13.0,BB,1,3.788836599997012,1.3320590062707238,1,1,0,-0.5338989685922876,0.1186879379840974,0.0
sub70,NB,31.0,EM,1,2.2558788000023924,0.8135396087894639,2,1,1,-0.9810354438290232,0.06690058371452666,0.25
sub70,NB,29.0,BB,1,2.5006475999980466,0.916549738328306,3,1,0,-0.9096407462852509,0.07516951881473434,0.5
sub70,NB,39.0,BB,0,7.580382300002384,2.0255636337389755,3,1,0,0.5720273524097346,0.24677634354629552,0.5
sub70,NB,17.0,BB,1,4.615014900002279,1.5293150965524809,4,1,0,-0.2929174797458692,0.14659841817628183,0.75
sub70,NB,1.0,EM,1,1.939949899999192,0.6626621479990878,5,1,1,-1.0731862745781449,0.0562276729086852,1.0
sub70,NB,19.0,BB,0,4.085889299996779,1.4075394035166202,4,1,0,-0.44725398903843583,0.1287231610095939,0.75
sub70,NB,24.0,BB,1,3.126402199995937,1.1398828865495285,4,1,0,-0.7271192794795684,0.09630915824643821,0.75
sub70,NB,28.0,EM,1,5.898765099991579,1.774743023918134,5,1,1,0.0815295790770706,0.18996688298380066,1.0
sub70,NB,33.0,BB,1,4.000958199991146,1.3865338824301576,4,1,0,-0.4720268775645458,0.1258539646334696,0.75
sub70,NB,34.0,BB,1,4.401515800011111,1.4819489816002398,3,1,0,-0.3551913629777502,0.13938585594690023,0.5
sub70,NB,27.0,BB,1,2.2308379000023706,0.8023772548108412,3,1,0,-0.9883394281675384,0.06605463612253516,0.5
sub70,NB,16.0,EM,1,12.65322649999871,2.5379122419398743,4,1,1,2.0516856150308165,0.418150389029132,0.75
sub70,NB,7.0,EM,1,7.256210000006831,1.9818576539605788,5,1,1,0.4774720687679371,0.23582494896497685,1.0
sub70,NB,40.0,EM,1,3.454956499990658,1.2398098666890438,5,1,1,-0.6312858445187182,0.1074085883355621,1.0
sub70,NB,38.0,EM,1,5.307306899994728,1.6690845314547964,1,1,1,-0.0909882389590059,0.16998586632503354,0.0
sub70,NB,9.0,EM,1,3.7102283000131138,1.3110934111177326,4,1,1,-0.5568276090149239,0.1160323424551082,0.75
sub71,NB,20.0,EM,1,6.0953919000021415,1.8075330594719337,5,1,1,0.13888211304383094,0.19660945445646272,1.0
sub71,NB,7.0,EM,1,4.599067799994373,1.5258536307831863,5,1,1,-0.2975689646646374,0.1460596831128087,1.0
sub71,NB,16.0,EM,1,4.786885200010147,1.5658799285080491,5,1,1,-0.24278597570598762,0.15240464983833812,1.0
sub71,NB,40.0,EM,1,4.373857400001725,1.4756453199859823,5,1,1,-0.36325882542905064,0.13845148230672527,1.0
sub71,NB,33.0,BB,1,3.4294165000028443,1.232390130089129,5,1,0,-0.6387354074304548,0.10654577983071065,1.0
sub71,NB,27.0,BB,1,2.796187200001441,1.0282567749205407,5,1,0,-0.823437111039156,0.08515362533489865,1.0
sub71,NB,5.0,EM,1,3.2364112000068417,1.1744650615829473,5,1,1,-0.6950316143726969,0.10002555217223703,1.0
sub71,NB,24.0,BB,1,3.845910799995181,1.3470104539686578,5,1,0,-0.5172514414299434,0.12061605486700695,1.0
sub71,NB,31.0,EM,1,6.957279299997026,1.9397884927501432,2,1,1,0.39027931007431654,0.22572628215006985,0.25
sub71,NB,11.0,EM,1,3.2339853000012226,1.1737152156904171,5,1,1,-0.6957392061784159,0.09994359887710133,1.0
sub71,NB,15.0,BB,1,4.164590100001078,1.4266178554098086,5,1,0,-0.42429836800806114,0.13138188143303647,1.0
sub71,NB,38.0,EM,1,4.8092086000106065,1.5705325383584317,5,1,1,-0.2362746376955478,0.15315879311894842,1.0
sub71,NB,19.0,BB,1,2.6721226000081515,0.9828731378583795,5,1,0,-0.8596245442110604,0.0809623962011367,1.0
sub71,NB,18.0,EM,1,5.266647600001306,1.6613940311053417,2,1,1,-0.10284783227900172,0.16861228802227823,0.25
sub71,NB,14.0,BB,1,4.020937299996149,1.3915150346565692,5,1,0,-0.4661993300908512,0.12652891128232702,1.0
sub71,NB,3.0,BB,1,3.5153648999985307,1.2571433321073793,5,1,0,-0.6136657906240148,0.10944934328137772,1.0
sub71,NB,28.0,EM,1,4.9336796999996295,1.5960850990967752,5,1,1,-0.1999686357181115,0.15736375489381094,1.0
sub71,NB,34.0,BB,1,3.397710499993991,1.2231018224436776,5,1,0,-0.6479834826794044,0.10547466759596076,1.0
sub71,NB,1.0,EM,1,3.176083500002278,1.155648833971996,5,1,1,-0.7126281295143886,0.09798752348520097,1.0
sub71,NB,6.0,BB,1,3.35964850000164,1.2118363554080314,5,1,0,-0.6590854898691002,0.10418883293187595,1.0
sub71,NB,21.0,BB,1,6.8799126999947475,1.928605962910495,5,1,0,0.36771285141107696,0.22311263451869717,1.0
sub71,NB,17.0,BB,1,4.151489099996979,1.4234670891587462,5,1,0,-0.4281196962689759,0.13093929512798597,1.0
sub71,NB,13.0,BB,1,5.955031000004965,1.7842364085040354,2,1,0,0.09794133953655385,0.19186769336312076,0.25
sub71,NB,23.0,EM,1,5.231983300007414,1.6547904222551961,5,1,1,-0.11295879092109361,0.16744123661806043,1.0
sub71,NB,8.0,BB,0,2.9214850999996997,1.0720920828794447,5,1,0,-0.7868899462313687,0.08938651859292952,1.0
sub71,NB,29.0,BB,1,3.425714099998004,1.2313099463316275,5,1,0,-0.6398153315406205,0.10642070300165572,1.0
sub71,NB,4.0,EM,0,3.979415900001186,1.381135049732549,5,1,1,-0.47831038261996023,0.12512620896963766,1.0
sub71,NB,12.0,EM,1,2.950208599999314,1.0818758797159367,5,1,1,-0.778511813091412,0.09035687411761995,1.0
sub71,NB,37.0,BB,1,2.950402300004498,1.081941533936673,5,1,0,-0.7784553142513451,0.09036341781425042,1.0
sub71,NB,2.0,BB,1,3.338053999992553,1.2053880024582682,5,1,0,-0.6653842207399674,0.1034593138138358,1.0
sub71,NB,39.0,BB,1,4.646297400002368,1.5360706443534222,5,1,0,-0.2837929319033377,0.14765522346469107,1.0
sub71,NB,35.0,EM,1,3.5918427999858977,1.2786653855585368,5,1,1,-0.5913585499198161,0.11203296828426591,1.0
sub71,NB,22.0,EM,1,2.7925216000003275,1.0269449869358973,5,1,1,-0.8245063012439557,0.08502979170694824,1.0
sub71,NB,25.0,BB,1,2.300337699998636,0.8330559382435726,5,1,0,-0.9680675748914096,0.06840252251841869,1.0
sub71,NB,9.0,EM,0,7.408494799994514,2.002627287769195,5,1,1,0.5218908314363307,0.24096953082291228,1.0
sub71,NB,36.0,BB,1,4.748530900003971,1.5578352859986342,2,1,0,-0.253973241601366,0.15110894050949147,0.25
sub71,NB,30.0,EM,1,5.44554239998979,1.6947973657469404,2,1,1,-0.05066740676088746,0.17465582580526234,0.25
sub71,NB,10.0,BB,1,4.8737246000091545,1.583858449710252,5,1,0,-0.21745647007487012,0.15533831361715927,1.0
sub71,NB,26.0,EM,0,3.017026299989084,1.1042716774041208,5,1,1,-0.7590222805961561,0.09261415210717729,1.0
sub71,NB,32.0,EM,1,2.666428199998336,0.9807398240124484,5,1,1,-0.8612854992282083,0.08077002436241942,1.0
sub72,NB,38.0,EM,1,13.089004400011618,2.5717725189705476,3,1,1,2.1787942635523363,0.43287211489196875,0.5
sub72,NB,11.0,EM,1,4.112801000010222,1.414104304904971,5,1,1,-0.43940432567087184,0.12963230915613616,1.0
sub72,NB,9.0,EM,1,6.042882399997325,1.7988811166567722,3,1,1,0.12356602753340165,0.1948355451686291,0.5
sub72,NB,3.0,BB,1,7.127547399999457,1.9639671920806419,4,1,0,0.4399434809214269,0.23147838727368353,0.75
sub72,NB,24.0,BB,1,4.483881200008909,1.5004890106593172,5,1,0,-0.3311668434269783,0.14216837621540068,1.0
sub72,NB,29.0,BB,1,4.0516481999948155,1.3991237612931646,5,1,0,-0.4572415077836749,0.12756640641635741,1.0
sub72,NB,16.0,EM,1,5.2737046999973245,1.66273309470581,4,1,1,-0.10078940195715996,0.16885069545763676,0.75
sub72,NB,1.0,EM,1,3.7583404000033624,1.3239774769858348,5,1,1,-0.5427941667336342,0.11765769598203292,1.0
sub72,NB,20.0,EM,1,5.196286799997324,1.647944293589428,2,1,1,-0.12337082391564554,0.1662353147771508,0.25
sub72,NB,15.0,BB,1,4.400979900005041,1.4818272206758394,4,1,0,-0.3553476754605822,0.13936775183244415,0.75
sub72,NB,32.0,EM,1,3.6343748000072083,1.2904371016967795,4,1,1,-0.5789527233704067,0.11346981132906775,0.75
sub72,NB,28.0,EM,1,2.1675938999978825,0.7736177505325289,5,1,1,-1.0067865760550916,0.0639180871362104,1.0
sub72,NB,19.0,BB,1,23.490196900005685,3.1565831809262686,2,1,0,5.212636782062918,0.7842518076826546,0.25
sub72,NB,22.0,EM,1,5.2907281999941915,1.66595589235003,4,1,1,-0.09582395034145441,0.16942579414936132,0.75
sub72,NB,27.0,BB,1,6.197259799999301,1.8241072266124683,4,1,0,0.16859516433895347,0.20005082056965168,0.75
sub72,NB,8.0,BB,0,7.512593000006746,2.0165806791533205,2,1,0,0.5522544215052296,0.2444862423480938,0.25
sub72,NB,23.0,EM,1,2.44990069999767,0.8960474931220522,4,1,1,-0.9244427127812883,0.07345515480000986,0.75
sub72,NB,37.0,BB,1,3.5503012999979546,1.2670324731246554,5,1,0,-0.6034754652587256,0.11062958694084438,1.0
sub72,NB,10.0,BB,1,3.017302699998254,1.1043632865985693,4,1,0,-0.758941659638517,0.09262348962788076,0.75
sub72,NB,2.0,BB,1,2.8247867000027327,1.0384328573239903,4,1,0,-0.815095146489215,0.08611979181286998,0.75
sub72,NB,6.0,BB,1,4.099580900001456,1.4108847489736518,5,1,0,-0.4432603932809636,0.12918569933906515,1.0
sub72,NB,5.0,EM,1,4.77791520000028,1.5640043007344582,2,1,1,-0.24540236487684391,0.15210161959946872,0.25
sub72,NB,21.0,BB,1,3.5831098000053316,1.2762310825659011,4,1,0,-0.5939058104051123,0.11173794453094973,0.75
sub72,NB,30.0,EM,1,7.505700499998056,2.015662798504284,4,1,1,0.5502440020667655,0.24425339553407566,0.75
sub72,NB,34.0,BB,1,4.28052650000609,1.4540760160482158,3,1,0,-0.3904817859403361,0.13529851855104408,0.5
sub72,NB,18.0,EM,1,6.452527800007374,1.8644719610100875,4,1,1,0.24305229144626275,0.20867444631469778,0.75
sub72,NB,26.0,EM,0,24.01628689999052,3.1787322210218876,2,1,1,5.366087860919322,0.8020245142809631,0.25
sub72,NB,31.0,EM,1,2.975841400009813,1.0905268225432674,4,1,1,-0.7710351820666161,0.09122281765179252,0.75
sub72,NB,4.0,EM,1,9.958272100004251,2.2984035726111123,3,1,1,1.265615436620502,0.3271077274155238,0.5
sub72,NB,39.0,BB,1,4.972311399993487,1.603884802418032,4,1,0,-0.18870045718918071,0.1586688355252704,0.75
sub72,NB,17.0,BB,1,4.700514900003327,1.5476720559076975,4,1,0,-0.2679786532280462,0.14948683349346675,0.75
sub72,NB,13.0,BB,1,10.398039599996991,2.34161728837868,2,1,0,1.3938877803674175,0.34196423247942537,0.25
sub72,NB,12.0,EM,1,5.609722900000634,1.7245013243754033,3,1,1,-0.002778880359370731,0.1802022757585791,0.5
sub72,NB,25.0,BB,0,4.545660099989618,1.5141729536050077,3,1,0,-0.31314703911046415,0.14425543026196125,0.5
sub72,NB,33.0,BB,1,2.6825356999906944,0.9867625039115852,5,1,0,-0.8565872284920639,0.08131417816006754,1.0
sub72,NB,14.0,BB,1,3.4306875000038417,1.2327606784118772,3,1,0,-0.6383646793774882,0.10658871756019576,0.5
sub72,NB,35.0,EM,1,2.501183400003356,0.9167639798759947,4,1,1,-0.9094844629708593,0.07518761955090117,0.75
sub72,NB,7.0,EM,1,3.506601800007047,1.2546474203735125,4,1,1,-0.6162218307461583,0.10915330267037053,0.75
sub72,NB,36.0,BB,1,2.1118848999904003,0.7475808662483331,4,1,0,-1.02303589870598,0.06203609030668181,0.75
sub72,NB,40.0,EM,1,7.4626237000047695,2.009907054796381,5,1,1,0.5376792670730536,0.2427981477105155,1.0
sub73,NB,32.0,EM,1,7.19749910000246,1.97373361846111,5,1,1,0.46034714537733684,0.23384154004268143,1.0
sub73,NB,13.0,BB,0,10.847667899986845,2.383950116790158,3,1,0,1.5250363437687418,0.3571538613532803,0.5
sub73,NB,8.0,BB,0,28.94263979999232,3.365315933352724,3,1,0,6.803017221588486,0.9684496976031759,0.5
sub73,NB,21.0,BB,1,4.840845699989586,1.5770894368675938,5,1,0,-0.22704665935761648,0.15422757772911772,1.0
sub73,NB,33.0,BB,1,11.199390900001163,2.4158593928937218,5,1,0,1.6276276756936283,0.3690359911852702,1.0
sub73,NB,6.0,BB,1,6.8479490000027,1.9239491913821964,5,1,0,0.3583896096688589,0.2220328164994012,1.0
sub73,NB,37.0,BB,1,4.03456990000268,1.3948997037239872,5,1,0,-0.46222294358154614,0.12698945643637893,1.0
sub73,NB,15.0,BB,1,3.5703684000036446,1.2726687837458195,5,1,0,-0.5976222497528593,0.11130750646163041,1.0
sub73,NB,9.0,EM,1,10.454481199994916,2.3470307094585494,3,1,1,1.410350789381679,0.3438709784672433,0.5
sub73,NB,31.0,EM,1,5.946859199990286,1.782863214639621,4,1,1,0.09555777108156048,0.19159162842357597,0.75
sub73,NB,16.0,EM,0,19.190860300004715,2.95443413965595,4,1,1,3.9585969036086825,0.6390088873431883,0.75
sub73,NB,2.0,BB,1,15.200769799994305,2.721346071306297,4,1,0,2.794758602217411,0.5042131152140318,0.75
sub73,NB,14.0,BB,1,14.858400199998869,2.6985653753513184,2,1,0,2.6948954904143934,0.4926469678835853,0.25
sub73,NB,18.0,EM,1,6.63470480000251,1.8923141754609447,4,1,1,0.2961900762224084,0.21482886546344981,0.75
sub73,NB,36.0,BB,1,6.826684800005751,1.9208391677505119,4,1,0,0.35218722142607867,0.22131445578620684,0.75
sub73,NB,25.0,BB,1,5.956518099992536,1.7844860989486304,4,1,0,0.09837510010502448,0.19191793151963815,0.75
sub73,NB,22.0,EM,1,8.940025699994294,2.1905384639010106,5,1,1,0.9686111053698013,0.29270868065036443,1.0
sub73,NB,4.0,EM,1,13.415221899995231,2.5963900249256686,5,1,1,2.2739460955882373,0.4438926017185757,1.0
sub73,NB,38.0,EM,1,9.74682740001299,2.2769418371868952,3,1,1,1.2039407852622497,0.3199645682320753,0.5
sub73,NB,20.0,EM,1,4.819722600004752,1.5727163745401027,5,1,1,-0.23320789124105448,0.1535139837461718,1.0
sub73,NB,35.0,EM,1,5.782380299991928,1.7548154145187003,3,1,1,0.04758220672072861,0.18603509773231092,0.5
sub73,NB,39.0,BB,1,6.761200100008864,1.9112004038854704,4,1,0,0.33308650127667483,0.2191022100492484,0.75
sub73,NB,19.0,BB,1,5.616506099991966,1.7257097801831072,3,1,0,-0.0008003417884062497,0.18043143012997392,0.5
sub73,NB,7.0,EM,1,6.188612899990403,1.8227109743461778,3,1,1,0.16607301768121976,0.1997587055002767,0.5
sub73,NB,10.0,BB,1,3.8888447000063024,1.3581121212331144,4,1,0,-0.5047283878147646,0.12206647515258696,0.75
sub73,NB,3.0,BB,0,8.728244900004938,2.166564307257759,4,1,0,0.9068384196309056,0.2855541671232599,0.75
sub73,NB,23.0,EM,1,4.133425200008787,1.4191064095044694,4,1,1,-0.4333886140237748,0.13032904898280062,0.75
sub73,NB,12.0,EM,1,6.4318032000010135,1.8612549343937992,3,1,1,0.2370072949058702,0.20797431471118705,0.5
sub73,NB,40.0,EM,1,6.474807699996745,1.8679189083023806,5,1,1,0.24955094127857347,0.20942712005029845,1.0
sub73,NB,11.0,EM,1,5.502866099996027,1.7052690655984213,5,1,1,-0.03394710489190809,0.17659237145594886,1.0
sub73,NB,17.0,BB,1,4.844626000005519,1.577870049381881,5,1,0,-0.22594401320227708,0.15435528622583633,1.0
sub73,NB,28.0,EM,1,3.987505000011879,1.3831657220316511,5,1,1,-0.47595093628253893,0.12539948008510948,1.0
sub73,NB,27.0,BB,1,4.175800600001821,1.4293061003986063,5,1,0,-0.42102846491223467,0.13176060166596104,1.0
sub73,NB,30.0,EM,1,12.170105200013495,2.49898255117025,2,1,1,1.910767740326153,0.40182927835172283,0.25
sub73,NB,26.0,EM,1,7.5474027000018395,2.0212034908300134,5,1,1,0.562407790736861,0.24566220574752318,1.0
sub73,NB,24.0,BB,1,5.855010699990089,1.767297824544183,4,1,0,0.06876720023478745,0.188488744046292,0.75
sub73,NB,29.0,BB,1,5.921034500002861,1.7785111802516067,4,1,0,0.08802516625286676,0.19071920200247106,0.75
sub73,NB,34.0,BB,1,7.4586097999999765,2.0093690429622235,3,1,0,0.536508483963367,0.24266254759056988,0.5
sub73,NB,5.0,EM,1,4.005591299996013,1.3876912100709868,4,1,1,-0.4706754848480583,0.12601048296118822,0.75
sub73,NB,1.0,EM,1,3.316939700001967,1.1990425807227874,5,1,1,-0.671542885821886,0.10274601711788611,1.0
sub74,NB,38.0,EM,1,7.397346700003254,2.0011213818606355,4,1,1,0.5186391293113954,0.24059291862675003,0.75
sub74,NB,6.0,BB,1,2.972093300006236,1.0892665193662068,5,1,0,-0.7721284360521075,0.0910961969563476,1.0
sub74,NB,9.0,EM,1,6.897909899998922,1.9312184526721563,5,1,1,0.3729623139690322,0.22372062736264875,1.0
sub74,NB,18.0,EM,1,4.1417811999999685,1.4211259368557536,4,1,1,-0.43095131771780465,0.1306113366829717,0.75
sub74,NB,2.0,BB,1,4.545696799992584,1.5141810272079628,5,1,0,-0.3131363343735384,0.1442566700847765,1.0
sub74,NB,37.0,BB,1,4.45668580000347,1.4944053956310221,5,1,0,-0.33909925702709687,0.14124964393549755,1.0
sub74,NB,7.0,EM,1,3.0347115000040503,1.1101163623339045,5,1,1,-0.7538638228756783,0.0932116047692835,1.0
sub74,NB,30.0,EM,1,8.345599600012065,2.121734405942084,5,1,1,0.7952276037915412,0.2726274005088191,1.0
sub74,NB,31.0,EM,1,1.7428543999994872,0.5555242289118731,5,1,1,-1.1306755199802032,0.049569267515230324,1.0
sub74,NB,27.0,BB,1,2.925563900003908,1.0734872484290465,4,1,0,-0.7857002329482738,0.08952431120588561,0.75
sub74,NB,10.0,BB,1,4.9053792000049725,1.590332398898665,4,1,0,-0.2082233872938513,0.15640768942401495,0.75
sub74,NB,21.0,BB,1,5.180021199994371,1.6448091489260228,5,1,0,-0.12811520960777384,0.1656858199445057,1.0
sub74,NB,28.0,EM,1,3.7435873999929754,1.3200443495492205,5,1,1,-0.5470973539602071,0.11715930076327376,1.0
sub74,NB,12.0,EM,1,7.5587423000106355,2.0227048139192214,4,1,1,0.5657153500046668,0.2460452873189355,0.75
sub74,NB,23.0,EM,1,2.8229934999981197,1.0377978467529805,5,1,1,-0.8156181909784109,0.08605921279111516,1.0
sub74,NB,39.0,BB,1,6.01252660001046,1.793845059540257,4,1,0,0.11471178157231547,0.19381004624878834,0.75
sub74,NB,22.0,EM,1,2.9358944999985397,1.0770121768636505,5,1,1,-0.7826869810057244,0.08987330609781355,1.0
sub74,NB,32.0,EM,1,2.943210600002203,1.0795010263248435,5,1,1,-0.7805530049966464,0.09012046323597003,1.0
sub74,NB,3.0,BB,1,7.346616800001357,1.9942399079349502,4,1,0,0.5038421214119998,0.23887912891677404,0.75
sub74,NB,25.0,BB,1,12.312721000009333,2.510632955576458,4,1,0,1.9523662279840845,0.40664721590933117,0.75
sub74,NB,26.0,EM,1,6.018513799994253,1.7948403517642009,4,1,1,0.1164581411246135,0.19401230964223887,0.75
sub74,NB,4.0,EM,1,7.245172200011439,1.9803353436077094,4,1,1,0.47425253918641486,0.2354520629933473,0.75
sub74,NB,13.0,BB,1,5.040874799989979,1.6175796384480832,5,1,0,-0.16870173510773434,0.16098508786147758,1.0
sub74,NB,15.0,BB,1,4.893566099999589,1.5879213015067397,4,1,0,-0.211669058073598,0.15600861177490888,0.75
sub74,NB,17.0,BB,1,3.7861811999900965,1.3313579121780637,5,1,0,-0.534673501459037,0.11859823157411924,1.0
sub74,NB,1.0,EM,1,7.8659793000115314,2.062547042428674,5,1,1,0.655330908399811,0.25642456283703674,1.0
sub74,NB,33.0,BB,1,4.730867100006435,1.554108504943184,4,1,0,-0.25912545731807546,0.15051221079636928,0.75
sub74,NB,16.0,EM,0,6.028185599992867,1.796446069937382,4,1,1,0.11927923284715805,0.19433904853417344,0.75
sub74,NB,40.0,EM,1,4.492784899994149,1.5024727544693015,5,1,1,-0.3285697927919383,0.14246916666471848,1.0
sub74,NB,11.0,EM,1,3.0709038999921177,1.1219719482279689,5,1,1,-0.7433071446937484,0.09443427941828861,1.0
sub74,NB,35.0,EM,1,3.801653799993801,1.3354361825803927,5,1,1,-0.5301604197366122,0.1191209367770061,1.0
sub74,NB,14.0,BB,1,3.235531500002253,1.174193211212577,5,1,0,-0.6952882071890933,0.0999958335878189,1.0
sub74,NB,19.0,BB,1,6.693108300009044,1.9010783850736594,4,1,0,0.31322533651104906,0.2168018896037307,0.75
sub74,NB,8.0,BB,1,7.5414810000074795,2.020418581831294,5,1,0,0.5606805363643682,0.24546215511632696,1.0
sub74,NB,20.0,EM,1,2.8133113000076264,1.034362188158244,5,1,1,-0.8184423161932743,0.08573212256004796,1.0
sub74,NB,36.0,BB,1,2.682811499995296,0.9868653117987785,5,1,0,-0.8565067825450664,0.08132349541103549,1.0
sub74,NB,29.0,BB,1,8.306684700000915,2.117060576195927,4,1,0,0.783876820863768,0.2713127526344618,0.75
sub74,NB,24.0,BB,1,4.037812900001882,1.3957031839984033,5,1,0,-0.4612770182672022,0.1270990135225919,1.0
sub74,NB,34.0,BB,1,4.048804999998538,1.3984217758504152,5,1,0,-0.45807081856100557,0.1274703556278315,1.0
sub74,NB,5.0,EM,1,3.225909100001445,1.1712148019971158,5,1,1,-0.6980948898125121,0.09967076355799348,1.0
sub75,NB,21.0,BB,0,4.445143199991435,1.4918120844180212,5,1,0,-0.3424660277786903,0.14085970448901225,1.0
sub75,NB,35.0,EM,1,5.757154599996284,1.7504433595968316,5,1,1,0.04022431951635067,0.185182907109466,1.0
sub75,NB,19.0,BB,1,11.78606050000235,2.466917519611638,4,1,0,1.7987487444366799,0.3888552363168423,0.75
sub75,NB,26.0,EM,1,10.50708830000076,2.352050105592593,5,1,1,1.4256953430733212,0.34564818494031574,1.0
sub75,NB,11.0,EM,1,3.9896736000082456,1.383709423046389,4,1,1,-0.4753183943048164,0.12547274110787293,0.75
sub75,NB,34.0,BB,1,5.824386199994478,1.7620536205080926,4,1,0,0.059834579268983404,0.1874541677320538,0.75
sub75,NB,32.0,EM,1,2.7048337000014726,0.9950404316660255,5,1,1,-0.8500832992060242,0.08206746336209013,1.0
sub75,NB,24.0,BB,1,5.510339799991925,1.7066262909533305,4,1,0,-0.03176715977329187,0.17684485273716444,0.75
sub75,NB,9.0,EM,0,13.790237099994556,2.6239608852755714,2,1,1,2.383331347216486,0.45656160344772123,0.25
sub75,NB,18.0,EM,1,2.8209515000053216,1.0370742393890189,4,1,1,-0.8162138059909158,0.08599022865009975,0.75
sub75,NB,31.0,EM,1,6.889360800007125,1.9299783085894742,2,1,1,0.37046869383363656,0.22343181623558267,0.25
sub75,NB,6.0,BB,1,4.156730499991681,1.4247288277603742,4,1,0,-0.426590873284452,0.13111636343240712,0.75
sub75,NB,17.0,BB,1,6.817206699997769,1.9194498131763253,3,1,0,0.3494226285393565,0.22099426059041116,0.5
sub75,NB,8.0,BB,1,7.0665646999987075,1.9553744636602886,4,1,0,0.42215591395197066,0.22941823096066244,0.75
sub75,NB,16.0,EM,0,7.206020500001614,1.9749168571735916,3,1,1,0.4628326859184511,0.23412941539099852,0.5
sub75,NB,36.0,BB,1,2.1215747999958694,0.7521586431088632,4,1,0,-1.020209527533951,0.062363440664546646,0.75
sub75,NB,25.0,BB,0,7.357363599992823,1.9957016620467893,4,1,0,0.5069767714775627,0.23924218414140203,0.75
sub75,NB,29.0,BB,1,4.5416746999981115,1.5132958206865574,4,1,0,-0.3143095092741027,0.1441207929475702,0.75
sub75,NB,7.0,EM,0,3.464093000002322,1.242450837915527,4,1,1,-0.6286208902641195,0.10771724338326767,0.75
sub75,NB,37.0,BB,1,3.151498499995796,1.1478780540057538,4,1,0,-0.7197991359482462,0.09715697739641918,0.75
sub75,NB,30.0,EM,1,3.3197745000070427,1.1998968589369894,4,1,1,-0.6707160251723137,0.10284178413257285,0.75
sub75,NB,10.0,BB,1,2.3840862000070047,0.8688159062704877,4,1,0,-0.9436396297123334,0.07123176755014349,0.75
sub75,NB,15.0,BB,1,14.372940499990364,2.665347306853462,3,1,0,2.5532955460897373,0.4762468598910311,0.5
sub75,NB,5.0,EM,0,9.036189200007357,2.201237536855713,2,1,1,0.9966602848334627,0.295957337099352,0.25
sub75,NB,12.0,EM,1,7.98434900000575,2.0774832504793723,4,1,1,0.6898572407166109,0.2604234032411267,0.75
sub75,NB,3.0,BB,1,21.77868390000367,3.0809316886819533,2,1,0,4.713418936571387,0.7264323882124047,0.25
sub75,NB,33.0,BB,1,2.858199499998591,1.050191881129775,4,1,0,-0.8053492280966862,0.08724856424909092,0.75
sub75,NB,40.0,EM,1,9.566600500009372,2.2582779176982206,3,1,1,1.1513718099057564,0.31387602860011243,0.5
sub75,NB,2.0,BB,1,4.452982700007851,1.493574141312448,5,1,0,-0.34017938531209985,0.14112454345890946,1.0
sub75,NB,27.0,BB,1,6.687996200009366,1.9003143076018212,4,1,0,0.31173422803114054,0.21662918939388426,0.75
sub75,NB,38.0,EM,0,8.453750000000582,2.1346101299070814,1,1,1,0.8267731483893628,0.2762810060279148,0.0
sub75,NB,22.0,EM,1,3.043120300004375,1.1128834034900907,5,1,1,-0.7514111257478584,0.09349567619290673,1.0
sub75,NB,39.0,BB,1,9.184501800002181,2.2175174765865617,5,1,0,1.039920427542619,0.3009677275736365,1.0
sub75,NB,14.0,BB,1,4.113532300005318,1.4142820997913077,4,1,0,-0.4391910184929777,0.12965701439715677,0.75
sub75,NB,13.0,BB,1,7.317234600006486,1.9902324697094174,2,1,0,0.49527185722047845,0.23788652077037953,0.25
sub75,NB,28.0,EM,1,2.930002399996738,1.0750032421401552,5,1,1,-0.7844056015878156,0.0896742554323705,1.0
sub75,NB,23.0,EM,1,5.268671500001801,1.6617782434877444,4,1,1,-0.10225749671173687,0.16868066069785498,0.75
sub75,NB,1.0,EM,1,6.529736900003627,1.8763666515124144,4,1,1,0.26557281016415984,0.21128277318080896,0.75
sub75,NB,4.0,EM,1,3.139239299998735,1.1439805094232904,4,1,1,-0.7233749261467286,0.09674282931399215,0.75
sub75,NB,20.0,EM,1,2.735253899998497,1.0062242652026452,3,1,1,-0.8412102689094864,0.08309513788398672,0.5
sub76,NB,3.0,BB,1,4.798163800005568,1.5682333030606102,5,1,0,-0.23949620905515392,0.15278567066854604,1.0
sub76,NB,8.0,BB,1,7.131722099991748,1.9645527340134274,4,1,0,0.44116116652225046,0.2316194196409611,0.75
sub76,NB,15.0,BB,1,2.9702477999962866,1.0886453836763412,5,1,0,-0.772666735520952,0.09103385110258694,1.0
sub76,NB,12.0,EM,1,3.3357575999980327,1.2046998199854053,5,1,1,-0.666054039699946,0.10338173537034487,1.0
sub76,NB,2.0,BB,1,13.605168300011428,2.610449742611576,5,1,0,2.329350075911406,0.4503094916746481,1.0
sub76,NB,27.0,BB,1,8.279818899987731,2.113821096175815,5,1,0,0.7760405457084101,0.2704051551108881,1.0
sub76,NB,30.0,EM,1,19.014006200013682,2.945175876013028,3,1,1,3.9070117139175946,0.6330342897839509,0.5
sub76,NB,29.0,BB,1,4.153840700018918,1.4240333761434671,5,1,0,-0.42743377644458147,0.13101873837387112,1.0
sub76,NB,22.0,EM,1,2.1969487000023946,0.7870694431081888,5,1,1,-0.9982243039525307,0.06490976963872377,1.0
sub76,NB,37.0,BB,1,3.536809799988987,1.2632251343892635,5,1,0,-0.607410695412933,0.11017380851654934,1.0
sub76,NB,16.0,EM,1,8.521948699984932,2.1426450353441515,3,1,1,0.8466654939756777,0.2785849378366222,0.5
sub76,NB,38.0,EM,1,7.3874254999973346,1.9997792980786369,3,1,1,0.515745292050656,0.24025775434532776,0.5
sub76,NB,24.0,BB,1,2.8600345000158995,1.0508336877016267,5,1,0,-0.8048139912886008,0.08731055538542967,1.0
sub76,NB,5.0,EM,1,3.1181336999870837,1.1372346497634342,5,1,1,-0.7295310535998127,0.09602982652625783,1.0
sub76,NB,40.0,EM,1,2.851041699992493,1.047684436267797,5,1,1,-0.8074370308171442,0.08700675490201833,1.0
sub76,NB,35.0,EM,1,2.67049279998173,0.9822630246628907,5,1,1,-0.8600999278381618,0.08090733726125125,1.0
sub76,NB,17.0,BB,1,3.2273602000204846,1.171664527547386,5,1,0,-0.6976716297933965,0.09971978554070354,1.0
sub76,NB,33.0,BB,1,6.516615900007309,1.8743552074527123,5,1,0,0.2617456482618849,0.21083951122331562,1.0
sub76,NB,28.0,EM,1,2.5101219000061974,0.9203313177039361,5,1,1,-0.9068772617907693,0.07548958563652163,1.0
sub76,NB,18.0,EM,1,4.060649600025499,1.401342960821286,4,1,1,-0.454615959786248,0.12787049743067808,0.75
sub76,NB,36.0,BB,1,8.092538900004001,2.090942513727191,2,1,0,0.7214143067634406,0.2640783431746452,0.25
sub76,NB,9.0,EM,0,12.094258900004206,2.492730868931645,1,1,1,1.8886447260813901,0.39926699046054215,0.0
sub76,NB,1.0,EM,1,2.534478500019759,0.9299878959665925,5,1,1,-0.8997728755650994,0.07631241577164273,1.0
sub76,NB,25.0,BB,1,3.6497166999906767,1.2946495481411777,5,1,0,-0.5744777645150052,0.11398810114083882,1.0
sub76,NB,23.0,EM,0,8.957747300009942,2.192518777966579,3,1,1,0.9737801803218841,0.29330736300041815,0.5
sub76,NB,31.0,EM,1,3.1989232000196353,1.16281425318299,5,1,1,-0.705966195988716,0.0987591087409815,1.0
sub76,NB,13.0,BB,0,9.485843100002967,2.24980048715446,2,1,0,1.127816315300312,0.3111478308088648,0.25
sub76,NB,32.0,EM,0,11.037205600005109,2.4012718928681367,1,1,1,1.580321113584937,0.36355694434638025,0.0
sub76,NB,7.0,EM,1,6.109714999998687,1.8098801272508673,3,1,1,0.14305990609654318,0.19709332651984385,0.5
sub76,NB,26.0,EM,1,3.1999740000173915,1.1631426847781077,5,1,1,-0.7056596963530593,0.09879460753406664,1.0
sub76,NB,10.0,BB,1,5.9549398999952246,1.7842211103961714,2,1,0,0.0979147672869789,0.19186461576471697,0.25
sub76,NB,6.0,BB,1,4.571636500011664,1.5198712370875818,5,1,0,-0.3055701860847398,0.14513298151000897,1.0
sub76,NB,20.0,EM,1,3.458308799978113,1.2407796834412574,5,1,1,-0.6303080383453636,0.10752183786341525,1.0
sub76,NB,34.0,BB,1,8.645031199994264,2.156984728150634,3,1,0,0.8825664660818187,0.28274298904480943,0.5
sub76,NB,39.0,BB,1,3.897146800009068,1.3602446956519685,5,1,0,-0.5023068131749978,0.12234694196910738,1.0
sub76,NB,21.0,BB,1,3.050338900007773,1.11525269920318,5,1,0,-0.7493055887515532,0.09373953952411364,1.0
sub76,NB,11.0,EM,1,2.730791199981468,1.004591384051108,5,1,1,-0.8425119589857955,0.08294437611691033,1.0
sub76,NB,19.0,BB,1,5.340916999994079,1.6753973610747566,4,1,0,-0.0811847716710502,0.17112130407531484,0.75
sub76,NB,4.0,EM,1,2.2957675000070594,0.8310672102667425,5,1,1,-0.9694006207948047,0.06824812911890868,1.0
sub76,NB,14.0,BB,1,5.460132900014287,1.6974731301225419,2,1,0,-0.046411617884691524,0.1751487313462638,0.25
sub77,NB,3.0,BB,0,13.635127899993677,2.612649396524454,5,1,0,2.338088757390839,0.45132160591423176,1.0
sub77,NB,29.0,BB,1,7.378349200007506,1.9985499279551786,5,1,0,0.5130978970697521,0.2399511330130042,1.0
sub77,NB,7.0,EM,1,9.303005900001153,2.2303375629903646,5,1,1,1.074485961945998,0.3049711083640698,1.0
sub77,NB,10.0,BB,1,3.29088590000174,1.1911567990477276,5,1,0,-0.6791423150420937,0.10186585109460417,1.0
sub77,NB,24.0,BB,0,2.729740500013577,1.0042065497387795,5,1,0,-0.8428184294445228,0.08290888070309764,1.0
sub77,NB,30.0,EM,1,2.7731678999844007,1.0199903129378567,5,1,1,-0.830151430684532,0.08437597271783105,1.0
sub77,NB,8.0,BB,0,5.3000951999856625,1.6677247826582025,3,1,0,-0.09309176334991195,0.16974223609381867,0.5
sub77,NB,2.0,BB,1,7.559716299991123,2.022833663031106,5,1,0,0.5659994484437482,0.24607819160504713,1.0
sub77,NB,33.0,BB,1,5.269145699974615,1.6618682431459535,5,1,0,-0.10211918102920331,0.16869668042259023,1.0
sub77,NB,12.0,EM,1,4.954078699985985,1.6002112170907592,5,1,1,-0.19401861090184774,0.158052886870596,1.0
sub77,NB,6.0,BB,1,7.645602600008715,2.034130659035789,1,1,0,0.5910509517931067,0.2489796571548028,0.0
sub77,NB,38.0,EM,1,3.310154300008435,1.1969948046192125,5,1,1,-0.6735220660942914,0.10251678842461939,1.0
sub77,NB,28.0,EM,1,2.5671024000039324,0.9427777920181702,5,1,1,-0.8902570652489574,0.07741453708649,1.0
sub77,NB,22.0,EM,1,4.68239880001056,1.5438105427182651,5,1,1,-0.2732627967940534,0.1488748238945648,1.0
sub77,NB,23.0,EM,1,5.430584400019143,1.6920467524676808,3,1,1,-0.05503038882307469,0.17415050514761155,0.5
sub77,NB,9.0,EM,1,5.033072099991841,1.6160305531420103,2,1,1,-0.17097764366471427,0.16072149209317654,0.25
sub77,NB,32.0,EM,1,3.1656573000072967,1.1523607117615295,5,1,1,-0.7156692662735907,0.09763529897332766,1.0
sub77,NB,35.0,EM,1,4.746648199972697,1.557438726852962,3,1,1,-0.2545223916535819,0.1510453379409777,0.5
sub77,NB,31.0,EM,1,3.6384514999808744,1.2915581790420871,5,1,1,-0.5777636226288017,0.11360753299745793,1.0
sub77,NB,17.0,BB,1,5.7390237000072375,1.7472891087582696,1,1,0,0.03493585905514272,0.18457039752768745,0.0
sub77,NB,15.0,BB,1,3.3372362999944016,1.205143009367183,5,1,0,-0.6656227292592337,0.10343168975302301,1.0
sub77,NB,21.0,BB,0,10.122584800003096,2.3147690462665254,2,1,0,1.3135425234029123,0.33265864343282037,0.25
sub77,NB,20.0,EM,0,4.571415200014599,1.5198228287433289,1,1,1,-0.3056347353506478,0.1451255054129188,0.0
sub77,NB,39.0,BB,0,6.59587950000423,1.8864451358834549,3,1,0,0.28486542802185094,0.21351724451364917,0.5
sub77,NB,11.0,EM,1,2.944043399998918,1.0797839426054285,5,1,1,-0.7803100920768584,0.09014859741452715,1.0
sub77,NB,37.0,BB,1,4.137266899982933,1.4200354007434106,5,1,0,-0.4322680585946804,0.13045883173191425,1.0
sub77,NB,34.0,BB,0,4.1876956000050995,1.4321506065092648,2,1,0,-0.4175589053624379,0.13216244611282607,0.25
sub77,NB,1.0,EM,1,8.628870299988193,2.155113592701445,3,1,1,0.877852619513183,0.2821970312539737,0.5
sub77,NB,40.0,EM,1,2.6005722999980208,0.9557315361894537,5,1,1,-0.8804944918043818,0.07854523851112612,1.0
sub77,NB,16.0,EM,0,3.8102316000149585,1.337689974696631,4,1,1,-0.5276584283140437,0.11941071746669683,0.75
sub77,NB,5.0,EM,0,3.7641707999864593,1.3255275979482553,2,1,1,-0.5410935429475969,0.1178546622582468,0.25
sub77,NB,19.0,BB,0,2.6894294999947306,0.98932908933488,3,1,0,-0.854576429868121,0.08154706889135437,0.5
sub77,NB,18.0,EM,1,2.773600999993505,1.0201464759285255,1,1,1,-0.8300251031290725,0.08439060397748198,0.0
sub77,NB,13.0,BB,0,5.7644838000123855,1.7517156093846213,2,1,0,0.04236211656563428,0.185430506800565,0.25
sub77,NB,4.0,EM,1,3.1700459999847226,1.1537460988200954,5,1,1,-0.7143891606902638,0.0977835608240548,1.0
sub77,NB,25.0,BB,1,4.6197649000096135,1.530343816355031,2,1,0,-0.29153198938164565,0.14675888569414902,0.25
sub77,NB,27.0,BB,1,3.432717599993339,1.2333522506764087,3,1,0,-0.637772535383906,0.10665729968773972,0.5
sub77,NB,36.0,BB,1,3.1780508999945596,1.1562680843470439,4,1,0,-0.7120542739927738,0.09805398744160643,0.75
sub77,NB,26.0,EM,1,4.868587400007527,1.582803833418399,5,1,1,-0.21895489977810254,0.1551647654631012,1.0
sub77,NB,14.0,BB,1,5.552506500011077,1.7142494474316095,2,1,0,-0.019467884725410875,0.17826935498522256,0.25
sub78,NB,26.0,EM,1,3.110899999999674,1.1349120733936224,4,1,1,-0.7316409949923949,0.0957854530777982,0.75
sub78,NB,8.0,BB,1,21.393400500004645,3.063082486616244,4,1,0,4.601038633967235,0.713416499627602,0.75
sub78,NB,35.0,EM,1,3.52687750000041,1.2604129185839466,5,1,1,-0.6103077703408285,0.10983826924846127,1.0
sub78,NB,31.0,EM,1,2.7696399000124075,1.0187173117529946,5,1,1,-0.8311804854126646,0.08425678758148007,1.0
sub78,NB,21.0,BB,1,6.75475120000192,1.9102461387578187,5,1,0,0.3312054720544292,0.2188843492123031,1.0
sub78,NB,28.0,EM,1,4.260169399989536,1.449308924746422,5,1,1,-0.3964195892820038,0.1346108020656574,1.0
sub78,NB,18.0,EM,1,3.6438121999963187,1.2930304412958593,5,1,1,-0.5762000019539757,0.11378863157096966,1.0
sub78,NB,19.0,BB,1,9.23458620000747,2.2229558048516864,4,1,0,1.0545291545948514,0.30265971059264846,0.75
sub78,NB,16.0,EM,1,7.509718699991936,2.0161980083490816,4,1,1,0.5514160394066492,0.24438914091898434,0.75
sub78,NB,1.0,EM,1,4.47226939999382,1.497895975539653,5,1,1,-0.33455379858642165,0.14177609901045024,1.0
sub78,NB,39.0,BB,1,4.67282000000705,1.5417627438253376,5,1,0,-0.2760567620751473,0.14855122678754668,1.0
sub78,NB,3.0,BB,1,4.039476799982367,1.3961151786317083,5,1,0,-0.46079168829111067,0.12715522444878885,1.0
sub78,NB,7.0,EM,1,3.3775606999988668,1.2171537625630762,5,1,1,-0.6538608202985983,0.10479395425159332,1.0
sub78,NB,29.0,BB,1,4.307872499979567,1.460444162751147,5,1,0,-0.38250544501300776,0.13622233849474186,1.0
sub78,NB,22.0,EM,1,2.5690099999774247,0.9435206106765834,5,1,1,-0.8897006523272762,0.07747898084067045,1.0
sub78,NB,15.0,BB,1,4.103651700017508,1.4118772358501541,5,1,0,-0.4420730134518662,0.12932322169133903,1.0
sub78,NB,32.0,EM,1,3.6216198000183795,1.2869213843265608,5,1,1,-0.5826731295920714,0.1130389138163429,1.0
sub78,NB,34.0,BB,1,4.130468500021379,1.4183908388011435,5,1,0,-0.4342510307261176,0.13022916386546907,1.0
sub78,NB,9.0,EM,1,4.220077800011495,1.4398535638996603,4,1,1,-0.4081135946230806,0.1332564021654749,0.75
sub78,NB,25.0,BB,1,3.014003499993123,1.1032692614488595,5,1,0,-0.7599039774931902,0.09251203395736426,1.0
sub78,NB,33.0,BB,1,5.8241055000107735,1.7620054254299677,5,1,0,0.05975270408539177,0.18744468494687888,1.0
sub78,NB,13.0,BB,1,7.198218000004999,1.9738334953895247,5,1,0,0.4605568356983517,0.23386582637927594,1.0
sub78,NB,14.0,BB,1,3.3198895000095945,1.1999314992448613,4,1,0,-0.6706824817206978,0.1028456691357172,0.75
sub78,NB,2.0,BB,1,3.729122999997344,1.3161730853663884,4,1,0,-0.5513163617048975,0.11667065521355728,0.75
sub78,NB,24.0,BB,1,3.37245230001281,1.215640165193318,5,1,0,-0.6553508495504621,0.10462137903795762,1.0
sub78,NB,5.0,EM,1,5.604570999974385,1.7235825147856703,4,1,1,-0.004281597797852733,0.1800282309989506,0.75
sub78,NB,4.0,EM,0,7.629508799989708,2.032023465765294,4,1,1,0.5863566770950759,0.2484359661783579,0.75
sub78,NB,12.0,EM,1,2.861398700013524,1.0513105612316611,5,1,1,-0.8044160784573031,0.08735664165640972,1.0
sub78,NB,10.0,BB,1,4.276432400016347,1.4531191105985155,5,1,0,-0.3916759619565884,0.13516020906425674,1.0
sub78,NB,23.0,EM,1,7.628616600006353,2.0319065182424523,3,1,1,0.5860964382576044,0.248405825311716,0.5
sub78,NB,11.0,EM,1,3.4363166999828536,1.2344001709987418,5,1,1,-0.6367227420475585,0.10677888677005162,1.0
sub78,NB,6.0,BB,1,3.6713036999863107,1.3005468305905703,5,1,0,-0.5681812212644232,0.11471736688865983,1.0
sub78,NB,27.0,BB,1,2.1110966999840457,0.7472075754835749,5,1,0,-1.023265802603285,0.06200946283333289,1.0
sub78,NB,20.0,EM,1,2.2556662000133656,0.8134453617015225,5,1,1,-0.9810974554576076,0.06689340152663507,1.0
sub78,NB,36.0,BB,0,8.206712799990783,2.104952453517253,3,1,0,0.7547167989809694,0.2679354383973413,0.5
sub78,NB,38.0,EM,1,4.098426599986851,1.4106031439562778,5,1,1,-0.4435970820273192,0.1291467040426585,1.0
sub78,NB,37.0,BB,1,2.194881399977021,0.7861280131662295,5,1,0,-0.998827298533729,0.06483993079593509,1.0
sub78,NB,17.0,BB,1,4.477428200014401,1.4990488190931457,5,1,0,-0.3330490685425405,0.14195037687007084,1.0
sub78,NB,40.0,EM,1,6.505672400002368,1.8726744732639147,5,1,1,0.25855362430729206,0.21046981095387118,1.0
sub78,NB,30.0,EM,1,6.258988799992949,1.8340186385166062,5,1,1,0.1866004137183851,0.20213618886314844,1.0
sub79,NB,23.0,EM,1,10.911782399984077,2.389843159551842,3,1,1,1.5437374009931664,0.3593198181233784,0.5
sub79,NB,12.0,EM,0,7.362548900011461,1.99640619072291,4,1,1,0.5084892310986867,0.2394173572407921,0.75
sub79,NB,4.0,EM,1,5.671370299998671,1.7354307640256195,5,1,1,0.015202567755331589,0.1822848873891847,1.0
sub79,NB,25.0,BB,1,4.559425400017062,1.5171966068183347,5,1,0,-0.3091319463695752,0.14472045837242237,1.0
sub79,NB,22.0,EM,1,5.488475700025447,1.7026505667008784,4,1,1,-0.038144528147861054,0.17610622582209,0.75
sub79,NB,38.0,EM,1,3.9152099000057206,1.3648689423109912,5,1,1,-0.4970381287634764,0.12295716108847034,1.0
sub79,NB,3.0,BB,0,4.418332200002624,1.4857622945664617,4,1,0,-0.35028631874339344,0.13995395825467566,0.75
sub79,NB,8.0,BB,0,13.521936300006928,2.604313277816311,2,1,0,2.3050727845801986,0.44749769537418044,0.25
sub79,NB,19.0,BB,1,5.736185100016883,1.7467943726540782,4,1,0,0.034107890017574465,0.18447450213948396,0.75
sub79,NB,6.0,BB,1,8.18274480002583,2.1020276444557098,5,1,0,0.7477257604652056,0.2671257361959353,1.0
sub79,NB,20.0,EM,1,5.661363399995025,1.733664746598693,3,1,1,0.01228373333230164,0.18194682793599504,0.5
sub79,NB,37.0,BB,1,4.519943299994338,1.50849944951642,4,1,0,-0.3206481714340662,0.1433866489869386,0.75
sub79,NB,16.0,EM,0,4.607091200014111,1.5275966817235707,5,1,1,-0.29522868184390183,0.14633073470944769,1.0
sub79,NB,39.0,BB,0,5.632884599996032,1.7286216732827082,4,1,0,0.0039769748223371796,0.18098473902218065,0.75
sub79,NB,15.0,BB,0,8.506107900000643,2.1407844819144755,2,1,0,0.8420450148796907,0.27804979386807804,0.25
sub79,NB,2.0,BB,0,3.1397635000175796,1.144147478617845,3,1,0,-0.7232220263416942,0.0967605381720469,0.5
sub79,NB,5.0,EM,1,3.416986700001871,1.2287590808229374,2,1,1,-0.6423609586102408,0.10612586843057127,0.25
sub79,NB,24.0,BB,1,7.408234100003028,2.002592097816909,5,1,0,0.5218147898940994,0.24096072369018023,1.0
sub79,NB,27.0,BB,1,5.297424600023078,1.6672207779345471,5,1,0,-0.09387072977288959,0.16965201618928172,1.0
sub79,NB,40.0,EM,1,4.292873700003838,1.4569563688245175,5,1,1,-0.3868803277096819,0.13571563950539967,1.0
sub79,NB,28.0,EM,1,4.878356400004122,1.5848083598562497,4,1,1,-0.2161054565481059,0.15549478802711758,0.75
sub79,NB,30.0,EM,1,3.139769100002013,1.144149262185123,5,1,1,-0.7232203929260184,0.09676072735427864,1.0
sub79,NB,26.0,EM,1,2.338315800006967,0.8494309266430783,4,1,1,-0.9569900398320798,0.06968552281994267,0.75
sub79,NB,33.0,BB,1,3.5579686000128277,1.2691897640256198,4,1,0,-0.6012390504642382,0.11088860854089279,0.75
sub79,NB,11.0,EM,1,4.6091901999898255,1.5280521799708369,5,1,1,-0.2946164409520349,0.1464016444600974,1.0
sub79,NB,14.0,BB,1,3.351420799997868,1.2093843753261118,3,1,0,-0.6614853633548574,0.10391087954338699,0.5
sub79,NB,13.0,BB,1,3.1479390999884345,1.1467479847480897,5,1,0,-0.720837349507194,0.09703673148412531,1.0
sub79,NB,32.0,EM,1,4.73059409999405,1.5540507971522435,3,1,1,-0.259205086557235,0.1505029881365172,0.5
sub79,NB,36.0,BB,0,4.694093499972951,1.5463050162702778,2,1,0,-0.26985166119713555,0.1492699016782003,0.25
sub79,NB,9.0,EM,1,6.892984799982514,1.930504198762902,3,1,1,0.37152575005218286,0.22355424450503608,0.5
sub79,NB,35.0,EM,1,3.69496719999006,1.306971677497453,4,1,1,-0.561278999961607,0.11551678227893114,0.75
sub79,NB,31.0,EM,1,3.3740729999844916,1.2161206199254326,5,1,1,-0.654878120247179,0.10467613055401269,1.0
sub79,NB,34.0,BB,1,2.8534823000081815,1.0485401080695462,3,1,0,-0.8067251512804202,0.08708920480223295,0.5
sub79,NB,21.0,BB,0,6.546447400003672,1.8789225208261817,4,1,0,0.27044696525798545,0.2118472979077956,0.75
sub79,NB,1.0,EM,1,2.2215799000114202,0.7982186094413548,5,1,1,-0.9910398218011464,0.06574187648534183,1.0
sub79,NB,10.0,BB,1,5.997591999999713,1.7913580553388977,2,1,0,0.11035562486147882,0.19330551610344865,0.25
sub79,NB,7.0,EM,0,10.735451799992006,2.373551517076893,4,1,1,1.4923049069237864,0.3533629057736794,0.75
sub79,NB,17.0,BB,1,4.104151400009869,1.4119989980286294,4,1,0,-0.44192725986800324,0.12934010287393455,0.75
sub79,NB,18.0,EM,0,3.376629199978197,1.2168779337692843,5,1,1,-0.6541325222566865,0.104762485726124,1.0
sub79,NB,29.0,BB,1,4.222931199998129,1.4405294840829188,5,1,0,-0.40728130869031154,0.133352797536555,1.0
sub80,NB,15.0,BB,1,8.533349000004819,2.1439818987537866,5,1,0,0.8499907583551349,0.2789700700143712,1.0
sub80,NB,35.0,EM,1,7.769651000009617,2.0502252470271083,5,1,1,0.6272336597158915,0.25317033901013025,1.0
sub80,NB,38.0,EM,1,5.84378339999239,1.7653784295452457,5,1,1,0.06549239687919974,0.18810945626519743,1.0
sub80,NB,22.0,EM,1,5.900321199995233,1.775006790106992,5,1,1,0.08198346572075527,0.19001945214269622,1.0
sub80,NB,8.0,BB,1,5.1629192999971565,1.6415021753273904,5,1,0,-0.13310352910660975,0.16510807269416283,1.0
sub80,NB,33.0,BB,1,5.598356200003764,1.7224730189374498,5,1,0,-0.00609434421081642,0.17981827867815336,1.0
sub80,NB,17.0,BB,1,3.5034584999957588,1.2537506234595253,5,1,0,-0.6171386753505329,0.10904711371248747,1.0
sub80,NB,5.0,EM,1,3.1908957999839913,1.1603016924175926,5,1,1,-0.708307645542817,0.09848792201326406,1.0
sub80,NB,24.0,BB,1,3.6099352999881376,1.2836898497432216,5,1,0,-0.5860812900505291,0.11264418061329512,1.0
sub80,NB,12.0,EM,1,16.086561200005235,2.777984215353445,3,1,1,3.0531281701189483,0.5341374830221124,0.5
sub80,NB,19.0,BB,1,7.132168599986471,1.964615339652276,3,1,0,0.44129140261474725,0.2316345035874391,0.5
sub80,NB,4.0,EM,1,3.0214151999971364,1.1057253308943182,5,1,1,-0.7577421166674595,0.09276242071546613,1.0
sub80,NB,40.0,EM,1,5.114314499980537,1.632043372823316,5,1,1,-0.14728068320641202,0.16346607446194072,1.0
sub80,NB,37.0,BB,1,2.644755500019528,0.972578622481612,5,1,0,-0.8676070396368363,0.08003786344332263,1.0
sub80,NB,27.0,BB,1,3.0487885999900755,1.1147443313911982,5,1,0,-0.7497577836426815,0.0936871663040283,1.0
sub80,NB,1.0,EM,1,3.879840999987209,1.3557941734107644,5,1,1,-0.5073546066778281,0.12176230643859669,1.0
sub80,NB,28.0,EM,1,9.40993460000027,2.24176600352003,5,1,1,1.1056751584257831,0.3085834416379919,1.0
sub80,NB,32.0,EM,1,2.936756000010064,1.0773055707980257,5,1,1,-0.7824356968030082,0.08990240983850373,1.0
sub80,NB,16.0,EM,0,4.271971800015308,1.4520755005160941,5,1,1,-0.3929770394956521,0.13500951824125468,1.0
sub80,NB,34.0,BB,0,4.380034000001615,1.4770564869156726,5,1,0,-0.3614572212668828,0.13866014413184324,1.0
sub80,NB,21.0,BB,1,8.153496299986728,2.0984468291246143,5,1,0,0.739194494168448,0.2661376447863846,1.0
sub80,NB,6.0,BB,1,4.71242809999967,1.5502032953632356,5,1,0,-0.26450378506456923,0.14988929278405977,1.0
sub80,NB,18.0,EM,0,8.820680599979823,2.177099032572186,3,1,1,0.9338002662472675,0.28867688866313007,0.5
sub80,NB,2.0,BB,1,4.692161700018914,1.5458933931170284,3,1,0,-0.2704151328219339,0.14920464038490316,0.5
sub80,NB,26.0,EM,0,14.605690700002015,2.6814112267448893,5,1,1,2.6211846321717025,0.48410977501130326,1.0
sub80,NB,3.0,BB,1,10.972736199997598,2.395413668891972,5,1,0,1.5615165383513028,0.3613789981186711,1.0
sub80,NB,9.0,EM,1,3.3979341000085697,1.223167629303165,5,1,1,-0.6479182625393706,0.10548222139370374,1.0
sub80,NB,29.0,BB,1,5.012587100005476,1.611952169041413,5,1,0,-0.17695275314858927,0.16002945480975633,1.0
sub80,NB,25.0,BB,1,2.7420705999829806,1.008713328431919,5,1,0,-0.8392219589874397,0.08332542397343227,1.0
sub80,NB,23.0,EM,1,3.7895162999921013,1.3322383856176299,3,1,1,-0.5337007122149603,0.11871090004113698,0.5
sub80,NB,14.0,BB,1,4.082803800003603,1.4067839582814659,5,1,0,-0.44815397440743726,0.1286189246886424,1.0
sub80,NB,39.0,BB,1,4.754740599979414,1.5591421414029516,5,1,0,-0.25216198276612145,0.15131872053901163,1.0
sub80,NB,30.0,EM,1,10.58758800002397,2.359682371634207,5,1,1,1.449175671185497,0.3483676769470173,1.0
sub80,NB,13.0,BB,0,5.438942499982659,1.6935846485854675,5,1,0,-0.052592479992592894,0.17443286379038214,1.0
sub80,NB,20.0,EM,1,3.8742763999907766,1.3543589098818174,5,1,1,-0.5089777013439148,0.12157431958639194,1.0
sub80,NB,36.0,BB,1,8.69831969999359,2.1631298690752345,3,1,0,0.8981097720100281,0.2845432150053472,0.5
sub80,NB,10.0,BB,1,3.3713289000152145,1.2153069989844314,5,1,0,-0.6556785253124482,0.10458342762555597,1.0
sub80,NB,31.0,EM,1,4.2607343000127,1.4494415163221233,5,1,1,-0.3962548180109227,0.13462988587711433,1.0
sub80,NB,11.0,EM,1,4.636193600017577,1.5338936847474163,5,1,1,-0.28674003032425444,0.14731389047477894,1.0
sub80,NB,7.0,EM,1,2.7129294000042137,0.9980290104868172,5,1,1,-0.8477219277685245,0.08234095744268621,1.0
sub81,NB,9.0,EM,1,5.546548399986932,1.7131758243798927,4,1,1,-0.021205756337997664,0.17806807466509567,0.75
sub81,NB,24.0,BB,1,6.1791022999968845,1.821173002018323,5,1,0,0.16329894512781787,0.19943741236932272,1.0
sub81,NB,35.0,EM,1,7.593185900012031,2.0272512530094935,3,1,1,0.5757619343914921,0.24720888289579868,0.5
sub81,NB,4.0,EM,1,4.247513999987859,1.4463338706121636,5,1,1,-0.40011094396213953,0.13418326930297325,1.0
sub81,NB,13.0,BB,0,5.367837700003292,1.6804251644886234,3,1,0,-0.07333248316508634,0.1720307562654318,0.5
sub81,NB,22.0,EM,1,5.028041600016877,1.6150305643645932,3,1,1,-0.1724449508714044,0.1605515485472045,0.5
sub81,NB,8.0,BB,0,4.5153924000042025,1.5074920933924016,5,1,0,-0.32197558787093833,0.1432329075923383,1.0
sub81,NB,28.0,EM,1,2.964898100006394,1.0868426642390054,5,1,1,-0.7742271476843285,0.09085312413892659,1.0
sub81,NB,17.0,BB,1,4.119597499986412,1.4157554644109926,4,1,0,-0.43742190773131034,0.12986191283606868,0.75
sub81,NB,27.0,BB,1,2.4757640000025276,0.9065490352563724,3,1,0,-0.9168988490153042,0.0743288852314258,0.5
sub81,NB,10.0,BB,1,4.331374000001233,1.4658848126951838,3,1,0,-0.3756504762183672,0.13701628109870173,0.5
sub81,NB,26.0,EM,1,5.135091999982251,1.636097759477525,5,1,1,-0.14122025667997395,0.16416799316670122,1.0
sub81,NB,6.0,BB,1,4.363642400014214,1.4733071214451543,3,1,0,-0.36623835890934275,0.13810639268767722,0.5
sub81,NB,33.0,BB,1,4.595311999990372,1.525036653391648,4,1,0,-0.29866446460304985,0.14593280229105776,0.75
sub81,NB,2.0,BB,1,3.0824704999977257,1.1257313858557345,5,1,0,-0.7399333735716738,0.09482502964780369,1.0
sub81,NB,34.0,BB,1,7.373941700003343,1.9979523936243853,3,1,0,0.5118123078536143,0.23980223604783035,0.5
sub81,NB,19.0,BB,1,7.501956299995072,2.0151638265287697,5,1,0,0.5491518856419548,0.2441269065909284,1.0
sub81,NB,32.0,EM,1,3.2068204000242986,1.1652799166558536,5,1,1,-0.7036627234636816,0.0990258969685378,1.0
sub81,NB,39.0,BB,0,6.997620700014522,1.9455701912782906,2,1,0,0.4020461776358383,0.22708912095388023,0.25
sub81,NB,14.0,BB,1,6.599865299998783,1.887049239733018,3,1,0,0.2860280148592505,0.21365189534119722,0.5
sub81,NB,3.0,BB,1,10.657919199991738,2.366303202685386,3,1,0,1.4696900290190058,0.3507436502249168,0.5
sub81,NB,36.0,BB,0,10.139421800005948,2.3164309748415723,2,1,0,1.3184535762935152,0.3332274416632658,0.25
sub81,NB,23.0,EM,1,2.9975440000125673,1.0977932867150733,4,1,1,-0.7647049203537768,0.0919559886724934,0.75
sub81,NB,5.0,EM,0,5.767938099976163,1.752314668298185,2,1,1,0.043369674314594785,0.18554720215641768,0.25
sub81,NB,1.0,EM,1,7.9205304000061005,2.0694581732817046,4,1,1,0.671242492248984,0.2582674427527288,0.75
sub81,NB,37.0,BB,1,3.266123100009281,1.1836036852063982,4,1,0,-0.68636518256373,0.10102929845374185,0.75
sub81,NB,16.0,EM,1,7.314938199997414,1.9899185860423347,2,1,1,0.49460203825625526,0.237808942326397,0.25
sub81,NB,20.0,EM,1,3.280301099992357,1.18793521696096,4,1,1,-0.682229712599481,0.1015082686562876,0.75
sub81,NB,18.0,EM,1,6.832728699984727,1.9217241106323433,3,1,1,0.3539501193566626,0.22151863465491556,0.5
sub81,NB,31.0,EM,1,6.222257999994326,1.8281328633814868,4,1,1,0.17588669384686145,0.20089532564294754,0.75
sub81,NB,38.0,EM,1,3.9227667000086512,1.3667971956676972,4,1,1,-0.4948339448535271,0.12321244970691596,0.75
sub81,NB,11.0,EM,1,3.341116299998248,1.2063049727053878,5,1,1,-0.6644910023939251,0.10356276637807155,1.0
sub81,NB,15.0,BB,1,4.465519199991832,1.4963854897612316,4,1,0,-0.33652271164850517,0.14154805946566001,0.75
sub81,NB,30.0,EM,1,9.551171799976146,2.2566638485336,1,1,1,1.1468715330224881,0.3133548064539174,0.0
sub81,NB,12.0,EM,1,4.7401336999901105,1.5560653420581507,3,1,1,-0.25642255521982854,0.15082526096398036,0.5
sub81,NB,7.0,EM,1,4.672464000002947,1.5416865556636348,5,1,1,-0.27616060093295514,0.14853920016924538,1.0
sub81,NB,29.0,BB,1,6.41766100001405,1.8590537211016123,3,1,0,0.2328822671625846,0.20749655392685323,0.5
sub81,NB,40.0,EM,1,4.484477199992398,1.5006219223824628,3,1,1,-0.3309930008516254,0.14218851066547472,0.5
sub81,NB,25.0,BB,1,2.6176249999844003,0.9622674181082198,4,1,0,-0.8755205230720357,0.07912132365544675,0.75
sub81,NB,21.0,BB,1,16.42719279997982,2.798938059263781,2,1,0,3.152484338284452,0.5456449161317234,0.25
sub82,NB,22.0,EM,1,7.923132299998542,2.069786620063878,5,1,1,0.672001420114802,0.2583553417912301,1.0
sub82,NB,20.0,EM,1,7.481209400022635,2.0123944634118613,4,1,1,0.5431003845988099,0.24342602163579674,0.75
sub82,NB,6.0,BB,1,5.78850710002007,1.7558744172362841,5,1,0,0.04936928511849871,0.18624207718314595,1.0
sub82,NB,10.0,BB,1,4.9646409999986645,1.6023409887396507,5,1,0,-0.19093777619258231,0.1584097091997299,1.0
sub82,NB,35.0,EM,1,5.068414300010772,1.6230280073439656,5,1,1,-0.16066895366448594,0.16191544474670216,1.0
sub82,NB,18.0,EM,1,5.366457099997206,1.6801679328698869,3,1,1,-0.0737351795866288,0.17198411595894714,0.5
sub82,NB,36.0,BB,1,6.944615599990357,1.9379666255010304,3,1,0,0.38658553443061816,0.2252984689913441,0.5
sub82,NB,8.0,BB,1,5.705125300009968,1.7413649462647829,2,1,0,0.025048299794869965,0.18342522024372282,0.25
sub82,NB,3.0,BB,0,3.7738324999809265,1.3280910633384548,4,1,0,-0.538275397216295,0.11818105994542484,0.75
sub82,NB,5.0,EM,0,9.944413000019267,2.2970108859303555,1,1,1,1.261572984103374,0.32663953049530703,0.0
sub82,NB,30.0,EM,1,5.6515361000201665,1.7319273843165013,3,1,1,0.00941728503746415,0.1816148358450757,0.5
sub82,NB,37.0,BB,1,4.2864838000095915,1.4554667698246426,4,1,0,-0.3887441476795159,0.13549977184436535,0.75
sub82,NB,39.0,BB,1,4.931736800004728,1.5956912181045193,5,1,0,-0.200535345027044,0.15729811861188153,1.0
sub82,NB,34.0,BB,1,7.412316900008591,2.003143062502209,2,1,0,0.523005669906315,0.24109865143372322,0.25
sub82,NB,19.0,BB,0,10.242275500000687,2.3265238117218083,1,1,0,1.348454167882446,0.3367021106982402,0.0
sub82,NB,12.0,EM,1,3.401317599986214,1.224162885959699,5,1,1,-0.646931355884815,0.10559652493944646,1.0
sub82,NB,11.0,EM,1,3.313471600005869,1.1979964615137497,5,1,1,-0.6725544687943784,0.10262885556057458,1.0
sub82,NB,24.0,BB,1,6.724733600014588,1.9057923113225417,5,1,0,0.32244987300698713,0.217870275579701,1.0
sub82,NB,16.0,EM,1,6.096062900003744,1.8076431365731964,5,1,1,0.1390778317880792,0.19663212260479535,1.0
sub82,NB,17.0,BB,0,5.5838586000027135,1.719880042790371,2,1,0,-0.010323035805512904,0.17932851154476226,0.25
sub82,NB,29.0,BB,1,8.89700559998164,2.1857147706860176,2,1,0,0.9560629087501308,0.2912553483015708,0.25
sub82,NB,38.0,EM,1,11.679325200006133,2.457820201759023,4,1,1,1.767615959291641,0.38524943660468297,0.75
sub82,NB,1.0,EM,1,5.705693199997768,1.7414644833818211,5,1,1,0.02521394610218044,0.18344440540189094,1.0
sub82,NB,26.0,EM,1,4.252516000007745,1.4475108077752743,5,1,1,-0.3986519496845191,0.1343522500453571,1.0
sub82,NB,9.0,EM,1,10.120252799999435,2.3145386437844166,1,1,1,1.3128623205546062,0.3325798623272044,0.0
sub82,NB,32.0,EM,1,3.433029900013935,1.2334432240251405,5,1,1,-0.6376814430326186,0.10666785000543605,1.0
sub82,NB,28.0,EM,1,7.885956200014334,2.06508348129524,5,1,1,0.6611578141720647,0.2570994351640222,1.0
sub82,NB,21.0,BB,1,4.397338200011291,1.4809994033224956,5,1,0,-0.35640989445909654,0.1392447256097259,1.0
sub82,NB,13.0,BB,0,3.6916145000141114,1.3060638962415618,3,1,0,-0.562256922804478,0.11540351923841258,0.5
sub82,NB,40.0,EM,1,5.892543599999044,1.77368775503693,5,1,1,0.0797148783870992,0.18975670431860675,1.0
sub82,NB,25.0,BB,1,3.5292019000044093,1.2610717547325523,5,1,0,-0.6096297842770032,0.10991679360606049,1.0
sub82,NB,14.0,BB,1,3.3595544999989215,1.2118083758983411,5,1,0,-0.6591129079949533,0.10418565736406701,1.0
sub82,NB,23.0,EM,1,3.4855065000010654,1.2486133708116252,5,1,1,-0.6223749538711192,0.10844064784397121,1.0
sub82,NB,27.0,BB,1,3.103688200004399,1.132591146245919,5,1,0,-0.7337445485474966,0.09554181946878566,1.0
sub82,NB,4.0,EM,1,10.453161100012949,2.3469044302765374,5,1,1,1.4099657397391518,0.3438263820110084,1.0
sub82,NB,33.0,BB,1,4.744639499986079,1.5570154544625112,5,1,0,-0.2551082936476405,0.15097747876192613,1.0
sub82,NB,7.0,EM,1,5.83176599998842,1.7633198704426138,3,1,1,0.061987135430186725,0.18770347682374972,0.5
sub82,NB,2.0,BB,1,3.922640800010413,1.3667651004583028,5,1,0,-0.49487066763966303,0.12320819647319269,1.0
sub82,NB,31.0,EM,1,3.863996300002327,1.3517019587934795,5,1,1,-0.5119762233344958,0.12122703071775491,1.0
sub82,NB,15.0,BB,1,3.722915499994997,1.314507097881728,5,1,0,-0.5531269788471901,0.11646094950492587,1.0
sub83,NB,13.0,BB,1,10.29844630000298,2.331993039197485,5,1,0,1.3648381893632333,0.33859970834856956,1.0
sub83,NB,28.0,EM,1,4.008722900005523,1.3884727117917188,5,1,1,-0.4697620529257258,0.12611627666217834,1.0
sub83,NB,22.0,EM,1,5.232710699987365,1.654929442083415,5,1,1,-0.11274662130812471,0.1674658101062918,1.0
sub83,NB,36.0,BB,1,2.739385199995013,1.0077335156592544,5,1,0,-0.8400052423141071,0.08323470408503555,1.0
sub83,NB,24.0,BB,1,3.670080700016115,1.3002136509299305,5,1,0,-0.5685379485636939,0.1146760507267091,1.0
sub83,NB,37.0,BB,1,3.436843500006944,1.2345534629371786,5,1,0,-0.6365690838673221,0.10679668346313534,1.0
sub83,NB,8.0,BB,1,9.331090199993923,2.2333518569069013,5,1,0,1.082677651833549,0.30591987002805276,1.0
sub83,NB,31.0,EM,1,3.1713316999957897,1.1541515943100384,5,1,1,-0.7140141449062921,0.09782699515861884,1.0
sub83,NB,6.0,BB,1,5.3630949999787845,1.6795412338060056,5,1,0,-0.07471584425439427,0.17187053536022207,1.0
sub83,NB,9.0,EM,1,5.884488799987594,1.7723198720263666,3,1,1,0.07736543674828214,0.18948459194749973,0.5
sub83,NB,39.0,BB,1,4.0519879999919794,1.3992076248795786,5,1,0,-0.4571423941792313,0.12757788575573253,1.0
sub83,NB,14.0,BB,1,4.619835799996508,1.5303591633357498,5,1,0,-0.29151130911880047,0.14676128088254825,1.0
sub83,NB,32.0,EM,1,3.6848131000006106,1.3042198052235923,5,1,1,-0.5642407699976119,0.11517375002230665,1.0
sub83,NB,1.0,EM,1,6.875521400012076,1.927967480678684,5,1,1,0.366431987452548,0.22296428483294106,1.0
sub83,NB,11.0,EM,1,3.174560500017833,1.1551691975717702,5,1,1,-0.7130723614722629,0.09793607253218238,1.0
sub83,NB,27.0,BB,1,5.430567499977769,1.692043640451289,5,1,0,-0.05503531826400979,0.17414993421967745,1.0
sub83,NB,26.0,EM,1,2.119772500009276,0.7513087716092706,5,1,1,-1.0207352263257425,0.06230255422141946,1.0
sub83,NB,40.0,EM,1,3.5675762000028044,1.2718864296369747,5,1,1,-0.5984366847402647,0.11121317858735004,1.0
sub83,NB,15.0,BB,1,3.461352700018324,1.2416594664296445,5,1,0,-0.629420186941393,0.10762466882832775,1.0
sub83,NB,35.0,EM,1,4.406966900016414,1.4831866750570613,3,1,1,-0.3536013742366756,0.13957000847029943,0.5
sub83,NB,25.0,BB,0,5.5404730000009295,1.7120798761761473,2,1,0,-0.02297784225934791,0.177862831643138,0.25
sub83,NB,17.0,BB,1,7.3437662000069395,1.993851817300391,2,1,0,0.5030106521870688,0.23878282813680984,0.25
sub83,NB,2.0,BB,1,2.5397061000112444,0.9320483656786918,5,1,0,-0.8982480777956183,0.0764890178755882,1.0
sub83,NB,3.0,BB,0,2.916210499999579,1.0702849994695136,3,1,0,-0.7884284530658986,0.08920832870483379,0.5
sub83,NB,33.0,BB,1,3.0952000000106636,1.1298525244076114,5,1,0,-0.7362204052386049,0.09525506570414317,1.0
sub83,NB,4.0,EM,1,3.4983781999908388,1.252299489674462,5,1,1,-0.6186205083385989,0.10887548779026612,1.0
sub83,NB,10.0,BB,1,4.047925199993188,1.3982044535518867,4,1,0,-0.45832744054584235,0.1274406336651241,0.75
sub83,NB,38.0,EM,1,2.6663020999985747,0.9806925311651861,5,1,1,-0.8613222803512247,0.08076576437211763,1.0
sub83,NB,5.0,EM,1,3.2130342999880668,1.1672157554542895,5,1,1,-0.7018502395666802,0.09923581888473175,1.0
sub83,NB,34.0,BB,1,4.591336500016041,1.5241711581628945,5,1,0,-0.2998240471080818,0.1457984994253363,1.0
sub83,NB,16.0,EM,1,4.03820540002198,1.3958003853681442,3,1,1,-0.4611625330051046,0.12711227320762153,0.5
sub83,NB,30.0,EM,1,7.000814800005173,1.946026542282098,2,1,1,0.40297783968901313,0.22719702606893877,0.25
sub83,NB,29.0,BB,1,4.734726300026523,1.5549239213826664,4,1,0,-0.2579997974374044,0.1506425847431525,0.75
sub83,NB,19.0,BB,1,11.404886600008467,2.434041912680209,4,1,0,1.6875671097588676,0.3759781774719306,0.75
sub83,NB,21.0,BB,1,2.772694400016917,1.019819555013112,5,1,0,-0.8302895421879838,0.08435997664112052,1.0
sub83,NB,18.0,EM,1,3.650061399996048,1.2947439893696386,5,1,1,-0.5743772216654784,0.11399974601540415,1.0
sub83,NB,20.0,EM,1,10.757555599993793,2.375608354203786,2,1,1,1.498752191527558,0.3541096303876253,0.25
sub83,NB,23.0,EM,1,2.3069765999971423,0.835937836096024,5,1,1,-0.9661311260571417,0.06862680205578373,1.0
sub83,NB,7.0,EM,1,4.145545900013531,1.4220344807631182,4,1,1,-0.42985322180518803,0.13073851817049975,0.75
sub83,NB,12.0,EM,1,5.11661009999807,1.6324921299290154,5,1,1,-0.1466110975854663,0.1635436258801008,1.0
sub84,NB,13.0,BB,0,5.488036900002044,1.7025706141622852,5,1,0,-0.03827251829592574,0.17609140200093487,1.0
sub84,NB,39.0,BB,1,9.900604900001781,2.2925958562842346,5,1,0,1.248794941923279,0.325159577429743,1.0
sub84,NB,5.0,EM,0,6.682537499989849,1.899497780685951,2,1,1,0.31014202250134054,0.21644478012197665,0.25
sub84,NB,6.0,BB,1,4.778723599971272,1.5641734815499815,5,1,0,-0.2451665690097872,0.15212892948085582,1.0
sub84,NB,34.0,BB,1,4.49404640001012,1.5027534985897026,5,1,0,-0.32820183571532835,0.1425117834596742,1.0
sub84,NB,7.0,EM,1,4.686107599991374,1.5446023018346513,5,1,1,-0.27218100592493427,0.14900011693167386,1.0
sub84,NB,30.0,EM,1,7.126573100016685,1.9638304877523336,4,1,1,0.43965929497702483,0.23144547285270411,0.75
sub84,NB,4.0,EM,0,8.60701129998779,2.152577138549918,4,1,1,0.8714767387078439,0.28145857662919316,0.75
sub84,NB,24.0,BB,1,6.942173699993873,1.9376149387332826,3,1,0,0.3858732757126599,0.22521597517435238,0.5
sub84,NB,35.0,EM,0,5.380045400001109,1.682696812800004,2,1,1,-0.06977171459873036,0.17244316454216702,0.25
sub84,NB,22.0,EM,1,5.763275400007842,1.751505958924718,5,1,1,0.04200964781619482,0.18538968386392912,1.0
sub84,NB,33.0,BB,0,6.6334938000072725,1.8921316337256109,5,1,0,0.29583684910201147,0.21478795469227657,1.0
sub84,NB,38.0,EM,1,3.8850966000172775,1.3571478483797972,5,1,1,-0.5058216417960113,0.12193985445763365,1.0
sub84,NB,40.0,EM,1,5.628595799993491,1.7278599971872828,5,1,1,0.002726008281615451,0.1808398520558704,1.0
sub84,NB,32.0,EM,1,3.823811200010823,1.3412476215881917,5,1,1,-0.5236975009634689,0.1198694721407181,1.0
sub84,NB,26.0,EM,1,5.252697899995837,1.65874183032298,5,1,1,-0.10691671120774793,0.1681410303946123,1.0
sub84,NB,29.0,BB,1,5.216283599991584,1.6517851943103243,5,1,0,-0.11753811367047191,0.16691085937828992,1.0
sub84,NB,2.0,BB,1,3.979671999986749,1.3811994038366548,4,1,0,-0.47823568281749124,0.12513486070204727,0.75
sub84,NB,16.0,EM,1,4.448102599999402,1.4924776232288806,3,1,1,-0.3416028235284607,0.1409596808201536,0.5
sub84,NB,11.0,EM,1,3.0520602999895345,1.115816870759646,3,1,1,-0.7488034870496537,0.09379769295188276,0.5
sub84,NB,1.0,EM,1,5.309405700012576,1.6694799080886495,4,1,1,-0.09037605639128583,0.17005676932057956,0.75
sub84,NB,12.0,EM,1,4.577329299994744,1.5211157057722895,5,1,1,-0.3039096977668805,0.1453252992956066,1.0
sub84,NB,23.0,EM,1,4.798886400007177,1.5683838909991776,5,1,1,-0.2392854395103389,0.15281008200085971,1.0
sub84,NB,21.0,BB,1,4.580704699998023,1.521852850918535,5,1,0,-0.302925153730518,0.1454393292028695,1.0
sub84,NB,36.0,BB,1,1.8679045000171755,0.6248172143119575,5,1,0,-1.0942006340113222,0.05379378943689314,1.0
sub84,NB,18.0,EM,0,3.9516078000015114,1.3741225340706125,3,1,1,-0.4864215098909972,0.12418677806928811,0.5
sub84,NB,19.0,BB,0,5.462477199995192,1.697902386499074,1,1,0,-0.04572782735219086,0.17522792797752507,0.0
sub84,NB,37.0,BB,1,2.7207385000074282,1.0009033508121261,5,1,0,-0.8454441524441021,0.08260476942002466,1.0
sub84,NB,25.0,BB,1,6.238086099998327,1.8306734205908912,4,1,0,0.18050346858489288,0.20143004057268943,0.75
sub84,NB,31.0,EM,1,2.791147300013108,1.0264527299487514,5,1,1,-0.8249071600622515,0.0849833642317033,1.0
sub84,NB,9.0,EM,1,4.145286699989811,1.4219719538647209,5,1,1,-0.42992882583354936,0.13072976171063166,1.0
sub84,NB,10.0,BB,1,2.7812777000071947,1.0229104264359659,5,1,0,-0.8277859465224242,0.08464994313426213,1.0
sub84,NB,20.0,EM,1,2.4995699000137392,0.9161186770790734,5,1,1,-0.909955092167667,0.07513311126921428,1.0
sub84,NB,3.0,BB,1,2.5424369999964256,0.9331230698711116,4,1,0,-0.8974515229305058,0.0765812748737964,0.75
sub84,NB,14.0,BB,1,3.7531495000002906,1.3225953541584043,5,1,0,-0.5443082597704342,0.11748233370041113,1.0
sub84,NB,27.0,BB,1,6.152102399995783,1.816793877057629,5,1,0,0.15542355539544617,0.19852528459476498,1.0
sub84,NB,8.0,BB,1,5.599378400016576,1.7226555915831079,2,1,0,-0.005796186681158732,0.17985281128837793,0.25
sub84,NB,28.0,EM,1,5.524274199997308,1.7091518722581556,5,1,1,-0.0277027435819477,0.17731559349050752,1.0
sub84,NB,15.0,BB,1,2.5685651999956463,0.9433474550669518,5,1,0,-0.8898303925562887,0.07746395432510979,1.0
sub84,NB,17.0,BB,1,3.71062699999311,1.311200865033558,5,1,0,-0.556711315334998,0.11604581159112189,1.0
sub85,NB,9.0,EM,1,12.033721700019669,2.487712850389785,4,1,1,1.8709871035285173,0.39722188431208977,0.75
sub85,NB,19.0,BB,1,16.89918310000212,2.8272652834827627,4,1,0,3.290155498637751,0.5615899922969914,0.75
sub85,NB,20.0,EM,1,6.286955500021577,1.8384769312816442,4,1,1,0.19475780179185181,0.20308097769043282,0.75
sub85,NB,26.0,EM,1,4.916202099993825,1.5925363015165848,5,1,1,-0.2050665402150392,0.15677331550710005,1.0
sub85,NB,38.0,EM,0,9.899888900021324,2.2925235348575064,5,1,1,1.2485860974870313,0.3251353890635368,1.0
sub85,NB,33.0,BB,1,7.718586100003449,2.0436311995951555,5,1,0,0.6123389382844507,0.25144523211718844,1.0
sub85,NB,17.0,BB,1,7.245858900016174,1.9804301194729337,5,1,0,0.4744528373418262,0.23547526152915976,1.0
sub85,NB,10.0,BB,1,6.370982699998422,1.8517537277011276,5,1,0,0.2192670387857146,0.2059196379415475,1.0
sub85,NB,3.0,BB,1,6.5563627000083216,1.8804359827204786,5,1,0,0.27333908159348375,0.21218226287162673,1.0
sub85,NB,40.0,EM,1,5.430587699986063,1.6920473601308115,5,1,1,-0.05502942628152457,0.17415061662919046,1.0
sub85,NB,30.0,EM,1,8.748282899992773,2.1688574411111086,4,1,1,0.9126831471800826,0.2862311035687559,0.75
sub85,NB,34.0,BB,1,5.470465599995805,1.6993637316407026,5,1,0,-0.04339775341338585,0.17549779718128283,1.0
sub85,NB,39.0,BB,1,8.041734300000826,2.08464476888437,4,1,0,0.7065955102047148,0.26236202990177,0.75
sub85,NB,13.0,BB,0,11.929325500008417,2.4789996963730445,4,1,0,1.8405365921698196,0.39369510556162535,0.75
sub85,NB,1.0,EM,1,5.6289640000031795,1.7279254110098805,5,1,1,0.002833405663666627,0.1808522908225108,1.0
sub85,NB,21.0,BB,1,4.415661600010935,1.4851576756062264,5,1,0,-0.35106528517486013,0.1398637383491555,1.0
sub85,NB,15.0,BB,0,12.220982099999674,2.5031543187628404,3,1,0,1.925607625501643,0.40354803410855516,0.5
sub85,NB,37.0,BB,1,3.97963119999622,1.3811891516853032,5,1,0,-0.4782475834477336,0.12513348237084748,1.0
sub85,NB,4.0,EM,1,6.088586700003361,1.8064159858246713,5,1,1,0.13689715746270126,0.19637955686684,1.0
sub85,NB,16.0,EM,0,5.655295300006401,1.7325923274808146,5,1,1,0.010513776690111531,0.18174183152718643,1.0
sub85,NB,23.0,EM,1,3.955488500010688,1.3751041081335855,5,1,1,-0.4852895788466068,0.12431787834236142,1.0
sub85,NB,8.0,BB,1,3.723365499987267,1.3146279635844376,5,1,0,-0.5529957218677737,0.11647615169054447,1.0
sub85,NB,24.0,BB,0,10.322644200001378,2.334339948164806,5,1,0,1.3718962856222778,0.33941717717895814,1.0
sub85,NB,14.0,BB,1,3.6433582000026945,1.2929058387493861,5,1,0,-0.5763324256625131,0.11377329425476417,1.0
sub85,NB,2.0,BB,1,5.087770000012824,1.626839620616076,5,1,0,-0.15502324086359373,0.16256933130062118,1.0
sub85,NB,18.0,EM,1,18.11278230001335,2.8966178934474036,3,1,1,3.6441407607532823,0.6025885714571416,0.5
sub85,NB,7.0,EM,1,5.335344499995699,1.6743534562388864,5,1,1,-0.08281017062693853,0.17093305034022555,1.0
sub85,NB,11.0,EM,1,4.580209700012347,1.521744783106842,5,1,1,-0.3030695364061783,0.1454226067988857,1.0
sub85,NB,32.0,EM,1,5.164163600013126,1.6417431533526543,5,1,1,-0.13274058896352203,0.16515010842779154,1.0
sub85,NB,31.0,EM,1,4.25632770001539,1.4484067462592796,5,1,1,-0.3975401447110982,0.13448101931654377,1.0
sub85,NB,36.0,BB,1,4.337521099980222,1.4673030098099,5,1,0,-0.3738574766866498,0.13722394633537266,1.0
sub85,NB,6.0,BB,1,6.186355099984212,1.822346076427856,5,1,0,0.16541445765004253,0.1996824310661136,1.0
sub85,NB,5.0,EM,1,9.82728299999144,2.2851624971737743,3,1,1,1.2274082501771657,0.3226825704230485,0.5
sub85,NB,25.0,BB,1,2.8282769999932498,1.039667692315864,5,1,0,-0.8140770881739214,0.08623770334449637,1.0
sub85,NB,12.0,EM,1,8.481864600005792,2.137930307709446,4,1,1,0.8349736762506415,0.27723079130616723,0.75
sub85,NB,27.0,BB,1,7.400641499989433,2.001566685640595,5,1,0,0.519600163758942,0.240704225653031,1.0
sub85,NB,28.0,EM,1,3.513182800001232,1.2565224072277181,5,1,1,-0.6143022703114593,0.10937562619300638,1.0
sub85,NB,29.0,BB,1,5.860395099996822,1.7682170245237276,5,1,0,0.07033773377477377,0.1886706432679658,1.0
sub85,NB,22.0,EM,1,3.1981416000053287,1.1625698911067475,5,1,1,-0.7061941747859427,0.09873270423275686,1.0
sub85,NB,35.0,EM,1,4.083622500009369,1.4069844621440935,5,1,1,-0.44791517420376836,0.12864658253234773,1.0
sub86,NB,29.0,BB,0,2.5280036999902222,0.9274299398872671,2,1,0,-0.9016614593624355,0.07609367996368023,0.25
sub86,NB,19.0,BB,1,6.5212288000038825,1.8750628244392915,3,1,0,0.26309114899588715,0.21099534714152124,0.5
sub86,NB,38.0,EM,1,4.825817000004463,1.5739800468826435,5,1,1,-0.23143026335425745,0.15371986863866305,1.0
sub86,NB,12.0,EM,1,9.483890100003919,2.2495945801988526,5,1,1,1.127246660000137,0.3110818533221789,1.0
sub86,NB,40.0,EM,1,4.941249199997401,1.5976181737258666,5,1,1,-0.19776074744596217,0.1576194725515504,1.0
sub86,NB,32.0,EM,1,3.136059499986004,1.142967075517995,5,1,1,-0.7243024171511485,0.09663540728987234,1.0
sub86,NB,28.0,EM,1,3.8283327000099234,1.3424293820423565,5,1,1,-0.5223786599801179,0.12002222032614375,1.0
sub86,NB,10.0,BB,1,6.6544847000041045,1.8952910183464147,5,1,0,0.30195952060455594,0.21549708261124273,1.0
sub86,NB,16.0,EM,1,4.635216399998171,1.5336828861692016,5,1,1,-0.2870250621576683,0.14728087808291962,1.0
sub86,NB,11.0,EM,1,2.7812774000049103,1.0229103185710444,5,1,1,-0.827786034027745,0.08464993299939437,1.0
sub86,NB,34.0,BB,1,4.716343999985838,1.5510339231840777,4,1,0,-0.2633615868141014,0.15002158220511796,0.75
sub86,NB,31.0,EM,1,4.059839499997906,1.4011434408120103,5,1,1,-0.4548522515295226,0.12784313011689885,1.0
sub86,NB,35.0,EM,1,3.4917002999864053,1.2503888095480404,5,1,1,-0.6205683327796737,0.10864989072992462,1.0
sub86,NB,23.0,EM,1,6.754520599992247,1.9102119992404398,1,1,1,0.33113821014055606,0.21887655893627883,0.0
sub86,NB,36.0,BB,1,8.294462099991506,2.1155880752458245,1,1,0,0.7803117062295265,0.27089984099606923,0.0
sub86,NB,21.0,BB,1,7.778475700004492,2.051360393545108,5,1,0,0.629807667461404,0.2534684606315858,1.0
sub86,NB,33.0,BB,1,3.877741899981629,1.355252999675626,5,1,0,-0.5079668767466244,0.1216913933086745,1.0
sub86,NB,2.0,BB,1,6.142457899986766,1.8152249715007007,5,1,0,0.15261042659342194,0.19819946796842236,1.0
sub86,NB,9.0,EM,1,4.818980299984105,1.5725623496614822,5,1,1,-0.23342440693039798,0.15348890689529981,1.0
sub86,NB,27.0,BB,1,9.620692199998302,2.2639162163508093,4,1,0,1.1671493949591076,0.3157033887729625,0.75
sub86,NB,8.0,BB,1,6.2921558000089135,1.839303746492919,5,1,0,0.19627463663656802,0.20325665752829475,1.0
sub86,NB,25.0,BB,1,6.423089399992023,1.8598992169071145,5,1,0,0.2344656347101677,0.2076799395835081,1.0
sub86,NB,13.0,BB,0,4.84005819997401,1.5769267454442617,2,1,0,-0.22727635908008434,0.154200973903302,0.25
sub86,NB,1.0,EM,1,8.48012110000127,2.137724730362371,5,1,1,0.834465128365892,0.2771718912813893,1.0
sub86,NB,5.0,EM,0,6.933104099996854,1.9363076349921322,3,1,1,0.3832278350002746,0.22490958018544233,0.5
sub86,NB,22.0,EM,1,5.4851753000111785,1.702049053109136,5,1,1,-0.03910719602381717,0.1759947296121025,1.0
sub86,NB,15.0,BB,1,6.09834949998185,1.8080181607941108,5,1,0,0.13974479225789144,0.19670936997790595,1.0
sub86,NB,6.0,BB,1,11.316600299993297,2.4262707008121795,2,1,0,1.661815569174636,0.37299563359756477,0.25
sub86,NB,7.0,EM,1,5.534136000002036,1.7109354564155002,4,1,1,-0.02482623224313639,0.17764875108335343,0.75
sub86,NB,4.0,EM,0,13.711884900025325,2.618262967714689,3,1,1,2.360477406604808,0.45391465965212485,0.5
sub86,NB,20.0,EM,1,4.373412699991604,1.4755436425470967,3,1,1,-0.3633885364981119,0.13843645916847064,0.5
sub86,NB,18.0,EM,1,3.387998799997149,1.2202394225976405,5,1,1,-0.6508162125204736,0.10514658077693809,1.0
sub86,NB,24.0,BB,1,9.99895359997754,2.3024804475166527,5,1,0,1.2774815052790545,0.3284820556921023,1.0
sub86,NB,39.0,BB,1,6.356383700011065,1.8494596150101996,5,1,0,0.21500877062180912,0.2054264452494008,1.0
sub86,NB,30.0,EM,1,10.194011200015666,2.3218004106042844,4,1,1,1.3343763315746582,0.3350716154544012,0.75
sub86,NB,17.0,BB,1,5.9149503000080585,1.7774830950295486,5,1,0,0.08625051352575261,0.19051366169302558,1.0
sub86,NB,14.0,BB,0,6.764782499987632,1.9117301103280226,1,1,0,0.3341314235174568,0.2192232329611879,0.0
sub86,NB,37.0,BB,1,3.9837200999900233,1.382216081227681,5,1,0,-0.4770549241776408,0.12527161618806842,1.0
sub86,NB,3.0,BB,0,5.890050699992571,1.7732646054350343,5,1,0,0.07898774387497114,0.18967248758687788,1.0
sub86,NB,26.0,EM,1,9.596865900006378,2.2614365764219313,5,1,1,1.160199687800594,0.3148984735700658,1.0
sub87,NB,12.0,EM,1,2.8705569000157993,1.054506052765203,4,1,1,-0.8017447947021046,0.08766602978698389,0.75
sub87,NB,21.0,BB,1,2.846987099997932,1.0462612771995559,5,1,0,-0.8086196853886328,0.08686977982916215,1.0
sub87,NB,4.0,EM,0,3.720707400003448,1.313913811497938,2,1,1,-0.5537710422696763,0.11638635406823129,0.25
sub87,NB,9.0,EM,1,4.94429929999751,1.5982352563484237,2,1,1,-0.1968710876241632,0.15772251296744694,0.25
sub87,NB,38.0,EM,1,4.064737299981061,1.4023491160605908,3,1,1,-0.4534236505459272,0.1280085907074448,0.5
sub87,NB,35.0,EM,1,3.8825703999900725,1.3564974085202444,5,1,1,-0.5065584893308303,0.12185451276344929,1.0
sub87,NB,13.0,BB,0,3.4744627000181936,1.2454398483622515,5,1,0,-0.6255962335420784,0.10806755917695293,1.0
sub87,NB,17.0,BB,0,8.704784400004428,2.163872805538873,2,1,0,0.899995409811877,0.28476160960806157,0.25
sub87,NB,36.0,BB,1,5.541032300010556,1.712180819142822,2,1,0,-0.02281470441243176,0.17788172627137994,0.25
sub87,NB,8.0,BB,0,4.047187299991492,1.3980221460166324,4,1,0,-0.4585426728280594,0.12741570545848757,0.75
sub87,NB,23.0,EM,1,2.8861284000158776,1.0599159500119917,2,1,1,-0.7972028656129879,0.08819207609237827,0.25
sub87,NB,22.0,EM,1,2.970816199987894,1.0888367298706738,5,1,1,-0.7725009433714403,0.09105305315220127,1.0
sub87,NB,29.0,BB,0,6.746818699990399,1.9090710900808123,1,1,0,0.3288917031463881,0.21861636845748944,0.0
sub87,NB,40.0,EM,1,3.75893989999895,1.3241369761591881,3,1,1,-0.5426193032671173,0.11767794867173921,0.5
sub87,NB,11.0,EM,1,3.3305739000206813,1.203144631491669,4,1,1,-0.6675660326175369,0.10320661632456604,0.75
sub87,NB,16.0,EM,1,3.474744600011036,1.2455209799160607,3,1,1,-0.6255140083372037,0.1080770825015989,0.5
sub87,NB,39.0,BB,1,3.036417299997993,1.1106783006801406,5,1,0,-0.7533662714122571,0.09326923118835365,1.0
sub87,NB,2.0,BB,1,2.9171056999766733,1.070591926079844,4,1,0,-0.7881673391837086,0.08923857091917006,0.75
sub87,NB,14.0,BB,1,4.626358000008622,1.5317699494894816,3,1,0,-0.28960889959114366,0.14698161798683484,0.5
sub87,NB,1.0,EM,1,5.003586800012272,1.6101550152568544,4,1,1,-0.17957798028468433,0.15972540095760063,0.75
sub87,NB,37.0,BB,1,2.4651659000082873,0.902259107464559,5,1,0,-0.9199901259412885,0.07397085348457147,1.0
sub87,NB,19.0,BB,0,7.723436800006311,2.044259446320836,3,1,0,0.613753801043046,0.25160910154627814,0.5
sub87,NB,34.0,BB,1,4.114997800003039,1.414638299500224,3,1,0,-0.43876355825666674,0.12970652284909479,0.5
sub87,NB,3.0,BB,1,3.4808522000093944,1.2472771488671017,3,1,0,-0.6237325302460054,0.10828341332483027,0.5
sub87,NB,27.0,BB,1,4.428665600018576,1.4880983197240698,4,1,0,-0.34727225008451695,0.14030304773870267,0.75
sub87,NB,18.0,EM,1,3.0380364000156987,1.1112113856737904,3,1,1,-0.7528940087870398,0.09332392865374708,0.5
sub87,NB,30.0,EM,1,3.0978209000022616,1.1306989288329736,2,1,1,-0.7354559354115847,0.09534360661268643,0.25
sub87,NB,25.0,BB,1,5.127436799986754,1.63460588519107,4,1,0,-0.1434531421144138,0.16390938033719432,0.75
sub87,NB,5.0,EM,1,2.864096899982542,1.0522530823188363,4,1,1,-0.8036290616042399,0.08744779396189795,0.75
sub87,NB,32.0,EM,1,2.5272459000116214,0.9271301327385649,5,1,1,-0.9018824961133279,0.07606807948338168,1.0
sub87,NB,15.0,BB,1,2.8655278000223916,1.0527525565931621,4,1,0,-0.8032116935591203,0.08749613353607821,0.75
sub87,NB,31.0,EM,1,2.0934916000114754,0.7388332940550992,4,1,1,-1.028400896568659,0.061414716161745514,0.75
sub87,NB,33.0,BB,1,3.173738899989985,1.1549103565875425,2,1,0,-0.7133120075606991,0.09790831671808874,0.25
sub87,NB,26.0,EM,1,5.139075999992201,1.6368732967686506,2,1,1,-0.1400581948660098,0.16430258318602592,0.25
sub87,NB,6.0,BB,1,4.697934299998451,1.5471229014642753,5,1,0,-0.26873136826702526,0.1493996540246771,1.0
sub87,NB,10.0,BB,1,3.593758400005754,1.2791985629536973,4,1,0,-0.5907998035271594,0.11209768230109497,0.75
sub87,NB,28.0,EM,1,2.193859099992551,0.7856621391857711,5,1,1,-0.9991254852233379,0.0648053948084045,1.0
sub87,NB,20.0,EM,1,2.458413099986501,0.8995160604835026,5,1,1,-0.9219597973828185,0.07374272610426065,1.0
sub87,NB,7.0,EM,1,9.159333200019319,2.2147733812786554,3,1,1,1.0325791953945327,0.3001174659396984,0.5
sub87,NB,24.0,BB,0,4.01713789999485,1.3905696838879524,4,1,0,-0.4673075473715885,0.1264005575377688,0.75
sub88,AB,31.0,EM,1,4.024215699988417,1.3923300347376717,5,0,1,-0.4652430792293048,0.12663966427359502,1.0
sub88,AB,37.0,BB,1,4.863992700004019,1.5818596438411974,5,0,0,-0.22029509189842456,0.15500954438862358,1.0
sub88,AB,40.0,EM,1,6.624191400012933,1.8907283115949969,5,0,1,0.2931235047785566,0.21447369510596193,1.0
sub88,AB,13.0,BB,0,7.414722600020468,2.0034675642387803,1,0,0,0.5237073697337934,0.24117992231983754,0.0
sub88,AB,32.0,EM,1,4.139992199983681,1.4206939037735353,5,0,1,-0.4314731371452437,0.13055089954789068,1.0
sub88,AB,5.0,EM,1,6.023038500017719,1.79559186620747,5,0,1,0.1177779154980526,0.1941651659329206,1.0
sub88,AB,17.0,BB,1,5.712583199987421,1.7426713206634814,4,0,0,0.027223636329638364,0.18367716775867776,0.75
sub88,AB,23.0,EM,1,4.921608400007244,1.593635387651177,5,0,1,-0.20348961883332795,0.15695595456871253,1.0
sub88,AB,26.0,EM,1,4.432706699997652,1.489010390704139,5,0,1,-0.34609353322699493,0.14043956674545938,1.0
sub88,AB,19.0,BB,1,6.468929200025741,1.8670105925013758,1,0,0,0.24783628758313364,0.20922852882973575,0.0
sub88,AB,16.0,EM,1,3.9972578000160865,1.3856085760270604,5,0,1,-0.47310621830166205,0.12572895537069134,1.0
sub88,AB,30.0,EM,1,8.101680599997053,2.092071521638205,5,0,1,0.724080777759954,0.26438717389142546,1.0
sub88,AB,29.0,BB,1,3.4095945000008214,1.2265933692687108,5,0,0,-0.644517131632568,0.10587614043395766,1.0
sub88,AB,9.0,EM,0,8.672683899989352,2.160178304593919,5,0,1,0.8906322659405138,0.2836771701234802,1.0
sub88,AB,25.0,BB,1,17.875955899973633,2.8834565640718335,5,0,0,3.575062719754935,0.5945879515579592,1.0
sub88,AB,8.0,BB,1,2.7789320000156295,1.0220666812330772,5,0,0,-0.8284701454130884,0.08457069920695132,1.0
sub88,AB,33.0,BB,1,4.163072099996498,1.4262532873029528,5,0,0,-0.4247411415609011,0.13133059939251407,1.0
sub88,AB,36.0,BB,1,4.788776000001235,1.5662748464100442,2,0,0,-0.2422344630398231,0.15246852604484012,0.25
sub88,AB,1.0,EM,1,7.91433379999944,2.068675520491671,5,0,1,0.6694350544412115,0.2580581052746763,1.0
sub88,AB,14.0,BB,1,6.3571403000096325,1.8495786378711245,5,0,0,0.21522945735990764,0.20545200519121148,1.0
sub88,AB,24.0,BB,1,4.731713699991815,1.5542874413254528,5,0,0,-0.2588785191874893,0.15054081117491042,1.0
sub88,AB,27.0,BB,1,8.419059499981813,2.130498123676059,5,0,0,0.8166545476668596,0.275109069517812,1.0
sub88,AB,39.0,BB,1,6.636772199999541,1.8926257308385042,5,0,0,0.29679309996355785,0.21489870768354458,1.0
sub88,AB,35.0,EM,1,4.127739999996265,1.4177300416986263,3,0,1,-0.4350468855656423,0.13013698794423656,0.5
sub88,AB,7.0,EM,0,5.639572499989299,1.7298082647629258,3,0,1,0.005927716081969799,0.18121067390849782,0.5
sub88,AB,38.0,EM,1,8.637781599973096,2.1561457905852883,2,0,1,0.8804518869327038,0.28249807845130825,0.25
sub88,AB,10.0,BB,1,3.503701199981151,1.2538198954601307,1,0,0,-0.6170678840893458,0.10905531275757846,0.0
sub88,AB,22.0,EM,1,4.1179347000143025,1.4153517512711051,5,0,1,-0.4379069168545591,0.12980573907105353,1.0
sub88,AB,4.0,EM,0,3.093502500007162,1.1293039441370079,5,0,1,-0.736715535742708,0.09519771968062299,1.0
sub88,AB,12.0,EM,1,3.883009899989702,1.3566106003186988,5,0,1,-0.5064302950121728,0.12186936023164598,1.0
sub88,AB,28.0,EM,1,3.1874337999906857,1.1592161416385005,5,0,1,-0.7093174492531877,0.09837096653012213,1.0
sub88,AB,20.0,EM,1,5.370375899976352,1.6808979060664844,5,0,1,-0.07259213545988276,0.17211650334941048,1.0
sub88,AB,21.0,BB,1,3.4540342000254896,1.239542881246251,5,0,0,-0.6315548629845479,0.1073774306122124,1.0
sub88,AB,11.0,EM,1,2.562130400008755,0.9408390999188573,5,0,1,-0.8917073090539263,0.0772465698239995,1.0
sub88,AB,3.0,BB,1,2.817652800003998,1.0359041979382846,5,0,0,-0.8171759780033877,0.08587878987102954,1.0
sub88,AB,6.0,BB,1,4.217723499983549,1.4392955275095305,5,0,0,-0.4088003019911172,0.13317686770627157,1.0
sub88,AB,15.0,BB,1,4.704985999997007,1.5486227974743627,5,0,0,-0.2666745130282234,0.14963787903389075,1.0
sub88,AB,18.0,EM,1,9.736097299988614,2.2758403494714234,4,0,1,1.2008110062795188,0.31960207717634487,0.75
sub88,AB,2.0,BB,0,4.1363014000235125,1.419802006897178,1,0,0,-0.43254967772907404,0.13042621459891424,0.0
sub88,AB,34.0,BB,1,4.259123199997703,1.449063317500324,5,0,0,-0.3967247471778981,0.13457545867289467,1.0
sub89,AB,31.0,EM,1,4.552402800007258,1.5156551814871908,5,0,1,-0.31118031366017673,0.14448321643751555,1.0
sub89,AB,22.0,EM,1,6.739476399990963,1.9079822364452625,5,0,1,0.326750085065388,0.21836832621443125,1.0
sub89,AB,4.0,EM,1,15.276931100001093,2.7263439193257026,2,0,1,2.8169734963486146,0.5067860446352438,0.25
sub89,AB,3.0,BB,1,5.939487099996768,1.781622782844563,3,0,0,0.0934074608732783,0.19134257945818606,0.5
sub89,AB,34.0,BB,1,21.7874081999762,3.0813321974110415,2,0,0,4.7159636594193595,0.7267271180565223,0.25
sub89,AB,26.0,EM,0,7.433233399991877,2.005960945760312,4,0,1,0.5291066402506055,0.2418052659241663,0.75
sub89,AB,25.0,BB,1,16.616531299980124,2.8103980612660413,2,0,0,3.207711005004856,0.5520412696232672,0.25
sub89,AB,23.0,EM,1,4.556008600018686,1.5164469332079753,4,0,1,-0.3101285660468216,0.1446050298642242,0.75
sub89,AB,27.0,BB,1,4.1057018999999855,1.4123767148895503,5,0,0,-0.44147500664848355,0.1293924828496152,1.0
sub89,AB,33.0,BB,1,7.3454913000168744,1.994086696431329,5,0,0,0.5035138331212574,0.23884110656128132,1.0
sub89,AB,5.0,EM,1,3.923124499997357,1.3668884026395587,5,0,1,-0.49472958097228387,0.12322453713344057,1.0
sub89,AB,6.0,BB,1,5.783748299989384,1.7550519673102432,2,0,0,0.04798122794426674,0.18608131237729936,0.25
sub89,AB,2.0,BB,0,10.77190530000371,2.376941383600247,2,0,0,1.5029377433301978,0.35459440106955675,0.25
sub89,AB,8.0,BB,1,4.309155099996133,1.4607418524152818,3,0,0,-0.38213133344219485,0.13626566810332225,0.5
sub89,AB,21.0,BB,1,5.053176400018856,1.6200170356586472,4,0,0,-0.1651135775754764,0.1614006683287157,0.75
sub89,AB,38.0,EM,1,11.4658149999741,2.439369999694775,1,0,1,1.7053388383756258,0.3780364993866691,0.0
sub89,AB,39.0,BB,1,7.5855351999925915,2.026243170626671,3,0,0,0.5735303615198855,0.2469504220873418,0.5
sub89,AB,18.0,EM,1,4.917359699989902,1.592771740114515,5,0,1,-0.20472888892288904,0.1568124222855773,1.0
sub89,AB,29.0,BB,0,5.201272799982689,1.648903364863722,5,0,0,-0.12191649656299797,0.16640375499620386,1.0
sub89,AB,32.0,EM,1,4.748363199993037,1.5577999691868039,5,0,1,-0.2540221567063913,0.15110327516118421,1.0
sub89,AB,11.0,EM,1,3.083246900001541,1.1259832300313755,5,0,1,-0.739706911524851,0.09485125848597041,1.0
sub89,AB,40.0,EM,0,12.063019299996085,2.4901445165153238,3,0,1,1.8795326914021018,0.3982116344469155,0.5
sub89,AB,19.0,BB,1,7.077962399984244,1.956986069671841,3,0,0,0.42548041994773683,0.2298032753023993,0.5
sub89,AB,14.0,BB,1,5.331008000008296,1.6735403384975915,5,0,0,-0.08407505040330178,0.1707865519427234,1.0
sub89,AB,28.0,EM,1,4.53082600000198,1.5109042628293203,5,0,1,-0.31747388175532043,0.1437542952722487,1.0
sub89,AB,37.0,BB,1,4.131489299994428,1.4186379472959947,4,0,0,-0.43395328156311247,0.1302636491786609,0.75
sub89,AB,10.0,BB,1,5.294100099999923,1.6665930118240972,4,0,0,-0.0948404271920116,0.16953970581748357,0.75
sub89,AB,12.0,EM,0,8.962456700013718,2.1930443746743156,2,0,1,0.9751538283885012,0.29346645894317247,0.25
sub89,AB,30.0,EM,1,6.224901400011731,1.8285576028697823,5,0,1,0.1766577265304926,0.20098462666165662,1.0
sub89,AB,15.0,BB,1,4.793867700005649,1.5673375386363215,2,0,0,-0.2407493048750358,0.1526405370890867,0.25
sub89,AB,17.0,BB,0,15.79428130001179,2.759647931478502,2,0,0,2.9678753312827624,0.5242634977585334,0.25
sub89,AB,9.0,EM,1,3.373024100001203,1.2158097010291444,5,0,1,-0.6551840656824709,0.10464069594842335,1.0
sub89,AB,24.0,BB,1,4.310878800024511,1.4611417812488212,5,0,0,-0.38162856085768054,0.13632389923272742,1.0
sub89,AB,16.0,EM,0,5.018618300004164,1.6131546567754254,3,0,1,-0.17519355957596086,0.16023320463966279,0.5
sub89,AB,1.0,EM,1,12.7999748000002,2.549443202173649,5,0,1,2.0944894793054103,0.4231079333272602,1.0
sub89,AB,13.0,BB,1,3.9104962999990676,1.3636642968882766,5,0,0,-0.49841300189609494,0.12279792325855067,1.0
sub89,AB,35.0,EM,1,4.3499660000088625,1.4701680289801302,5,0,1,-0.3702275210978532,0.13764436785423956,1.0
sub89,AB,20.0,EM,1,21.066248899995117,3.0476721815916368,3,0,1,4.505614341598044,0.7023644564404968,0.5
sub89,AB,36.0,BB,1,7.758435800002189,2.048780741712062,2,0,0,0.6239623857118624,0.25279145999859404,0.25
sub89,AB,7.0,EM,1,6.127871500008041,1.8128474628985942,4,0,1,0.1483558336275208,0.19770670093777187,0.75
sub90,AB,30.0,EM,1,4.82589849998476,1.5739969350680234,5,0,1,-0.23140649126221294,0.15372262192277342,1.0
sub90,AB,29.0,BB,1,4.283556999987923,1.4547837392058254,5,0,0,-0.3895978430946254,0.1354008968266715,1.0
sub90,AB,16.0,EM,1,6.236855300026946,1.8304760970226424,5,0,1,0.1801444661642608,0.20138846090614337,1.0
sub90,AB,13.0,BB,1,9.018692599987844,2.199299379000078,3,0,0,0.9915568383710882,0.29536625584210763,0.5
sub90,AB,17.0,BB,1,2.748061799997231,1.0108958631891891,5,0,0,-0.8374744326975316,0.08352782249845293,1.0
sub90,AB,6.0,BB,1,4.4343589000054635,1.489383050635048,5,0,0,-0.3456116159244564,0.14049538241574655,1.0
sub90,AB,9.0,EM,1,3.6939990000100806,1.3067096110704823,5,0,1,-0.5615614066438874,0.11548407393212136,1.0
sub90,AB,1.0,EM,1,3.3656170000031125,1.2136113043876429,5,0,1,-0.657344584768439,0.1043904645906439,1.0
sub90,AB,33.0,BB,1,3.263661500008311,1.18284972461861,5,0,0,-0.6870831874219724,0.1009461391186834,1.0
sub90,AB,7.0,EM,1,4.10729009998613,1.4127634679768404,5,0,1,-0.4410117570118801,0.129446136430512,1.0
sub90,AB,23.0,EM,1,3.4678546999930404,1.243536160691396,5,0,1,-0.6275236694047104,0.10784432352211812,1.0
sub90,AB,14.0,BB,1,3.3345931000076234,1.204350662930668,5,0,0,-0.6663937035974953,0.10334239549187564,1.0
sub90,AB,27.0,BB,1,3.899443299975246,1.3608337993506734,4,0,0,-0.501636965055068,0.12242452378990436,0.75
sub90,AB,36.0,BB,1,7.353448500012746,1.9951693868677038,5,0,0,0.5058348065746169,0.2391099217466579,1.0
sub90,AB,21.0,BB,1,6.1222276000189595,1.8119260172282643,3,0,0,0.14670960856658605,0.1975160351228371,0.5
sub90,AB,2.0,BB,1,4.5086582000076305,1.505999592619715,5,0,0,-0.32393983401653803,0.14300540856989563,1.0
sub90,AB,38.0,EM,1,13.493273600004613,2.6021913094241733,5,0,1,2.2967123857160887,0.44652939383362433,1.0
sub90,AB,37.0,BB,1,2.510557500005234,0.920504840036443,5,0,0,-0.9067502050327926,0.07550430135242066,1.0
sub90,AB,10.0,BB,1,2.0821285999845713,0.7333907358090517,5,0,0,-1.0317152812047938,0.06103084407605569,1.0
sub90,AB,15.0,BB,1,3.807751800020924,1.33703893623897,5,0,0,-0.5283817417859662,0.11932694328791045,1.0
sub90,AB,39.0,BB,1,5.609486500005005,1.7244591823692714,5,0,0,-0.002847834025800288,0.18019428954374467,1.0
sub90,AB,35.0,EM,1,3.582912799989572,1.2761761008761114,5,0,1,-0.593963271799463,0.11173128935126553,1.0
sub90,AB,22.0,EM,1,2.0185555000207387,0.7023821566082314,5,0,1,-1.0502584216864173,0.05888317722583099,1.0
sub90,AB,4.0,EM,0,13.423773199989228,2.597027254468094,3,0,1,2.276440357425074,0.4441814871675137,0.5
sub90,AB,8.0,BB,1,5.386925600003451,1.6839748325771189,4,0,0,-0.06776488285294976,0.17267559582955666,0.75
sub90,AB,3.0,BB,1,3.48925829998916,1.249689192135366,5,0,0,-0.6212806206660723,0.10856739353464366,1.0
sub90,AB,34.0,BB,1,9.412165299989283,2.242003033395688,3,0,0,1.1063258138648315,0.30865880056215833,0.5
sub90,AB,19.0,BB,1,8.644532900012564,2.156927086445042,5,0,0,0.8824211208561192,0.2827261551582635,1.0
sub90,AB,26.0,EM,1,2.7456996999972034,1.010035942296887,5,0,1,-0.8381634151784406,0.08344802453563752,1.0
sub90,AB,11.0,EM,1,4.264762500009965,1.4503864935806952,5,0,1,-0.3950798638482367,0.13476596908849026,1.0
sub90,AB,25.0,BB,1,14.730908900004579,2.689947932576667,5,0,0,2.657708549910881,0.4883399757934471,1.0
sub90,AB,24.0,BB,1,3.7485478000016883,1.3213685116475007,5,0,0,-0.5456504936645956,0.11732687614765218,1.0
sub90,AB,28.0,EM,1,1.7906093999918085,0.5825560088365578,5,0,1,-1.1167462374053196,0.05118255726316361,1.0
sub90,AB,32.0,EM,1,1.4544997999910265,0.37466206144264336,5,0,1,-1.21478341875376,0.039827889229441284,1.0
sub90,AB,20.0,EM,1,1.239200099982554,0.21446609080366422,5,0,1,-1.277582504926682,0.032554497986374976,1.0
sub90,AB,18.0,EM,1,2.014790500019444,0.7005152197796937,5,0,1,-1.0513566051001102,0.05875598560392681,1.0
sub90,AB,12.0,EM,1,1.6077627999766264,0.474843647423396,5,0,1,-1.170079332576039,0.045005517261145316,1.0
sub90,AB,40.0,EM,1,3.1134331000212114,1.1357260080339056,5,0,1,-0.7309021348521768,0.09587102787197457,1.0
sub90,AB,31.0,EM,1,6.600752500002272,1.8871836576850058,5,0,1,0.28628679529168766,0.2136818672953429,1.0
sub90,AB,5.0,EM,1,6.5644437999872025,1.8816677821530352,3,0,1,0.2756961944641741,0.21245526372494156,0.5
sub91,AB,24.0,BB,1,7.395615499990527,2.000887324611354,5,0,0,0.518134169115085,0.24053443412810893,1.0
sub91,AB,4.0,EM,1,22.13277339999331,3.0970594693012004,5,0,1,4.816700534371575,0.7383944646499708,1.0
sub91,AB,28.0,EM,1,5.7647455999976955,1.75176102438614,5,0,1,0.042438478956463944,0.18543935109398718,1.0
sub91,AB,17.0,BB,1,10.135647199989762,2.3160586357822286,5,0,0,1.3173525927265366,0.3330999257275598,1.0
sub91,AB,19.0,BB,1,8.14989559998503,2.0980051173529373,4,0,0,0.7381442341370564,0.2660160036514446,0.75
sub91,AB,10.0,BB,1,4.6907821999921,1.545599348933997,5,0,0,-0.27081750839912266,0.1491580372386171,1.0
sub91,AB,22.0,EM,1,4.367702500021551,1.4742371271536576,5,0,1,-0.36505410008212946,0.1382435535654591,1.0
sub91,AB,31.0,EM,1,5.059888599993428,1.6213444672454471,5,0,1,-0.16315574844428643,0.1616274241324388,1.0
sub91,AB,27.0,BB,1,26.50429549999535,3.277306814195756,5,0,0,6.091795636938173,0.8860760014090767,1.0
sub91,AB,37.0,BB,1,3.4111227999965195,1.2270415039601383,5,0,0,-0.6440713537558493,0.10592777043532342,1.0
sub91,AB,6.0,BB,1,6.966451299987966,1.9411059559474864,4,0,0,0.39295461904031337,0.22603613648062804,0.75
sub91,AB,39.0,BB,1,6.776826799992705,1.9135089687951783,5,0,0,0.3376445312174736,0.21963012115556213,1.0
sub91,AB,18.0,EM,1,6.4481915999786,1.8637997193997358,4,0,1,0.24178749916248665,0.2085279580505886,0.75
sub91,AB,30.0,EM,1,5.658793499984313,1.7332107069457856,5,0,1,0.011534139290962182,0.18186000994120577,1.0
sub91,AB,25.0,BB,1,3.2212025999906473,1.1697547680886375,5,0,0,-0.6994676920028511,0.09951176558464433,1.0
sub91,AB,3.0,BB,1,7.556345399993006,2.0223876606105153,5,0,0,0.5650162169787079,0.24596431371981742,1.0
sub91,AB,26.0,EM,1,4.309213500004262,1.4607554048660623,5,0,1,-0.38211429920042467,0.13626764100949773,1.0
sub91,AB,11.0,EM,1,3.499045300006401,1.2524901598597333,5,0,1,-0.6184259271507868,0.10889802418679267,1.0
sub91,AB,2.0,BB,1,6.898004100017715,1.931232108892222,5,0,0,0.3729897904360103,0.2237238096875278,1.0
sub91,AB,20.0,EM,1,4.47941699999501,1.499492904029054,5,0,1,-0.33246897102564643,0.1420175637744771,1.0
sub91,AB,1.0,EM,1,6.586633200000506,1.8850423226671207,5,0,1,0.28216844706604044,0.21320488013285716,1.0
sub91,AB,15.0,BB,1,7.475735100015299,2.0116624555807476,5,0,0,0.5415036288305317,0.24324108535519023,1.0
sub91,AB,9.0,EM,1,3.5569669000105932,1.2689081873313968,5,0,1,-0.6015312285060899,0.11085476847504902,1.0
sub91,AB,8.0,BB,1,6.360845499992138,1.850161308766595,5,0,0,0.21631019817366678,0.2055771766108907,1.0
sub91,AB,21.0,BB,1,2.9333944999962114,1.0761602848700813,5,0,0,-0.7834161864601321,0.08978884950951414,1.0
sub91,AB,38.0,EM,1,10.646675399999367,2.365247674406401,4,0,1,1.4664104129089774,0.35036380503051995,0.75
sub91,AB,40.0,EM,1,2.7882291999994777,1.0254066989882304,5,0,1,-0.8257583178400374,0.08488478312320805,1.0
sub91,AB,12.0,EM,1,2.8844919000111986,1.0593487666024222,4,0,1,-0.7976802035043634,0.0881367908095709,0.75
sub91,AB,14.0,BB,1,3.07022500000312,1.1217508488168284,5,0,0,-0.7435051677235537,0.09441134438756307,1.0
sub91,AB,13.0,BB,1,3.9514300000155345,1.3740775387180644,5,0,0,-0.4864733709787761,0.12418077151720759,1.0
sub91,AB,33.0,BB,1,3.4418770000047516,1.236016962114448,5,0,0,-0.6351009016074244,0.10696672835778492,1.0
sub91,AB,34.0,BB,1,7.523095100012142,2.017977635733349,3,0,0,0.555317696945045,0.2448410309623374,0.5
sub91,AB,32.0,EM,1,3.051063399994746,1.1154901855890154,5,0,1,-0.7490942650148625,0.09376401504293991,1.0
sub91,AB,23.0,EM,1,2.7677216999873053,1.0180244907886455,5,0,1,-0.8317399901805234,0.08419198572962204,1.0
sub91,AB,5.0,EM,1,4.943915999989258,1.5981577297176182,4,0,1,-0.19698288940673592,0.1577095640830622,0.75
sub91,AB,16.0,EM,0,7.688442699989537,2.0397182532553972,5,0,1,0.6035466456108239,0.2504269086281692,1.0
sub91,AB,7.0,EM,1,4.121991499996511,1.4163364203595208,5,0,1,-0.43672362058587405,0.12994278846529006,1.0
sub91,AB,35.0,EM,1,2.7077143999922555,0.9961048841972784,5,0,1,-0.8492430503484902,0.08216478099925376,1.0
sub91,AB,29.0,BB,1,2.880598400020972,1.0579980503500999,5,0,0,-0.7988158680751496,0.08800525811940609,1.0
sub91,AB,36.0,BB,1,6.019966199994087,1.7950816446860451,4,0,0,0.11688178032496341,0.19406137554172603,0.75
sub92,AB,38.0,EM,1,6.8770386000105646,1.9281881232360902,4,0,1,0.366874527657866,0.2230155398471494,0.75
sub92,AB,10.0,BB,1,4.2780417000176385,1.453495358162412,5,0,0,-0.3912065578215375,0.13521457545926985,1.0
sub92,AB,22.0,EM,1,2.971854799980065,1.0891862696660792,5,0,1,-0.7721980022600269,0.09108813979694722,1.0
sub92,AB,8.0,BB,1,8.829773999983445,2.178129419722461,5,0,0,0.936452648997498,0.28898408767898304,1.0
sub92,AB,6.0,BB,1,5.685533599986229,1.7379249838332245,5,0,0,0.019333749992820146,0.18276336098714313,1.0
sub92,AB,33.0,BB,1,4.825608799990732,1.573936902995289,5,0,0,-0.23149099158844896,0.15371283509353217,1.0
sub92,AB,37.0,BB,1,3.190303099981975,1.160115927951381,5,0,0,-0.7084805255723752,0.09846789904526057,1.0
sub92,AB,15.0,BB,1,3.5047223000146914,1.2541112876800118,4,0,0,-0.6167700474040417,0.10908980820760443,0.75
sub92,AB,18.0,EM,1,4.950136800005566,1.5994152125634826,3,0,1,-0.1951683928873572,0.15791971910121455,0.5
sub92,AB,29.0,BB,1,6.621220999979414,1.8902797940262548,3,0,0,0.2922570920168776,0.2143733471649692,0.5
sub92,AB,13.0,BB,1,5.073408000025665,1.6240127811391918,4,0,0,-0.15921238035042815,0.16208414509304447,0.75
sub92,AB,9.0,EM,1,3.8884346000268124,1.3580066601935787,3,0,1,-0.5048480066714118,0.12205262089454809,0.5
sub92,AB,11.0,EM,1,3.015658699994674,1.1038182806105399,5,0,1,-0.7594211851459332,0.09256795097534586,1.0
sub92,AB,35.0,EM,1,4.15203970001312,1.4235997074780677,5,0,1,-0.4279590960551389,0.130957895847521,1.0
sub92,AB,32.0,EM,1,3.595908099989174,1.2797965601062724,5,0,1,-0.5901727743464434,0.11217030483161411,1.0
sub92,AB,7.0,EM,1,4.980515299976105,1.605533359574292,5,0,1,-0.18630752574551315,0.15894598488632483,1.0
sub92,AB,5.0,EM,0,7.1743561000039335,1.9705130154588857,3,0,1,0.4535967446515104,0.23305970851425412,0.5
sub92,AB,24.0,BB,1,3.3014828999876045,1.194371731171441,5,0,0,-0.6760513589689521,0.10222384568027673,1.0
sub92,AB,3.0,BB,1,4.385217400005786,1.4782392027036957,5,0,0,-0.35994531584612355,0.1388352530437375,1.0
sub92,AB,28.0,EM,1,3.0482472000003327,1.114566736898095,5,0,1,-0.7499157003727491,0.09366887638562973,1.0
sub92,AB,27.0,BB,1,5.604436499997973,1.72355851623336,3,0,0,-0.004320829044382975,0.1800236872353012,0.5
sub92,AB,1.0,EM,1,4.815712400013581,1.5718839886181992,4,0,1,-0.2343775951226962,0.15337850862243696,0.75
sub92,AB,12.0,EM,1,2.848477499996079,1.0467846410115855,5,0,1,-0.8081849622658785,0.08692012946873323,1.0
sub92,AB,30.0,EM,1,10.151781599997776,2.3176492171780954,5,0,1,1.3220587097179293,0.33364498827862604,1.0
sub92,AB,34.0,BB,1,6.093739400006598,1.8072619162764105,2,0,0,0.13840010824021617,0.19655362865179937,0.25
sub92,AB,21.0,BB,1,3.3140202999929897,1.1981620445115577,5,0,0,-0.6723944227851506,0.10264739209212217,1.0
sub92,AB,23.0,EM,1,1.978520100004971,0.6823491410057738,5,0,1,-1.0619360344998985,0.05753067590847716,1.0
sub92,AB,25.0,BB,1,5.6383981999824755,1.729600018077009,4,0,0,0.005585193694254085,0.18117100295964828,0.75
sub92,AB,4.0,EM,0,13.271672000002582,2.5856318389000084,4,0,1,2.2320751476055047,0.4390431078014523,0.75
sub92,AB,19.0,BB,1,3.3668463000212796,1.213976490197664,4,0,0,-0.6569860198574327,0.10443199358481754,0.75
sub92,AB,14.0,BB,1,4.256358099984936,1.4484138885338238,2,0,0,-0.39753127758166373,0.13448204630762772,0.25
sub92,AB,17.0,BB,1,5.534511299978476,1.711003269575756,2,0,0,-0.024716763927294647,0.1776614297055812,0.25
sub92,AB,36.0,BB,1,2.6555274999991525,0.9766433166915615,4,0,0,-0.8644650391837537,0.08040176998995985,0.75
sub92,AB,16.0,EM,0,6.097016199986683,1.807799503964413,1,0,1,0.13935589240671856,0.19666432759043928,0.0
sub92,AB,26.0,EM,1,2.9236548999906518,1.072834511663228,5,0,1,-0.7862570542366076,0.08945982015467241,1.0
sub92,AB,20.0,EM,1,4.0549863999767695,1.3999473336719295,5,0,1,-0.4562678143306839,0.12767917960886715,1.0
sub92,AB,2.0,BB,1,4.844738900021184,1.577893353286076,5,0,0,-0.22591108227941745,0.15435910028588962,1.0
sub92,AB,31.0,EM,1,2.967205799999647,1.0876207018959867,5,0,1,-0.7735540327160688,0.09093108432615345,1.0
sub92,AB,39.0,BB,1,4.242287700006273,1.4451026756263545,3,0,0,-0.40163536254189736,0.13400671111678802,0.5
sub92,AB,40.0,EM,0,5.055420199991204,1.6204609746341518,2,0,1,-0.16445910110471154,0.16147646980484143,0.25
sub93,AB,18.0,EM,1,5.37986610000371,1.682663485388823,3,0,1,-0.069824013213113,0.17243710731574768,0.5
sub93,AB,13.0,BB,1,4.0706089999875985,1.4037926197074198,5,0,0,-0.45171098027895723,0.12820695220728795,1.0
sub93,AB,15.0,BB,1,4.399679399997694,1.4815316746326441,5,0,0,-0.3557270081397546,0.13932381751500356,1.0
sub93,AB,17.0,BB,1,5.50015920001897,1.7047770372775082,4,0,0,-0.034736659382294977,0.17650092524126204,0.75
sub93,AB,21.0,BB,1,2.8756591999845114,1.0562819349182127,5,0,0,-0.800256544716607,0.08783839892595838,1.0
sub93,AB,10.0,BB,1,3.140919400000712,1.144515559609859,5,0,0,-0.7228848709130283,0.09679958751960681,1.0
sub93,AB,38.0,EM,0,9.776549700007308,2.2799866303909004,2,0,1,1.2126102505635352,0.3209686658527128,0.25
sub93,AB,33.0,BB,1,3.4933307000028435,1.2508556364085224,5,0,0,-0.6200927741461754,0.10870496993905399,1.0
sub93,AB,23.0,EM,1,2.5486427000141703,0.9355609429577265,5,0,1,-0.8956414308116486,0.07679091977420445,1.0
sub93,AB,29.0,BB,0,13.201971900009084,2.580366204799618,3,0,0,2.211744870389231,0.436688454743814,0.5
sub93,AB,11.0,EM,1,4.394307500013383,1.480309953310207,5,0,1,-0.3572938956459323,0.13914234057702835,1.0
sub93,AB,12.0,EM,1,5.633289699995657,1.72869358766802,4,0,1,0.004095135273950046,0.1809984243677233,0.75
sub93,AB,27.0,BB,1,6.262285200005863,1.8345451664224839,4,0,0,0.18756191486522025,0.20224754994254907,0.75
sub93,AB,24.0,BB,1,2.653063200006727,0.9757148969625988,5,0,0,-0.8651838315813937,0.08031851944207478,1.0
sub93,AB,20.0,EM,1,3.4161438000155613,1.2285123710636014,5,0,1,-0.6426068175170268,0.10609739304774926,1.0
sub93,AB,32.0,EM,1,3.2561653000011574,1.1805502146652753,5,0,1,-0.689269695392955,0.10069289772779359,1.0
sub93,AB,22.0,EM,1,4.037667399999918,1.3956671489895685,5,0,1,-0.46131945802518187,0.12709409814909117,1.0
sub93,AB,39.0,BB,1,9.175987399998121,2.2165900066785813,5,0,0,1.0374369287753442,0.30068008870360063,1.0
sub93,AB,30.0,EM,1,6.607093400001759,1.888143829469966,5,0,1,0.2881363228361568,0.21389607960742513,1.0
sub93,AB,2.0,BB,1,6.590002199984156,1.885553682351106,5,0,0,0.283151124330716,0.21331869383059104,1.0
sub93,AB,5.0,EM,1,4.300089299998945,1.4586357899254914,4,0,1,-0.3847756657623397,0.13595940148842062,0.75
sub93,AB,37.0,BB,1,2.856260200001998,1.0495131467706746,5,0,0,-0.8059148873502587,0.08718304958459142,1.0
sub93,AB,1.0,EM,1,5.499267500010319,1.704614901552634,5,0,1,-0.0349967523860543,0.1764708012650832,1.0
sub93,AB,16.0,EM,0,6.633295299980091,1.8921017093745565,5,0,1,0.29577895018105704,0.2147812488382536,1.0
sub93,AB,14.0,BB,1,5.800073799997335,1.757870641608894,5,0,0,0.05274308540052445,0.18663283078996712,1.0
sub93,AB,34.0,BB,1,3.7503770999901462,1.3218563949238742,5,0,0,-0.5451169194533599,0.11738867472199514,1.0
sub93,AB,4.0,EM,1,11.149615100002848,2.411404977131176,4,0,1,1.6131089617646386,0.3673544334877438,0.75
sub93,AB,19.0,BB,1,9.605665899987798,2.262353122290895,2,0,0,1.1627664909922992,0.31519576075997513,0.25
sub93,AB,3.0,BB,1,2.931118900014553,1.075384227270532,5,0,0,-0.784079938426984,0.08971197374527172,1.0
sub93,AB,6.0,BB,1,7.700012499990407,2.0412219522336983,5,0,0,0.6069213501144974,0.2508177669619571,1.0
sub93,AB,31.0,EM,1,2.5197952000016812,0.9241776283801568,5,0,1,-0.9040557325458655,0.07581637520230335,1.0
sub93,AB,35.0,EM,1,3.809877600026084,1.3375970626451537,5,0,1,-0.5277616838030466,0.11939875841418064,1.0
sub93,AB,7.0,EM,0,3.9057560000219382,1.3624513625109456,5,0,1,-0.49979566293434785,0.12263778343326619,1.0
sub93,AB,8.0,BB,1,7.884812400006922,2.0649384281226992,5,0,0,0.6608241880907127,0.2570607945855291,1.0
sub93,AB,36.0,BB,1,3.509857800003374,1.2555755238375563,5,0,0,-0.6152721135642936,0.10926329893074514,1.0
sub93,AB,26.0,EM,1,2.1257875000010245,0.7541423219612964,5,0,1,-1.0189807580064785,0.06250575677239982,1.0
sub93,AB,28.0,EM,1,3.109433000005083,1.1344403944588168,5,0,1,-0.732068892751065,0.095735893952013,1.0
sub93,AB,9.0,EM,1,2.7454099000024144,1.0099303898617078,5,0,1,-0.8382479446731169,0.08343823432810701,1.0
sub93,AB,40.0,EM,1,2.561726699990686,0.9406815233077125,5,0,1,-0.8918250611558647,0.0772329317735232,1.0
sub93,AB,25.0,BB,1,2.784908000001451,1.0242148387228196,5,0,0,-0.8267270527006312,0.0847725842349552,1.0
sub94,AB,28.0,EM,1,2.9158464999927673,1.0701601721547995,5,0,1,-0.7885346253819483,0.08919603182535873,1.0
sub94,AB,4.0,EM,0,13.28326090000337,2.5865046636049436,3,0,1,2.235455423238821,0.4394346113835715,0.5
sub94,AB,2.0,BB,0,4.112569500022801,1.4140480156502848,4,0,0,-0.4394718500922182,0.12962448847649183,0.75
sub94,AB,20.0,EM,0,12.267224600014742,2.5069310391692774,5,0,1,1.9390957387836558,0.4051102276213834,1.0
sub94,AB,15.0,BB,1,3.453625699999975,1.2394246067417436,5,0,0,-0.6316740151631293,0.1073636304048352,1.0
sub94,AB,17.0,BB,1,3.27785800001584,1.1871901602911608,3,0,0,-0.6829423213302332,0.10142573430080808,0.5
sub94,AB,33.0,BB,0,5.250625999993645,1.6583473075892634,4,0,0,-0.1075210475202196,0.16807103615248442,0.75
sub94,AB,36.0,BB,1,3.6861352999985684,1.3045785650304416,4,0,0,-0.5638551078178395,0.11521841742261585,0.75
sub94,AB,21.0,BB,0,7.046254199987743,1.9524961564734655,4,0,0,0.4162317030015908,0.22873208874626905,0.75
sub94,AB,37.0,BB,1,4.709876400011126,1.5496616656481437,4,0,0,-0.2652480704837394,0.14980308963398165,0.75
sub94,AB,11.0,EM,1,3.2586072999984026,1.181299895509582,4,0,1,-0.6885574075065565,0.10077539492307455,0.75
sub94,AB,35.0,EM,1,3.3112015000078827,1.1973111144626365,4,0,1,-0.6732166165139947,0.10255216560027464,0.75
sub94,AB,19.0,BB,0,4.99675589997787,1.608788881854887,2,0,0,-0.18157043210826845,0.15949463515304763,0.25
sub94,AB,31.0,EM,1,3.4887571000144817,1.2495455409833378,4,0,1,-0.6214268117680499,0.10855046167869259,0.75
sub94,AB,8.0,BB,0,5.683751500007929,1.737611490068714,4,0,0,0.018813943183513825,0.18270315695352896,0.75
sub94,AB,34.0,BB,1,3.6787488000118174,1.3025726943709472,4,0,0,-0.5660096182475615,0.11496888198750642,0.75
sub94,AB,6.0,BB,1,4.573968999990029,1.5203813181377512,4,0,0,-0.30488983740272146,0.14521177950608805,0.75
sub94,AB,13.0,BB,1,4.140123999997741,1.4207257390789556,4,0,0,-0.4314346934296221,0.13055535209969665,0.75
sub94,AB,25.0,BB,1,5.221032600005856,1.6526951984245997,4,0,0,-0.11615291498640634,0.16707129311375618,0.75
sub94,AB,14.0,BB,1,5.872103800007608,1.7702129682689884,4,0,0,0.07375295293634854,0.18906619401013025,0.75
sub94,AB,22.0,EM,1,5.759044299978996,1.7507715407989948,5,0,1,0.04077551132967244,0.1852467461547863,1.0
sub94,AB,30.0,EM,1,3.1823814999952447,1.1576298158764546,4,0,1,-0.7107911151374071,0.09820028652200907,0.75
sub94,AB,26.0,EM,1,2.6860353000229225,0.9880662402421344,4,0,1,-0.8555664575203161,0.08143240387161121,0.75
sub94,AB,29.0,BB,0,6.505956600012723,1.8727181572654183,4,0,0,0.2586365203862924,0.21047941197916992,0.75
sub94,AB,10.0,BB,1,4.613384500000393,1.5289617525004564,1,0,0,-0.29339303837512304,0.1465433389676441,0.0
sub94,AB,1.0,EM,1,4.3558650000195485,1.471523212859411,5,0,1,-0.3685068879061183,0.1378436516201662,1.0
sub94,AB,32.0,EM,1,2.4337978000112344,0.8894529179885386,1,0,1,-0.9291396417776703,0.07291115640268415,0.0
sub94,AB,16.0,EM,0,4.344587400002638,1.468930794485182,4,0,1,-0.37179636288103857,0.13746266457186762,0.75
sub94,AB,40.0,EM,1,3.9140916999895126,1.3645832974141816,2,0,1,-0.4973642877835477,0.12291938534514342,0.25
sub94,AB,7.0,EM,0,4.1886710000108,1.43238349985233,4,0,1,-0.41727439856094856,0.1321953976954789,0.75
sub94,AB,3.0,BB,1,3.380693399987649,1.2180808363803093,5,0,0,-0.652947067531912,0.10489978511278202,1.0
sub94,AB,24.0,BB,0,2.6670547999965493,0.9809747924190588,4,0,0,-0.8611027311738069,0.08079119256163071,0.75
sub94,AB,9.0,EM,1,3.7705044000176713,1.3272087856185553,4,0,1,-0.5392461446737988,0.11806862795816318,0.75
sub94,AB,5.0,EM,1,4.908796400006395,1.5910287793749864,4,0,1,-0.2072266509428439,0.15652313144537017,0.75
sub94,AB,23.0,EM,1,3.2125808999990113,1.1670746327833246,1,0,1,-0.7019824882645761,0.09922050183826177,0.0
sub94,AB,12.0,EM,1,3.28215879999334,1.188501376626365,1,0,1,-0.6816878546106377,0.10157102665789589,0.0
sub94,AB,38.0,EM,1,2.427728600014234,0.8869560877131752,3,0,1,-0.9309099192727031,0.07270612283269375,0.5
sub94,AB,18.0,EM,1,2.560923199984245,0.9403678184757527,3,0,1,-0.8920594277905718,0.07720578742585145,0.5
sub94,AB,39.0,BB,0,1.9214071999886073,0.6530578342481681,3,0,0,-1.0785948497679734,0.05560125163696729,0.5
sub94,AB,27.0,BB,0,2.004230100021232,0.6952599970011405,4,0,0,-1.0544368856090107,0.05839922746228865,0.75
sub95,AB,13.0,BB,0,4.639589799975511,1.5346259571525043,4,0,0,-0.28574941931174336,0.14742862305932397,0.75
sub95,AB,24.0,BB,1,8.25669749994995,2.1110246891762,5,0,0,0.7692964453062543,0.2696240532860569,1.0
sub95,AB,5.0,EM,1,12.438633700017817,2.5208072500908685,3,0,1,1.9890927190000356,0.41090087873188275,0.5
sub95,AB,3.0,BB,1,3.1344219999737106,1.142444787062307,5,0,0,-0.7247800467269265,0.09658008822417244,1.0
sub95,AB,26.0,EM,1,7.193894199968781,1.9732326384609202,4,0,1,0.45929566027145485,0.23371975701959286,0.75
sub95,AB,32.0,EM,1,3.7340467000030912,1.3174925517373837,5,0,1,-0.5498802061462118,0.11683699077512043,1.0
sub95,AB,9.0,EM,1,3.713391600002069,1.3119456369113522,4,0,1,-0.5559049307734336,0.11613920706494256,0.75
sub95,AB,7.0,EM,0,4.25565700000152,1.448249156686719,2,0,1,-0.39773577595427023,0.13445836130258731,0.25
sub95,AB,25.0,BB,1,4.378025499987416,1.4765978236582666,2,0,0,-0.36204306493254995,0.13859229170838705,0.25
sub95,AB,30.0,EM,1,5.098665199999232,1.62897877998384,3,0,1,-0.15184530516377298,0.1629373998681551,0.5
sub95,AB,15.0,BB,1,4.818973399989773,1.5725609178234496,3,0,0,-0.23342641953579712,0.15348867379530778,0.5
sub95,AB,21.0,BB,1,5.962547699979041,1.7854978561789445,4,0,0,0.10013382698260889,0.19212162729691656,0.75
sub95,AB,31.0,EM,1,3.861677500011865,1.3511016745671154,2,0,1,-0.512652575974156,0.12114869554337061,0.25
sub95,AB,17.0,BB,1,8.147933300002478,2.097764312273429,1,0,0,0.7375718661974052,0.26594971198680784,0.0
sub95,AB,6.0,BB,1,3.467828000022564,1.2435284613857527,5,0,0,-0.6275314573103448,0.10784342152675332,1.0
sub95,AB,1.0,EM,1,10.310487599985208,2.333161590798541,4,0,1,1.3683504220100426,0.3390064951942662,0.75
sub95,AB,40.0,EM,0,2.572612499992829,0.9449219195454994,2,0,1,-0.8886498672639602,0.07760068278481694,0.25
sub95,AB,39.0,BB,1,6.584725699969567,1.8847526790458724,2,0,0,0.2816120632958213,0.21314043975499952,0.25
sub95,AB,4.0,EM,0,5.584001999988686,1.7199057236241702,3,0,1,-0.010281208584778519,0.1793333559741887,0.5
sub95,AB,19.0,BB,0,10.733180200040806,2.3733398967035337,1,0,0,1.4916423216945445,0.3532861651410071,0.0
sub95,AB,34.0,BB,1,2.685671999992337,0.9879309759729371,4,0,0,-0.8556724256657732,0.08142013063917772,0.75
sub95,AB,20.0,EM,1,2.975818899984006,1.090519261619198,3,0,1,-0.7710417449232272,0.0912220575416267,0.5
sub95,AB,29.0,BB,1,2.9777172000030987,1.0911569666911227,5,0,0,-0.770488044632533,0.09128618711883948,1.0
sub95,AB,18.0,EM,1,5.839089599961881,1.7645748942704753,2,0,1,0.06412329904681632,0.18795088733065052,0.25
sub95,AB,14.0,BB,1,4.835653799993452,1.5760163420993125,2,0,0,-0.22856104407457434,0.154052181665095,0.25
sub95,AB,16.0,EM,0,10.980671799974516,2.396136618178257,1,0,1,1.5638312114640136,0.36164708359848513,0.0
sub95,AB,10.0,BB,1,3.306810599984601,1.1959841599024958,4,0,0,-0.6744973638114962,0.10240382942620074,0.75
sub95,AB,33.0,BB,1,2.7214519000262953,1.0011655246687956,5,0,0,-0.8452360663703229,0.08262886995267671,1.0
sub95,AB,23.0,EM,1,3.408620800008066,1.226307752004799,4,0,1,-0.644801142570573,0.10584324628222218,0.75
sub95,AB,2.0,BB,1,3.965168700029608,1.3775484014779449,5,0,0,-0.48246603698781476,0.12464490100911836,1.0
sub95,AB,22.0,EM,1,5.047013900009915,1.6187967614676506,5,0,1,-0.16691106902152517,0.1611924828384495,1.0
sub95,AB,37.0,BB,1,2.8333857000106946,1.0414723570140803,4,0,0,-0.8125869714082479,0.08641028869398303,0.75
sub95,AB,11.0,EM,1,2.832425700034946,1.0411334823438334,2,0,1,-0.8128669862954059,0.08637785736492555,0.25
sub95,AB,35.0,EM,1,5.279330700053833,1.66379932832983,4,0,1,-0.09914839798760652,0.1690407565656778,0.75
sub95,AB,12.0,EM,1,5.742061399971135,1.7478182747749533,5,0,1,0.03582190200732878,0.18467301903768307,1.0
sub95,AB,28.0,EM,1,2.341826699965168,0.8509312658386532,5,0,1,-0.9559659728732736,0.06980413027276428,1.0
sub95,AB,36.0,BB,1,4.933314200025052,1.5960110137211385,1,0,0,-0.20007524554803138,0.1573514073414719,0.0
sub95,AB,38.0,EM,1,8.637327900039963,2.1560932641531707,2,0,1,0.8803195507464654,0.28248275127193695,0.25
sub95,AB,8.0,BB,1,4.3523205000092275,1.4707091511456238,5,0,0,-0.3695407554014251,0.1377239090690382,1.0
sub95,AB,27.0,BB,1,2.9378446000046097,1.0776761832297894,3,0,0,-0.7821181715818274,0.08993918561509431,0.5
sub96,AB,40.0,EM,0,3.1186659000231884,1.137405314229676,3,0,1,-0.7293758203322919,0.09604780564597798,0.5
sub96,AB,9.0,EM,1,4.8541009000036865,1.5798238940689333,4,0,1,-0.22318035370139844,0.15467537331686754,0.75
sub96,AB,15.0,BB,1,6.561187600018457,1.8811716231590314,5,0,0,0.27474641895391794,0.21234526070897164,1.0
sub96,AB,4.0,EM,0,5.326686999993399,1.6727294689330834,5,0,1,-0.08533540911387157,0.17064057717513936,1.0
sub96,AB,37.0,BB,1,6.827954200038221,1.921025097241013,5,0,0,0.3525574827967348,0.22135733946453873,1.0
sub96,AB,8.0,BB,1,10.165855400031433,2.319034595043109,2,0,0,1.3261637864136204,0.3341204383322835,0.25
sub96,AB,14.0,BB,1,3.437523400003556,1.2347512702432821,4,0,0,-0.6363707691531142,0.1068196522767534,0.75
sub96,AB,1.0,EM,1,3.330451399961021,1.20310785034938,5,0,1,-0.6676017637021715,0.10320247794972774,1.0
sub96,AB,29.0,BB,1,2.2734439999912865,0.8212958623504846,5,0,0,-0.9759119879779293,0.0674939824595175,1.0
sub96,AB,5.0,EM,0,17.92681849998189,2.8862978318270662,1,0,1,3.58989843388167,0.5963062242238528,0.0
sub96,AB,16.0,EM,0,9.64531590003753,2.266472398546842,1,0,1,1.1743316895029405,0.31653524225083624,0.0
sub96,AB,25.0,BB,1,3.525413599971216,1.2599977627063834,5,0,0,-0.6107347638948291,0.10978881484767648,1.0
sub96,AB,22.0,EM,1,5.481321100029163,1.7013461485532761,3,0,1,-0.04023139748247566,0.17586452457978186,0.5
sub96,AB,19.0,BB,1,4.689329000015277,1.545289501863432,2,0,0,-0.2712413809385055,0.14910894431379912,0.25
sub96,AB,34.0,BB,0,4.7607414000085555,1.5604034124188932,3,0,0,-0.2504116563229275,0.15152144337783413,0.5
sub96,AB,24.0,BB,1,8.280536699981894,2.113907785134911,2,0,0,0.7762499151765822,0.27042940428630086,0.25
sub96,AB,38.0,EM,0,7.993425699998625,2.0786194163272085,3,0,1,0.6925047523712758,0.26073003808660733,0.5
sub96,AB,28.0,EM,1,3.1550404999870807,1.1490013326737276,5,0,1,-0.7187659976639457,0.0972766354903159,1.0
sub96,AB,33.0,BB,1,4.204623900004663,1.4361848482844246,5,0,0,-0.41262122188962397,0.13273432869776225,1.0
sub96,AB,17.0,BB,1,12.255000600009225,2.5059340659404357,1,0,0,1.9355302157954952,0.40469726868743283,0.0
sub96,AB,2.0,BB,1,4.744848300004378,1.5570594610564885,5,0,0,-0.2550473904028075,0.15098453257679256,1.0
sub96,AB,27.0,BB,1,4.18413840001449,1.4313008046128883,5,0,0,-0.4185964772157002,0.1320422745228958,1.0
sub96,AB,13.0,BB,1,4.338428699993528,1.4675122318634024,5,0,0,-0.3735927459348469,0.1372546074556098,1.0
sub96,AB,39.0,BB,0,3.7163717999937944,1.3127478697661858,5,0,0,-0.5550356595385664,0.11623988607434922,1.0
sub96,AB,12.0,EM,1,3.954830000002403,1.3749376167312974,3,0,1,-0.48548165156553547,0.12429563247674418,0.5
sub96,AB,23.0,EM,1,3.649032499990426,1.2944620639617634,3,0,1,-0.5746773334636548,0.1139649870617661,0.5
sub96,AB,10.0,BB,0,25.339974300004542,3.2323831606858704,2,0,0,5.7521838893681325,0.8467421629513531,0.25
sub96,AB,18.0,EM,1,11.050169499998447,2.40244576721249,1,0,1,1.5841024522156306,0.3639948990517691,0.0
sub96,AB,35.0,EM,1,4.576977199991234,1.5210387802282987,2,0,1,-0.3040123990640076,0.145313404429603,0.25
sub96,AB,11.0,EM,1,2.27035349997459,0.8199355462301952,5,0,1,-0.9768134317646987,0.06738957722459495,1.0
sub96,AB,32.0,EM,1,3.1959863000083715,1.1618957412891997,5,0,1,-0.7068228373908236,0.09865989251902278,1.0
sub96,AB,21.0,BB,1,6.505417299980763,1.87263526055729,3,0,0,0.25847921617649194,0.21046119300287924,0.5
sub96,AB,30.0,EM,1,6.571045199991204,1.882672906600215,4,0,1,0.27762170521823876,0.21267827641366888,0.75
sub96,AB,7.0,EM,0,2.435882300022058,0.8903090317764344,5,0,1,-0.9285316302671942,0.07298157630630828,1.0
sub96,AB,20.0,EM,1,3.416137400025036,1.2285104976071854,2,0,1,-0.6426086842802247,0.1060971768392035,0.25
sub96,AB,36.0,BB,1,7.430134000023827,2.0055438935635164,2,0,0,0.52820260050661,0.24170056002543305,0.25
sub96,AB,26.0,EM,1,4.470447600004263,1.497488537841522,5,0,1,-0.3350851851816167,0.1417145538058348,1.0
sub96,AB,3.0,BB,1,3.0085831999895163,1.1014692702699564,5,0,0,-0.7614849824225801,0.09232892193918926,1.0
sub96,AB,6.0,BB,1,2.9040143999736756,1.0660940556188765,5,0,0,-0.7919858381271417,0.08879631230571909,1.0
sub96,AB,31.0,EM,1,4.360845699964557,1.4726660064333847,3,0,1,-0.367054106480804,0.1380119127898889,0.5
sub97,AB,4.0,EM,0,10.236092399980407,2.3259199452185433,4,0,1,1.346650667780151,0.33649322928530395,0.75
sub97,AB,8.0,BB,1,4.367151400016155,1.4741109430153918,4,0,0,-0.3652148461339232,0.13822493595496943,0.75
sub97,AB,15.0,BB,1,6.149146799987648,1.8163133404849672,4,0,0,0.1545614595374571,0.19842543663763207,0.75
sub97,AB,39.0,BB,0,7.129621800035238,1.9642581895460312,3,0,0,0.4405485464491493,0.23154846597353435,0.5
sub97,AB,2.0,BB,1,5.763412499974947,1.7515297471921372,4,0,0,0.0420496374336825,0.18539431546211588,0.75
sub97,AB,37.0,BB,1,4.65420680004172,1.5377714987965776,4,0,0,-0.28148590084557096,0.14792242384156973,0.75
sub97,AB,5.0,EM,1,9.045314800052438,2.2022469220064016,2,0,1,0.9993220597620304,0.2962656239174619,0.25
sub97,AB,6.0,BB,1,3.7176179999951273,1.3130831406090402,4,0,0,-0.554672165203603,0.11628198599449051,0.75
sub97,AB,31.0,EM,1,5.270742099964991,1.662171168572274,4,0,1,-0.10165353959747751,0.1687506110212394,0.75
sub97,AB,30.0,EM,1,6.91063130000839,1.933060993955013,2,0,1,0.37667291967541894,0.22415038977952517,0.25
sub97,AB,33.0,BB,1,9.805528199998662,2.282946328671459,4,0,0,1.2210627626573627,0.3219476359491226,0.75
sub97,AB,25.0,BB,1,6.104888800007757,1.8090898928198367,4,0,0,0.1416521895548748,0.19693028476572189,0.75
sub97,AB,27.0,BB,1,4.981940899975598,1.6058195540589875,4,0,0,-0.18589170362772683,0.15899414541117474,0.75
sub97,AB,10.0,BB,1,4.2712667000014335,1.451910434302509,4,0,0,-0.3931827046058687,0.13498569810464417,0.75
sub97,AB,38.0,EM,1,4.291934900043998,1.456737656909711,4,0,1,-0.3871541589299522,0.1356839243687477,0.75
sub97,AB,32.0,EM,1,3.448724299960304,1.238004394534729,4,0,1,-0.6331036662190628,0.10719804819489294,0.75
sub97,AB,22.0,EM,1,3.582509499974549,1.2760635324890532,4,0,1,-0.5940809072276404,0.11171766481394624,0.75
sub97,AB,23.0,EM,1,7.239425299980212,1.9795418247912169,2,0,1,0.4725762708484935,0.2352579175655541,0.25
sub97,AB,18.0,EM,1,2.994247699971311,1.0966930146966698,4,0,1,-0.7656663923406608,0.09184463097039883,0.75
sub97,AB,11.0,EM,1,2.4649002999649383,0.902151360414993,4,0,1,-0.9200675967413368,0.07396188081517446,0.75
sub97,AB,26.0,EM,1,6.7334617000306025,1.9070893799183073,4,0,1,0.3249957042599337,0.2181651337993018,0.75
sub97,AB,3.0,BB,1,2.639718000020366,0.9706720932786536,4,0,0,-0.8690763886258549,0.07986768341808614,0.75
sub97,AB,19.0,BB,0,9.168769199983217,2.2158030569746616,2,0,0,1.0353315084485555,0.30043623888505916,0.25
sub97,AB,14.0,BB,1,3.759502300003078,1.324286581620058,4,0,0,-0.5424552612070423,0.1176969480259648,0.75
sub97,AB,7.0,EM,0,11.460034999996424,2.438865765382839,4,0,1,1.7036529153731168,0.3778412357554569,0.75
sub97,AB,29.0,BB,1,4.823857800045516,1.5735739813879064,2,0,0,-0.2320017270722609,0.15365368170099314,0.25
sub97,AB,9.0,EM,1,5.253487200010568,1.658892084674812,4,0,1,-0.10668648645760011,0.16816769502914303,0.75
sub97,AB,16.0,EM,0,3.969012500019744,1.3785173232088548,1,0,1,-0.4813448690214751,0.1247747547023063,0.0
sub97,AB,24.0,BB,1,11.420894999988377,2.435444572434437,4,0,0,1.6922364747871952,0.37651898341000106,0.75
sub97,AB,35.0,EM,1,5.201771399995778,1.6489992214233762,4,0,1,-0.12177106382348868,0.1664205990186008,0.75
sub97,AB,36.0,BB,1,6.9466060000122525,1.9382531949753115,2,0,0,0.38716609865104534,0.22536570994936161,0.25
sub97,AB,13.0,BB,0,6.664166300033685,1.8967448595402185,3,0,0,0.3047834708215114,0.2158241525740492,0.5
sub97,AB,40.0,EM,1,5.261993699998129,1.6605099853536307,4,0,1,-0.10420529198437141,0.1684550670158027,0.75
sub97,AB,12.0,EM,1,2.9355166999739595,1.0768834854767815,4,0,1,-0.7827971785410615,0.08986054301737124,0.75
sub97,AB,17.0,BB,1,3.2818936000112444,1.188420572889259,4,0,0,-0.6817652087199468,0.10156206750362229,0.75
sub97,AB,34.0,BB,1,6.309924100001808,1.8421236479549161,4,0,0,0.20145733313988973,0.2038569175266478,0.75
sub97,AB,20.0,EM,1,4.104495500039775,1.4120828364576172,4,0,1,-0.4418268920206289,0.12935172747974755,0.75
sub97,AB,28.0,EM,1,3.5379735000315122,1.263554105611044,4,0,1,-0.6070712648459275,0.11021312137067095,0.75
sub97,AB,1.0,EM,1,12.009223199973349,2.485674954564063,4,0,1,1.8638413275917385,0.39639426041991455,0.75
sub97,AB,21.0,BB,1,2.9500919000129215,1.081836322413251,4,0,0,-0.778545852398023,0.09035293168454149,0.75
sub98,AB,34.0,BB,1,7.368677000049502,1.9972381785605964,3,0,0,0.51027668868618,0.23962438060938746,0.5
sub98,AB,12.0,EM,1,4.910330199985765,1.5913411900514811,5,0,1,-0.20677926881888972,0.15657494725067844,1.0
sub98,AB,10.0,BB,1,7.315055899962317,1.98993467626959,2,0,0,0.49463636923877974,0.23781291854138475,0.25
sub98,AB,19.0,BB,1,2.8021265999996103,1.0303786289068477,5,0,0,-0.8217046938909397,0.08535427391886813,1.0
sub98,AB,13.0,BB,1,2.898614599951543,1.0642328986912488,5,0,0,-0.7935608635772149,0.08861389283094163,1.0
sub98,AB,21.0,BB,1,3.2057862000074238,1.1649573645049587,5,0,0,-0.7039643811807021,0.09899095896655256,1.0
sub98,AB,31.0,EM,1,3.1222959000151604,1.1385685965946797,5,0,1,-0.7283170140158196,0.09617043661180329,1.0
sub98,AB,25.0,BB,0,2.4481136999675073,0.8953178096366528,5,0,0,-0.9249639488484115,0.0733947852297307,1.0
sub98,AB,20.0,EM,1,2.3562123000156134,0.857055372092809,5,0,1,-0.9517699496684964,0.0702901137526718,1.0
sub98,AB,30.0,EM,1,2.601486500003375,0.9560830124221966,5,0,1,-0.8802278359525004,0.07857612259648755,1.0
sub98,AB,9.0,EM,0,3.7603411999880336,1.3245096979624225,3,0,1,-0.5422105690293774,0.1177252882781999,0.5
sub98,AB,4.0,EM,0,3.1941826000111178,1.1613312178553514,5,0,1,-0.7073489445407787,0.09859895877984605,1.0
sub98,AB,8.0,BB,1,3.40194159996463,1.2243463274432071,5,0,0,-0.6467493462098601,0.10561760530313719,1.0
sub98,AB,7.0,EM,0,4.0893261000164784,1.4083801887568856,4,0,1,-0.4462515357113402,0.12883926517121824,0.75
sub98,AB,3.0,BB,1,2.7752159999799915,1.0207285819998186,5,0,0,-0.8295540364099054,0.08444516293301606,1.0
sub98,AB,39.0,BB,1,4.412844599981327,1.4845195155231055,4,0,0,-0.3518869538887578,0.13976857266454812,0.75
sub98,AB,27.0,BB,1,3.8752009000163525,1.3545975066269065,3,0,0,-0.508708041159666,0.12160555163357999,0.5
sub98,AB,22.0,EM,1,3.433475299971178,1.2335729552187815,5,0,1,-0.6375515278014537,0.10668289678974903,1.0
sub98,AB,6.0,BB,0,4.422052200010512,1.486603886981255,2,0,0,-0.34920126102594445,0.14007962965821463,0.25
sub98,AB,28.0,EM,1,2.2311249999911524,0.8025059425635693,5,0,1,-0.9882556862165043,0.06606433511674746,1.0
sub98,AB,33.0,BB,1,3.6008493999834172,1.2811697620713907,5,0,0,-0.588731485184719,0.1123372349671697,1.0
sub98,AB,40.0,EM,1,2.9301476000109687,1.0750527971905413,4,0,1,-0.7843632493309122,0.0896791606714951,0.75
sub98,AB,38.0,EM,0,2.4740624999976717,0.9058615363826747,5,0,1,-0.9173951462485281,0.07427140407731872,1.0
sub98,AB,35.0,EM,1,5.131072199961636,1.6353146431844752,5,0,1,-0.14239276071914614,0.1640321937286729,1.0
sub98,AB,14.0,BB,1,4.477561299980152,1.499078545530181,4,0,0,-0.3330102456541738,0.14195487333767065,0.75
sub98,AB,32.0,EM,1,2.8120818000170402,1.0339250631473151,3,0,1,-0.8188009394326722,0.08569058681027902,0.5
sub98,AB,17.0,BB,1,3.1158954999991693,1.1365165908605055,3,0,0,-0.7301838966549017,0.09595421423236385,0.5
sub98,AB,37.0,BB,0,3.746854599972721,1.3209167146745258,2,0,0,-0.5461443699427461,0.11726967538860346,0.25
sub98,AB,18.0,EM,1,3.077933499997016,1.1242584302440564,5,0,1,-0.7412567356293074,0.09467175783147672,1.0
sub98,AB,11.0,EM,1,3.0456833000062034,1.11372527664665,4,0,1,-0.7506635443161626,0.09358226108721239,0.75
sub98,AB,15.0,BB,0,3.5440867000143044,1.2652804963302533,5,0,0,-0.6052881533390534,0.11041964137613405,1.0
sub98,AB,1.0,EM,1,4.411426400009077,1.4841980838752193,5,0,1,-0.35230061755045466,0.13972066213211976,1.0
sub98,AB,23.0,EM,1,2.3750352000351995,0.865012258444226,5,0,1,-0.9462796451287884,0.07092600091910159,1.0
sub98,AB,2.0,BB,0,2.589273699966725,0.9513774116618092,5,0,0,-0.8837900921093093,0.07816354202700049,1.0
sub98,AB,26.0,EM,1,1.719496399979107,0.5420314572439718,5,0,1,-1.1374886323814246,0.04878017271947775,1.0
sub98,AB,16.0,EM,1,1.8453177000046708,0.6126514577930946,5,0,1,-1.1007888011118803,0.05303074780974096,1.0
sub98,AB,24.0,BB,1,2.4461238000076264,0.8945046492334073,5,0,0,-0.9255443672096593,0.07332756116512584,1.0
sub98,AB,29.0,BB,1,2.5551146999932826,0.9380971150133126,5,0,0,-0.8937536637391287,0.07700956098908468,1.0
sub98,AB,5.0,EM,1,2.424818500003312,0.8857566762289337,5,0,1,-0.9317587435922471,0.07260781198537229,1.0
sub98,AB,36.0,BB,0,3.0134344999678433,1.103080458170593,5,0,0,-0.7600699446618324,0.09249281163703121,1.0
sub99,AB,22.0,EM,1,9.90602029999718,2.2931426834267343,5,0,1,1.2503745176075858,0.32534252391272783,1.0
sub99,AB,31.0,EM,1,8.295804399996996,2.115749893021135,5,0,1,0.7807032312233437,0.27094518742760215,1.0
sub99,AB,5.0,EM,1,15.086176600016188,2.7137788675816803,3,0,1,2.76133380766371,0.5003418549326519,0.5
sub99,AB,3.0,BB,1,8.532795100007206,2.1439169866102397,5,0,0,0.8498291955955032,0.27895135781276564,1.0
sub99,AB,21.0,BB,1,8.779877500026487,2.1724624553887004,5,0,0,0.9218987290412654,0.2872984524187745,1.0
sub99,AB,17.0,BB,0,16.26475460000802,2.789000472200553,2,0,0,3.105104009759135,0.5401573256651883,0.25
sub99,AB,32.0,EM,1,5.452842200000305,1.6961369773261061,5,0,1,-0.04853818516936943,0.17490243228669505,1.0
sub99,AB,1.0,EM,1,7.562024799990468,2.023138985017776,5,0,1,0.5666727967595299,0.24615617881858803,1.0
sub99,AB,13.0,BB,0,10.071920399961527,2.3097513936093,4,0,0,1.298764620674833,0.3309470664841156,0.75
sub99,AB,29.0,BB,1,5.100293399998918,1.6292980674870796,5,0,0,-0.1513703882359601,0.16299240475492088,1.0
sub99,AB,34.0,BB,1,6.209314099978656,1.8260504389561334,5,0,0,0.17211118885328364,0.20045804658950994,1.0
sub99,AB,16.0,EM,1,8.503334200009704,2.140458345407562,4,0,1,0.8412359760155308,0.277956090972885,0.75
sub99,AB,26.0,EM,1,2.987212600011844,1.0943407117971766,5,0,1,-0.7677184056438483,0.09160696675425144,1.0
sub99,AB,27.0,BB,1,7.650846900010947,2.0348163475947842,4,0,0,0.5925806206581534,0.24915682342912066,0.75
sub99,AB,6.0,BB,1,6.486097300017718,1.8696610093171182,5,0,0,0.2528439164408566,0.20980851249035776,1.0
sub99,AB,9.0,EM,1,9.06721639999887,2.2046653151485915,5,0,1,1.0057103662125582,0.2970055176806824,1.0
sub99,AB,30.0,EM,1,7.07037259999197,1.9559131800745373,5,0,1,0.4232666105289066,0.22954687185734912,1.0
sub99,AB,39.0,BB,1,12.150128099950962,2.4973397129368187,2,0,0,1.9049407762000408,0.40115439926619245,0.25
sub99,AB,35.0,EM,1,9.276879300014116,2.227525207916463,5,0,1,1.066865298266825,0.3040884829653845,1.0
sub99,AB,2.0,BB,1,9.50343530002283,2.2516533437698842,5,0,0,1.132947646579339,0.31174214168605463,1.0
sub99,AB,4.0,EM,0,23.158600600028876,3.142366227737139,4,0,1,5.1159160499111955,0.7730496108175887,0.75
sub99,AB,37.0,BB,1,8.024160299974028,2.082457028024147,4,0,0,0.701469487539368,0.26176833386830817,0.75
sub99,AB,8.0,BB,1,10.693695900030434,2.3696543996186086,3,0,0,1.480125454932857,0.3519522814341429,0.5
sub99,AB,40.0,EM,0,9.107650100020692,2.2091147306893615,3,0,1,1.0175041560406934,0.29837147462187613,0.5
sub99,AB,15.0,BB,1,6.444842200027779,1.863280151999522,5,0,0,0.2408105388781439,0.20841480649361538,1.0
sub99,AB,23.0,EM,1,7.893819599994458,2.0660801241792295,4,0,1,0.6634514278322069,0.2573650815376768,0.75
sub99,AB,12.0,EM,1,10.403858500008937,2.3421767469565213,4,0,1,1.395585049816782,0.342160810256308,0.75
sub99,AB,19.0,BB,1,8.614686799992342,2.1534685141237095,5,0,0,0.8737155452932093,0.28171787524650227,1.0
sub99,AB,10.0,BB,0,7.91400310001336,2.068633734675736,3,0,0,0.6693385951478527,0.2580469333576567,0.5
sub99,AB,25.0,BB,1,8.78865709999809,2.1734619241437607,4,0,0,0.9244595819136049,0.28759505044259237,0.75
sub99,AB,20.0,EM,1,9.031696299964096,2.200740201388774,3,0,1,0.9953497859476216,0.2958055550958038,0.5
sub99,AB,33.0,BB,1,7.161030399962328,1.9686538812276797,5,0,0,0.44970987539347457,0.23260953124978728,1.0
sub99,AB,14.0,BB,1,7.420221199980006,2.004208868053001,3,0,0,0.52531121336514,0.24136567951686683,0.5
sub99,AB,28.0,EM,1,9.554932900005952,2.257057555166893,5,0,1,1.1479685788839893,0.31348186632450714,1.0
sub99,AB,11.0,EM,1,4.022154000005685,1.3918175800271075,5,0,1,-0.46584444037784906,0.12657001461500444,1.0
sub99,AB,18.0,EM,1,5.5326116000069305,1.7106599644534815,3,0,1,-0.02527087255917424,0.1775972528342853,0.5
sub99,AB,38.0,EM,1,7.361023099976592,1.996198931229041,2,0,1,0.5080441824159962,0.23936581169469123,0.25
sub99,AB,36.0,BB,0,8.485074499971233,2.138308678844607,2,0,0,0.8359099468749306,0.27733923018601164,0.25
sub99,AB,7.0,EM,0,12.225301200000104,2.5035076730942425,3,0,1,1.926867430011848,0.4036939446886434,0.5
sub99,AB,24.0,BB,1,7.4594823000370525,2.0094860150297267,4,0,0,0.5367629766775327,0.24269202294111142,0.75
